{	"credit":"MadebyJeqo",	"textures":{		"0":"jeqo/icons/alert",		"particle":"jeqo/icons/alert"	},	"elements":[		{			"from":[0,1,8],			"to":[16,17,9],			"faces":{				"north":{"uv":[0,0,16,16],"texture":"#0"},				"east":{"uv":[0,0,1,16],"texture":"#0"},				"south":{"uv":[0,0,16,16],"texture":"#0"},				"west":{"uv":[0,0,1,16],"texture":"#0"},				"up":{"uv":[0,0,16,1],"texture":"#0"},				"down":{"uv":[0,0,16,1],"texture":"#0"}			}		},		{			"from":[-1,17,8],			"to":[17,18,9],			"faces":{				"north":{"uv":[0,0,1,1],"texture":"#0"},				"east":{"uv":[0,0,1,1],"texture":"#0"},				"south":{"uv":[0,0,1,1],"texture":"#0"},				"west":{"uv":[0,0,1,1],"texture":"#0"},				"up":{"uv":[0,0,1,1],"texture":"#0"},				"down":{"uv":[0,0,1,1],"texture":"#0"}			}		},		{			"from":[-1,0,8],			"to":[17,1,9],			"faces":{				"north":{"uv":[0,0,1,1],"texture":"#0"},				"east":{"uv":[0,0,1,1],"texture":"#0"},				"south":{"uv":[0,0,1,1],"texture":"#0"},				"west":{"uv":[0,0,1,1],"texture":"#0"},				"up":{"uv":[0,0,1,1],"texture":"#0"},				"down":{"uv":[0,0,1,1],"texture":"#0"}			}		},		{			"from":[16,1,8],			"to":[17,17,9],			"faces":{				"north":{"uv":[0,0,1,1],"texture":"#0"},				"east":{"uv":[0,0,1,1],"texture":"#0"},				"south":{"uv":[0,0,1,1],"texture":"#0"},				"west":{"uv":[0,0,1,1],"texture":"#0"},				"up":{"uv":[0,0,1,1],"texture":"#0"},				"down":{"uv":[0,0,1,1],"texture":"#0"}			}		},		{			"from":[-1,1,8],			"to":[0,17,9],			"faces":{				"north":{"uv":[0,0,1,1],"texture":"#0"},				"east":{"uv":[0,0,1,1],"texture":"#0"},				"south":{"uv":[0,0,1,1],"texture":"#0"},				"west":{"uv":[0,0,1,1],"texture":"#0"},				"up":{"uv":[0,0,1,1],"texture":"#0"},				"down":{"uv":[0,0,1,1],"texture":"#0"}			}		}	],	"gui_light":"front",	"display":{		"gui":{			"translation":[0,-0.9574,0]		},		"fixed":{			"translation":[0,0,-0.25]		}	}}