{
	"credit": "Made by Elo106",
	"texture_size": [64, 64],
	"textures": {
		"6": "voxelspawns/vs_clockworkset/vs_clockwork_sword",
		"9": "voxelspawns/vs_clockworkset/vs_clockwork_tool",
		"particle": "voxelspawns/vs_clockworkset/vs_clockwork_tool"
	},
	"elements": [
		{
			"from": [-10, 0, 7.5],
			"to": [0, 2, 9.5],
			"rotation": {"angle": 0, "axis": "y", "origin": [-5.75, 0.75, 8.25]},
			"faces": {
				"north": {"uv": [5.5, 0, 10.5, 1], "texture": "#9"},
				"east": {"uv": [5.5, 8, 6.5, 9], "texture": "#9"},
				"south": {"uv": [0, 1, 5, 2], "texture": "#9"},
				"west": {"uv": [8, 5.5, 9, 6.5], "texture": "#9"},
				"up": {"uv": [10.5, 3, 5.5, 2], "texture": "#9"},
				"down": {"uv": [10.5, 3, 5.5, 4], "texture": "#9"}
			}
		},
		{
			"from": [-11.002, -0.002, 7.498],
			"to": [-8.998, 2.002, 9.502],
			"rotation": {"angle": 45, "axis": "y", "origin": [-10, 1, 8.5]},
			"faces": {
				"north": {"uv": [6.5, 8, 7.5, 9], "texture": "#9"},
				"east": {"uv": [8, 6.5, 9, 7.5], "texture": "#9"},
				"south": {"uv": [7.5, 8, 8.5, 9], "texture": "#9"},
				"west": {"uv": [4, 8.5, 5, 9.5], "texture": "#9"},
				"up": {"uv": [9.5, 8.5, 8.5, 7.5], "texture": "#9"},
				"down": {"uv": [9.5, 8.5, 8.5, 9.5], "texture": "#9"}
			}
		},
		{
			"from": [-9, -0.5, 7],
			"to": [-8, 2.5, 10],
			"rotation": {"angle": 45, "axis": "x", "origin": [-9.5, 1, 8.5]},
			"faces": {
				"north": {"uv": [4, 9.5, 4.5, 11], "texture": "#9"},
				"east": {"uv": [4, 7, 5.5, 8.5], "texture": "#9"},
				"south": {"uv": [9.5, 4, 10, 5.5], "texture": "#9"},
				"west": {"uv": [8, 4, 9.5, 5.5], "texture": "#9"},
				"up": {"uv": [5, 11, 4.5, 9.5], "texture": "#9"},
				"down": {"uv": [10, 5.5, 9.5, 7], "texture": "#9"}
			}
		},
		{
			"from": [-14.59375, 0.999, 5.90625],
			"to": [-8.59375, 0.999, 11.90625],
			"rotation": {"angle": 45, "axis": "y", "origin": [-12, 0.999, 8.5]},
			"faces": {
				"north": {"uv": [0, 0, 3, 0], "texture": "#9"},
				"east": {"uv": [0, 0, 3, 0], "texture": "#9"},
				"south": {"uv": [0, 0, 3, 0], "texture": "#9"},
				"west": {"uv": [0, 0, 3, 0], "texture": "#9"},
				"up": {"uv": [3, 7, 0, 4], "texture": "#9"},
				"down": {"uv": [6, 4, 3, 7], "texture": "#9"}
			}
		},
		{
			"from": [1, 0, 7],
			"to": [4, 2, 8],
			"rotation": {"angle": 0, "axis": "y", "origin": [-2.25, 0.75, 8.25]},
			"faces": {
				"north": {"uv": [8, 5, 9.5, 6], "texture": "#6"},
				"east": {"uv": [5, 8.5, 5.5, 9.5], "texture": "#6"},
				"south": {"uv": [6, 8, 7.5, 9], "texture": "#6"},
				"west": {"uv": [5.5, 8.5, 6, 9.5], "texture": "#6"},
				"up": {"uv": [3.5, 9, 2, 8.5], "texture": "#6"},
				"down": {"uv": [5, 8.5, 3.5, 9], "texture": "#6"}
			}
		},
		{
			"from": [1, 0, 9],
			"to": [4, 2, 10],
			"rotation": {"angle": 0, "axis": "y", "origin": [-2.25, 0.75, 8.75]},
			"faces": {
				"north": {"uv": [8, 6, 9.5, 7], "texture": "#6"},
				"east": {"uv": [6, 9, 6.5, 10], "texture": "#6"},
				"south": {"uv": [8, 7, 9.5, 8], "texture": "#6"},
				"west": {"uv": [6.5, 9, 7, 10], "texture": "#6"},
				"up": {"uv": [10, 8.5, 8.5, 8], "texture": "#6"},
				"down": {"uv": [10, 8.5, 8.5, 9], "texture": "#6"}
			}
		},
		{
			"from": [2.5, -0.5, 7],
			"to": [5.5, 2.5, 10],
			"rotation": {"angle": -45, "axis": "y", "origin": [4, 0.5, 8.5]},
			"faces": {
				"north": {"uv": [6.5, 4, 8, 5.5], "texture": "#6"},
				"east": {"uv": [6.5, 5.5, 8, 7], "texture": "#6"},
				"south": {"uv": [0, 7, 1.5, 8.5], "texture": "#6"},
				"west": {"uv": [1.5, 7, 3, 8.5], "texture": "#6"},
				"up": {"uv": [4.5, 8.5, 3, 7], "texture": "#6"},
				"down": {"uv": [6, 7, 4.5, 8.5], "texture": "#6"}
			}
		},
		{
			"from": [-0.5, 0.999, 5],
			"to": [12.5, 0.999, 12],
			"rotation": {"angle": 0, "axis": "y", "origin": [4.5, 1.999, 10.5]},
			"faces": {
				"north": {"uv": [0, 0, 6.5, 0], "texture": "#6"},
				"east": {"uv": [0, 0, 3.5, 0], "texture": "#6"},
				"south": {"uv": [0, 0, 6.5, 0], "texture": "#6"},
				"west": {"uv": [0, 0, 3.5, 0], "texture": "#6"},
				"up": {"uv": [6.5, 3.5, 0, 0], "texture": "#6"},
				"down": {"uv": [6.5, 3.5, 0, 7], "texture": "#6"}
			}
		},
		{
			"from": [-0.001, -0.001, 6.501],
			"to": [0.999, 1.999, 10.501],
			"rotation": {"angle": 0, "axis": "y", "origin": [6.249, 0.249, 21.751]},
			"faces": {
				"north": {"uv": [7, 9, 7.5, 10], "texture": "#6"},
				"east": {"uv": [6, 7, 8, 8], "texture": "#6"},
				"south": {"uv": [8.5, 9, 9, 10], "texture": "#6"},
				"west": {"uv": [8, 4, 10, 5], "texture": "#6"},
				"up": {"uv": [8, 10, 7.5, 8], "texture": "#6"},
				"down": {"uv": [8.5, 8, 8, 10], "texture": "#6"}
			}
		},
		{
			"from": [0.20552, -0.002, 5.999],
			"to": [1.20752, 2, 7.001],
			"rotation": {"angle": -45, "axis": "y", "origin": [0.70652, 0.999, 6.5]},
			"faces": {
				"north": {"uv": [9, 9, 9.5, 10], "texture": "#6"},
				"east": {"uv": [0, 9.5, 0.5, 10.5], "texture": "#6"},
				"south": {"uv": [0.5, 9.5, 1, 10.5], "texture": "#6"},
				"west": {"uv": [1, 9.5, 1.5, 10.5], "texture": "#6"},
				"up": {"uv": [10.5, 5.5, 10, 5], "texture": "#6"},
				"down": {"uv": [10.5, 5.5, 10, 6], "texture": "#6"}
			}
		},
		{
			"from": [0.93823, 0, 5.9463],
			"to": [1.93623, 1.998, 6.9443],
			"rotation": {"angle": 22.5, "axis": "y", "origin": [0.43723, 0.999, 6.4453]},
			"faces": {
				"north": {"uv": [1.5, 9.5, 2, 10.5], "texture": "#6"},
				"east": {"uv": [2, 9.5, 2.5, 10.5], "texture": "#6"},
				"south": {"uv": [2.5, 9.5, 3, 10.5], "texture": "#6"},
				"west": {"uv": [3, 9.5, 3.5, 10.5], "texture": "#6"},
				"up": {"uv": [6.5, 10.5, 6, 10], "texture": "#6"},
				"down": {"uv": [10.5, 6, 10, 6.5], "texture": "#6"}
			}
		},
		{
			"from": [0.93823, 0, 10.0577],
			"to": [1.93623, 1.998, 11.0557],
			"rotation": {"angle": -22.5, "axis": "y", "origin": [0.43723, 0.999, 10.5567]},
			"faces": {
				"north": {"uv": [3.5, 9.5, 4, 10.5], "texture": "#6"},
				"east": {"uv": [4, 9.5, 4.5, 10.5], "texture": "#6"},
				"south": {"uv": [4.5, 9.5, 5, 10.5], "texture": "#6"},
				"west": {"uv": [5, 9.5, 5.5, 10.5], "texture": "#6"},
				"up": {"uv": [7, 10.5, 6.5, 10], "texture": "#6"},
				"down": {"uv": [10.5, 6.5, 10, 7], "texture": "#6"}
			}
		},
		{
			"from": [0.20552, -0.002, 10.001],
			"to": [1.20752, 2, 11.003],
			"rotation": {"angle": 45, "axis": "y", "origin": [0.70652, 0.999, 10.502]},
			"faces": {
				"north": {"uv": [9.5, 5, 10, 6], "texture": "#6"},
				"east": {"uv": [5.5, 9.5, 6, 10.5], "texture": "#6"},
				"south": {"uv": [9.5, 6, 10, 7], "texture": "#6"},
				"west": {"uv": [9.5, 7, 10, 8], "texture": "#6"},
				"up": {"uv": [7.5, 10.5, 7, 10], "texture": "#6"},
				"down": {"uv": [10.5, 7, 10, 7.5], "texture": "#6"}
			}
		},
		{
			"from": [4.5, 0.5, 7],
			"to": [21.5, 1.5, 10],
			"rotation": {"angle": 0, "axis": "y", "origin": [17.5, 1.25, 8.25]},
			"faces": {
				"north": {"uv": [6.5, 3, 15, 3.5], "texture": "#6"},
				"east": {"uv": [2, 9, 3.5, 9.5], "texture": "#6"},
				"south": {"uv": [6.5, 3.5, 15, 4], "texture": "#6"},
				"west": {"uv": [3.5, 9, 5, 9.5], "texture": "#6"},
				"up": {"uv": [15, 1.5, 6.5, 0], "texture": "#6"},
				"down": {"uv": [15, 1.5, 6.5, 3], "texture": "#6"}
			}
		},
		{
			"from": [20.61704, 0.501, 7.36747],
			"to": [22.73223, 1.499, 9.49047],
			"rotation": {"angle": -45, "axis": "y", "origin": [21.50276, 1.25, 8.25709]},
			"faces": {
				"north": {"uv": [9.5, 9, 10.5, 9.5], "texture": "#6"},
				"east": {"uv": [9.5, 9.5, 10.5, 10], "texture": "#6"},
				"south": {"uv": [10, 4, 11, 4.5], "texture": "#6"},
				"west": {"uv": [10, 4.5, 11, 5], "texture": "#6"},
				"up": {"uv": [1, 9.5, 0, 8.5], "texture": "#6"},
				"down": {"uv": [2, 8.5, 1, 9.5], "texture": "#6"}
			}
		}
	],
	"gui_light": "front",
	"display": {
		"thirdperson_righthand": {
			"rotation": [-180, 0, -90],
			"translation": [7, 10, 0.75]
		},
		"thirdperson_lefthand": {
			"rotation": [0, 0, -90],
			"translation": [7, 10, -0.5]
		},
		"firstperson_righthand": {
			"rotation": [0, 0, 66],
			"translation": [0.25, 5.5, 0],
			"scale": [0.5, 0.5, 0.5]
		},
		"firstperson_lefthand": {
			"rotation": [0, 0, -110],
			"translation": [7, 3.5, 0],
			"scale": [0.5, 0.5, 0.5]
		},
		"ground": {
			"rotation": [0, -60, -90],
			"translation": [0, -3, 0],
			"scale": [0.5, 0.5, 0.5]
		},
		"gui": {
			"rotation": [90, 45, 0],
			"translation": [1.5, 2, 0],
			"scale": [0.58, 0.58, 0.58]
		},
		"fixed": {
			"rotation": [90, -45, -180],
			"translation": [-1.5, 2.25, -8.25]
		}
	},
	"groups": [
		{
			"name": "group",
			"origin": [8, 8, 8],
			"color": 0,
			"children": [0, 1, 2, 3]
		},
		{
			"name": "newsword",
			"origin": [23.49886, 0.75, 8.25276],
			"color": 0,
			"children": [4, 5, 6, 7, 8, 9, 10, 11, 12, 13, 14]
		}
	]
}