{
	"credit": "Made by Elo106",
	"texture_size": [64, 64],
	"textures": {
		"8": "voxelspawns/vs_clockworkset/vs_clockwork_crossbow",
		"particle": "voxelspawns/vs_clockworkset/vs_clockwork_tool"
	},
	"elements": [
		{
			"from": [9.5, 0, 15.5],
			"to": [11.5, 1, 16.5],
			"rotation": {"angle": 0, "axis": "y", "origin": [8, 0.5, 16]},
			"faces": {
				"north": {"uv": [1.5, 8.5, 2, 8.75], "texture": "#8"},
				"east": {"uv": [8.75, 4.75, 9, 5], "texture": "#8"},
				"south": {"uv": [4.5, 8.5, 5, 8.75], "texture": "#8"},
				"west": {"uv": [5, 8.75, 5.25, 9], "texture": "#8"},
				"up": {"uv": [9, 4.75, 8.5, 4.5], "texture": "#8"},
				"down": {"uv": [5.5, 8.5, 5, 8.75], "texture": "#8"}
			}
		},
		{
			"from": [9.87968, 0.001, 13.17257],
			"to": [10.87768, 0.999, 14.17057],
			"rotation": {"angle": -45, "axis": "y", "origin": [7.37868, 0.5, 13.67157]},
			"faces": {
				"north": {"uv": [8.75, 5, 9, 5.25], "texture": "#8"},
				"east": {"uv": [5.25, 8.75, 5.5, 9], "texture": "#8"},
				"south": {"uv": [8.75, 5.25, 9, 5.5], "texture": "#8"},
				"west": {"uv": [5.5, 8.75, 5.75, 9], "texture": "#8"},
				"up": {"uv": [9, 5.75, 8.75, 5.5], "texture": "#8"},
				"down": {"uv": [6, 8.75, 5.75, 9], "texture": "#8"}
			}
		},
		{
			"from": [5.12232, 0.001, 13.17257],
			"to": [6.12032, 0.999, 14.17057],
			"rotation": {"angle": 45, "axis": "y", "origin": [8.62132, 0.5, 13.67157]},
			"faces": {
				"north": {"uv": [6, 8.75, 6.25, 9], "texture": "#8"},
				"east": {"uv": [6.25, 8.75, 6.5, 9], "texture": "#8"},
				"south": {"uv": [6.5, 8.75, 6.75, 9], "texture": "#8"},
				"west": {"uv": [8.75, 6.5, 9, 6.75], "texture": "#8"},
				"up": {"uv": [7, 9, 6.75, 8.75], "texture": "#8"},
				"down": {"uv": [9, 6.75, 8.75, 7], "texture": "#8"}
			}
		},
		{
			"from": [4.5, 0, 15.5],
			"to": [6.5, 1, 16.5],
			"rotation": {"angle": 0, "axis": "y", "origin": [8, 0.5, 16]},
			"faces": {
				"north": {"uv": [8.5, 5.75, 9, 6], "texture": "#8"},
				"east": {"uv": [8.75, 8.25, 9, 8.5], "texture": "#8"},
				"south": {"uv": [8.5, 6, 9, 6.25], "texture": "#8"},
				"west": {"uv": [8.75, 8.5, 9, 8.75], "texture": "#8"},
				"up": {"uv": [9, 6.5, 8.5, 6.25], "texture": "#8"},
				"down": {"uv": [7, 8.5, 6.5, 8.75], "texture": "#8"}
			}
		},
		{
			"from": [8.5, -1, 11.5],
			"to": [9.5, 1, 15.5],
			"rotation": {"angle": 0, "axis": "y", "origin": [8, 0.5, 16]},
			"faces": {
				"north": {"uv": [8.5, 6.5, 8.75, 7], "texture": "#8"},
				"east": {"uv": [7.25, 2.5, 8.25, 3], "texture": "#8"},
				"south": {"uv": [7, 8.5, 7.25, 9], "texture": "#8"},
				"west": {"uv": [8, 0.75, 9, 1.25], "texture": "#8"},
				"up": {"uv": [7.5, 9, 7.25, 8], "texture": "#8"},
				"down": {"uv": [8.25, 7.25, 8, 8.25], "texture": "#8"}
			}
		},
		{
			"from": [6.5, -1, -0.5],
			"to": [9.5, 1, 11.5],
			"rotation": {"angle": 0, "axis": "y", "origin": [8, 0.5, 16]},
			"faces": {
				"north": {"uv": [8, 4.75, 8.75, 5.25], "texture": "#8"},
				"east": {"uv": [5.75, 3, 8.75, 3.5], "texture": "#8"},
				"south": {"uv": [8, 5.25, 8.75, 5.75], "texture": "#8"},
				"west": {"uv": [6.25, 3.5, 9.25, 4], "texture": "#8"},
				"up": {"uv": [4.5, 3, 3.75, 0], "texture": "#8"},
				"down": {"uv": [4.5, 3, 3.75, 6], "texture": "#8"}
			}
		},
		{
			"from": [0.5, 1.002, 1.5],
			"to": [15.5, 1.002, 16.5],
			"rotation": {"angle": 0, "axis": "y", "origin": [8, 0.5, 16]},
			"faces": {
				"north": {"uv": [0, 0, 3.75, 0], "texture": "#8"},
				"east": {"uv": [0, 0, 3.75, 0], "texture": "#8"},
				"south": {"uv": [0, 0, 3.75, 0], "texture": "#8"},
				"west": {"uv": [0, 0, 3.75, 0], "texture": "#8"},
				"up": {"uv": [7.5, 13, 3.75, 9.25], "texture": "#8"},
				"down": {"uv": [7.5, 9.25, 3.75, 13], "texture": "#8"}
			}
		},
		{
			"from": [4.5, 0, 1.5],
			"to": [7.5, 3, 1.5],
			"rotation": {"angle": 0, "axis": "y", "origin": [8, 0.5, 16]},
			"faces": {
				"north": {"uv": [7.25, 6.5, 8, 7.25], "texture": "#8"},
				"east": {"uv": [0, 0, 0, 0.75], "texture": "#8"},
				"south": {"uv": [7.25, 7.25, 8, 8], "texture": "#8"},
				"west": {"uv": [0, 0, 0, 0.75], "texture": "#8"},
				"up": {"uv": [0.75, 0, 0, 0], "texture": "#8"},
				"down": {"uv": [0.75, 0, 0, 0], "texture": "#8"}
			}
		},
		{
			"from": [5.5, -4, 2.5],
			"to": [10.5, 0, 9.5],
			"rotation": {"angle": 0, "axis": "y", "origin": [8, 0.5, 16]},
			"faces": {
				"north": {"uv": [6.75, 4.75, 8, 5.75], "texture": "#8"},
				"east": {"uv": [4.5, 3.5, 6.25, 4.5], "texture": "#8"},
				"south": {"uv": [4.5, 7, 5.75, 8], "texture": "#8"},
				"west": {"uv": [4.5, 4.5, 6.25, 5.5], "texture": "#8"},
				"up": {"uv": [5.75, 1.75, 4.5, 0], "texture": "#8"},
				"down": {"uv": [5.75, 1.75, 4.5, 3.5], "texture": "#8"}
			}
		},
		{
			"from": [7, -3.5, 9.5],
			"to": [10, -0.5, 10.5],
			"rotation": {"angle": 45, "axis": "z", "origin": [8, -2.5, 10]},
			"faces": {
				"north": {"uv": [0, 7.5, 0.75, 8.25], "texture": "#8"},
				"east": {"uv": [8.25, 4, 8.5, 4.75], "texture": "#8"},
				"south": {"uv": [0.75, 7.5, 1.5, 8.25], "texture": "#8"},
				"west": {"uv": [8.25, 5.75, 8.5, 6.5], "texture": "#8"},
				"up": {"uv": [7.25, 3, 6.5, 2.75], "texture": "#8"},
				"down": {"uv": [9, 2.75, 8.25, 3], "texture": "#8"}
			}
		},
		{
			"from": [6.5, -2, -1.5],
			"to": [9.5, -1, 2.5],
			"rotation": {"angle": 0, "axis": "y", "origin": [8, 0.5, 16]},
			"faces": {
				"north": {"uv": [6.5, 8.25, 7.25, 8.5], "texture": "#8"},
				"east": {"uv": [0, 8.25, 1, 8.5], "texture": "#8"},
				"south": {"uv": [8.25, 7.25, 9, 7.5], "texture": "#8"},
				"west": {"uv": [1, 8.25, 2, 8.5], "texture": "#8"},
				"up": {"uv": [6.5, 8, 5.75, 7], "texture": "#8"},
				"down": {"uv": [8, 0.75, 7.25, 1.75], "texture": "#8"}
			}
		},
		{
			"from": [8, -5, -1.5],
			"to": [8, -2, 2.5],
			"rotation": {"angle": 0, "axis": "y", "origin": [8, 0.5, 16]},
			"faces": {
				"north": {"uv": [0, 0, 0, 0.75], "texture": "#8"},
				"east": {"uv": [7.25, 1.75, 8.25, 2.5], "texture": "#8"},
				"south": {"uv": [0, 0, 0, 0.75], "texture": "#8"},
				"west": {"uv": [7.25, 5.75, 8.25, 6.5], "texture": "#8"},
				"up": {"uv": [0, 1, 0, 0], "texture": "#8"},
				"down": {"uv": [0, 0, 0, 1], "texture": "#8"}
			}
		},
		{
			"from": [6.5, -4, -10.5],
			"to": [9.5, -1, -1.5],
			"rotation": {"angle": 0, "axis": "y", "origin": [8, -0.5, 17]},
			"faces": {
				"north": {"uv": [1.5, 7.5, 2.25, 8.25], "texture": "#8"},
				"east": {"uv": [4.5, 5.5, 6.75, 6.25], "texture": "#8"},
				"south": {"uv": [2.25, 7.5, 3, 8.25], "texture": "#8"},
				"west": {"uv": [5.75, 0, 8, 0.75], "texture": "#8"},
				"up": {"uv": [6.5, 3, 5.75, 0.75], "texture": "#8"},
				"down": {"uv": [4.5, 6, 3.75, 8.25], "texture": "#8"}
			}
		},
		{
			"from": [6.501, -5.16274, -10.26752],
			"to": [9.499, -2.16474, -2.76952],
			"rotation": {"angle": -22.5, "axis": "x", "origin": [8, -3.66374, -5.76852]},
			"faces": {
				"north": {"uv": [3, 7.5, 3.75, 8.25], "texture": "#8"},
				"east": {"uv": [6.25, 4, 8.25, 4.75], "texture": "#8"},
				"south": {"uv": [8, 0, 8.75, 0.75], "texture": "#8"},
				"west": {"uv": [4.5, 6.25, 6.5, 7], "texture": "#8"},
				"up": {"uv": [7.25, 2.75, 6.5, 0.75], "texture": "#8"},
				"down": {"uv": [7.25, 6.25, 6.5, 8.25], "texture": "#8"}
			}
		},
		{
			"from": [6.5, -1, 11.5],
			"to": [7.5, 1, 15.5],
			"rotation": {"angle": 0, "axis": "y", "origin": [8, 0.5, 16]},
			"faces": {
				"north": {"uv": [8, 8.5, 8.25, 9], "texture": "#8"},
				"east": {"uv": [8, 1.25, 9, 1.75], "texture": "#8"},
				"south": {"uv": [8.25, 8.5, 8.5, 9], "texture": "#8"},
				"west": {"uv": [4.5, 8, 5.5, 8.5], "texture": "#8"},
				"up": {"uv": [7.75, 9, 7.5, 8], "texture": "#8"},
				"down": {"uv": [8, 8, 7.75, 9], "texture": "#8"}
			}
		},
		{
			"from": [5.5, -0.5, 15],
			"to": [6.5, 1.5, 17],
			"rotation": {"angle": -45, "axis": "x", "origin": [6, 0.5, 16]},
			"faces": {
				"north": {"uv": [8.5, 8.5, 8.75, 9], "texture": "#8"},
				"east": {"uv": [6.75, 5.75, 7.25, 6.25], "texture": "#8"},
				"south": {"uv": [0, 8.75, 0.25, 9.25], "texture": "#8"},
				"west": {"uv": [8.25, 1.75, 8.75, 2.25], "texture": "#8"},
				"up": {"uv": [9, 0.5, 8.75, 0], "texture": "#8"},
				"down": {"uv": [0.5, 8.75, 0.25, 9.25], "texture": "#8"}
			}
		},
		{
			"from": [2.34041, 0.001, 13.28102],
			"to": [5.33841, 0.999, 14.27902],
			"rotation": {"angle": -22.5, "axis": "y", "origin": [-0.66059, 1, 13.28002]},
			"faces": {
				"north": {"uv": [8.25, 7.5, 9, 7.75], "texture": "#8"},
				"east": {"uv": [8.75, 8.75, 9, 9], "texture": "#8"},
				"south": {"uv": [8.25, 7.75, 9, 8], "texture": "#8"},
				"west": {"uv": [9, 0, 9.25, 0.25], "texture": "#8"},
				"up": {"uv": [8.75, 8.5, 8, 8.25], "texture": "#8"},
				"down": {"uv": [9, 8, 8.25, 8.25], "texture": "#8"}
			}
		},
		{
			"from": [-1.9311, 0, 15.52981],
			"to": [-0.9311, 1, 16.52981],
			"rotation": {"angle": -45, "axis": "y", "origin": [3.32044, 1, 15.52981]},
			"faces": {
				"north": {"uv": [9, 0.25, 9.25, 0.5], "texture": "#8"},
				"east": {"uv": [0.5, 9, 0.75, 9.25], "texture": "#8"},
				"south": {"uv": [0.75, 9, 1, 9.25], "texture": "#8"},
				"west": {"uv": [9, 0.75, 9.25, 1], "texture": "#8"},
				"up": {"uv": [1.25, 9.25, 1, 9], "texture": "#8"},
				"down": {"uv": [9.25, 1, 9, 1.25], "texture": "#8"}
			}
		},
		{
			"from": [-2.9311, 0.5, 14.52981],
			"to": [-0.9311, 0.5, 17.52981],
			"rotation": {"angle": -45, "axis": "y", "origin": [3.32044, 1, 15.52981]},
			"faces": {
				"north": {"uv": [0, 0, 0.5, 0], "texture": "#8"},
				"east": {"uv": [0, 0, 0.75, 0], "texture": "#8"},
				"south": {"uv": [0, 0, 0.5, 0], "texture": "#8"},
				"west": {"uv": [0, 0, 0.75, 0], "texture": "#8"},
				"up": {"uv": [6.75, 5.5, 6.25, 4.75], "texture": "#8"},
				"down": {"uv": [6, 8, 5.5, 8.75], "texture": "#8"}
			}
		},
		{
			"from": [0.0689, 0, 15.52981],
			"to": [2.0689, 1, 16.52981],
			"rotation": {"angle": -45, "axis": "y", "origin": [3.32044, 1, 15.52981]},
			"faces": {
				"north": {"uv": [8.5, 7, 9, 7.25], "texture": "#8"},
				"east": {"uv": [1.25, 9, 1.5, 9.25], "texture": "#8"},
				"south": {"uv": [0.5, 8.75, 1, 9], "texture": "#8"},
				"west": {"uv": [9, 1.25, 9.25, 1.5], "texture": "#8"},
				"up": {"uv": [9.25, 0.75, 8.75, 0.5], "texture": "#8"},
				"down": {"uv": [1.5, 8.75, 1, 9], "texture": "#8"}
			}
		},
		{
			"from": [-0.9311, -0.5, 15.02981],
			"to": [0.0689, 1.5, 17.02981],
			"rotation": {"angle": -45, "axis": "y", "origin": [3.32044, 1, 15.52981]},
			"faces": {
				"north": {"uv": [1.5, 8.75, 1.75, 9.25], "texture": "#8"},
				"east": {"uv": [2, 8.25, 2.5, 8.75], "texture": "#8"},
				"south": {"uv": [1.75, 8.75, 2, 9.25], "texture": "#8"},
				"west": {"uv": [8.25, 2.25, 8.75, 2.75], "texture": "#8"},
				"up": {"uv": [9, 2.25, 8.75, 1.75], "texture": "#8"},
				"down": {"uv": [2.25, 8.75, 2, 9.25], "texture": "#8"}
			}
		},
		{
			"from": [9.5, -0.5, 15],
			"to": [10.5, 1.5, 17],
			"rotation": {"angle": -45, "axis": "x", "origin": [10, 0.5, 16]},
			"faces": {
				"north": {"uv": [2.25, 8.75, 2.5, 9.25], "texture": "#8"},
				"east": {"uv": [2.5, 8.25, 3, 8.75], "texture": "#8"},
				"south": {"uv": [8.75, 2.25, 9, 2.75], "texture": "#8"},
				"west": {"uv": [3, 8.25, 3.5, 8.75], "texture": "#8"},
				"up": {"uv": [2.75, 9.25, 2.5, 8.75], "texture": "#8"},
				"down": {"uv": [3, 8.75, 2.75, 9.25], "texture": "#8"}
			}
		},
		{
			"from": [10.66159, 0.001, 13.28102],
			"to": [13.65959, 0.999, 14.27902],
			"rotation": {"angle": 22.5, "axis": "y", "origin": [16.66059, 1, 13.28002]},
			"faces": {
				"north": {"uv": [0, 8.5, 0.75, 8.75], "texture": "#8"},
				"east": {"uv": [9, 1.5, 9.25, 1.75], "texture": "#8"},
				"south": {"uv": [0.75, 8.5, 1.5, 8.75], "texture": "#8"},
				"west": {"uv": [9, 1.75, 9.25, 2], "texture": "#8"},
				"up": {"uv": [9.25, 4.25, 8.5, 4], "texture": "#8"},
				"down": {"uv": [9.25, 4.25, 8.5, 4.5], "texture": "#8"}
			}
		},
		{
			"from": [16.9311, 0, 15.52981],
			"to": [17.9311, 1, 16.52981],
			"rotation": {"angle": 45, "axis": "y", "origin": [12.67956, 1, 15.52981]},
			"faces": {
				"north": {"uv": [9, 2, 9.25, 2.25], "texture": "#8"},
				"east": {"uv": [9, 2.25, 9.25, 2.5], "texture": "#8"},
				"south": {"uv": [9, 2.5, 9.25, 2.75], "texture": "#8"},
				"west": {"uv": [9, 2.75, 9.25, 3], "texture": "#8"},
				"up": {"uv": [3.25, 9.25, 3, 9], "texture": "#8"},
				"down": {"uv": [3.5, 9, 3.25, 9.25], "texture": "#8"}
			}
		},
		{
			"from": [16.9311, 0.5, 14.52981],
			"to": [18.9311, 0.5, 17.52981],
			"rotation": {"angle": 45, "axis": "y", "origin": [12.67956, 1, 15.52981]},
			"faces": {
				"north": {"uv": [0, 0, 0.5, 0], "texture": "#8"},
				"east": {"uv": [0, 0, 0.75, 0], "texture": "#8"},
				"south": {"uv": [0, 0, 0.5, 0], "texture": "#8"},
				"west": {"uv": [0, 0, 0.75, 0], "texture": "#8"},
				"up": {"uv": [6.5, 8.75, 6, 8], "texture": "#8"},
				"down": {"uv": [8.5, 6.5, 8, 7.25], "texture": "#8"}
			}
		},
		{
			"from": [13.9311, 0, 15.52981],
			"to": [15.9311, 1, 16.52981],
			"rotation": {"angle": 45, "axis": "y", "origin": [12.67956, 1, 15.52981]},
			"faces": {
				"north": {"uv": [3, 8.75, 3.5, 9], "texture": "#8"},
				"east": {"uv": [3.5, 9, 3.75, 9.25], "texture": "#8"},
				"south": {"uv": [8.75, 3, 9.25, 3.25], "texture": "#8"},
				"west": {"uv": [3.75, 9, 4, 9.25], "texture": "#8"},
				"up": {"uv": [9.25, 3.5, 8.75, 3.25], "texture": "#8"},
				"down": {"uv": [4, 8.75, 3.5, 9], "texture": "#8"}
			}
		},
		{
			"from": [15.9311, -0.5, 15.02981],
			"to": [16.9311, 1.5, 17.02981],
			"rotation": {"angle": 45, "axis": "y", "origin": [12.67956, 1, 15.52981]},
			"faces": {
				"north": {"uv": [4, 8.75, 4.25, 9.25], "texture": "#8"},
				"east": {"uv": [3.5, 8.25, 4, 8.75], "texture": "#8"},
				"south": {"uv": [4.25, 8.75, 4.5, 9.25], "texture": "#8"},
				"west": {"uv": [4, 8.25, 4.5, 8.75], "texture": "#8"},
				"up": {"uv": [4.75, 9.25, 4.5, 8.75], "texture": "#8"},
				"down": {"uv": [5, 8.75, 4.75, 9.25], "texture": "#8"}
			}
		}
	],
	"gui_light": "front",
	"display": {
		"thirdperson_righthand": {
			"rotation": [-180, 0, -180],
			"translation": [0, 9.5, -8]
		},
		"thirdperson_lefthand": {
			"rotation": [-180, 0, -180],
			"translation": [0, 9.5, -8]
		},
		"firstperson_righthand": {
			"rotation": [-170, 0, -180],
			"translation": [5.5, 9, 0]
		},
		"firstperson_lefthand": {
			"rotation": [-170, 0, -180],
			"translation": [5.5, 9, 0]
		},
		"ground": {
			"rotation": [45, 0, 0],
			"translation": [0, 0, 3.5],
			"scale": [0.5, 0.5, 0.5]
		},
		"gui": {
			"rotation": [-90, 48, -180],
			"translation": [1.25, 0.75, 0],
			"scale": [0.61, 0.61, 0.61]
		},
		"fixed": {
			"rotation": [-90, 0, 0],
			"translation": [0, 4.75, -12.5]
		}
	},
	"groups": [
		{
			"name": "crossbow",
			"origin": [8, 8, 8],
			"color": 0,
			"children": [0, 1, 2, 3, 4, 5, 6, 7, 8, 9, 10, 11, 12, 13, 14, 15, 16, 17, 18, 19, 20, 21, 22, 23, 24, 25, 26]
		}
	]
}