{
	"credit": "Made by Elo106",
	"texture_size": [64, 64],
	"textures": {
		"7": "voxelspawns/vs_clockworkset/vs_clockwork_shield",
		"9": "voxelspawns/vs_clockworkset/vs_clockwork_tool",
		"particle": "voxelspawns/vs_clockworkset/vs_clockwork_tool"
	},
	"elements": [
		{
			"from": [-3, 0, 7.5],
			"to": [18, 2, 9.5],
			"rotation": {"angle": 0, "axis": "y", "origin": [1.25, 0.75, 8.25]},
			"faces": {
				"north": {"uv": [0, 0, 10.5, 1], "texture": "#9"},
				"east": {"uv": [5.5, 8, 6.5, 9], "texture": "#9"},
				"south": {"uv": [0, 1, 10.5, 2], "texture": "#9"},
				"west": {"uv": [8, 5.5, 9, 6.5], "texture": "#9"},
				"up": {"uv": [10.5, 3, 0, 2], "texture": "#9"},
				"down": {"uv": [10.5, 3, 0, 4], "texture": "#9"}
			}
		},
		{
			"from": [-4.002, -0.002, 7.498],
			"to": [-1.998, 2.002, 9.502],
			"rotation": {"angle": 45, "axis": "y", "origin": [-3, 1, 8.5]},
			"faces": {
				"north": {"uv": [6.5, 8, 7.5, 9], "texture": "#9"},
				"east": {"uv": [8, 6.5, 9, 7.5], "texture": "#9"},
				"south": {"uv": [7.5, 8, 8.5, 9], "texture": "#9"},
				"west": {"uv": [4, 8.5, 5, 9.5], "texture": "#9"},
				"up": {"uv": [9.5, 8.5, 8.5, 7.5], "texture": "#9"},
				"down": {"uv": [9.5, 8.5, 8.5, 9.5], "texture": "#9"}
			}
		},
		{
			"from": [-2, -0.5, 7],
			"to": [-1, 2.5, 10],
			"rotation": {"angle": 45, "axis": "x", "origin": [-2.5, 1, 8.5]},
			"faces": {
				"north": {"uv": [4, 9.5, 4.5, 11], "texture": "#9"},
				"east": {"uv": [4, 7, 5.5, 8.5], "texture": "#9"},
				"south": {"uv": [9.5, 4, 10, 5.5], "texture": "#9"},
				"west": {"uv": [8, 4, 9.5, 5.5], "texture": "#9"},
				"up": {"uv": [5, 11, 4.5, 9.5], "texture": "#9"},
				"down": {"uv": [10, 5.5, 9.5, 7], "texture": "#9"}
			}
		},
		{
			"from": [7, -1, 6.5],
			"to": [8, 3, 10.5],
			"rotation": {"angle": 45, "axis": "x", "origin": [7.5, 1, 8.5]},
			"faces": {
				"north": {"uv": [5, 8.5, 5.5, 10.5], "texture": "#9"},
				"east": {"uv": [6, 4, 8, 6], "texture": "#9"},
				"south": {"uv": [0, 9, 0.5, 11], "texture": "#9"},
				"west": {"uv": [6, 6, 8, 8], "texture": "#9"},
				"up": {"uv": [1, 11, 0.5, 9], "texture": "#9"},
				"down": {"uv": [1.5, 9, 1, 11], "texture": "#9"}
			}
		},
		{
			"from": [-7.59375, 0.999, 5.90625],
			"to": [-1.59375, 0.999, 11.90625],
			"rotation": {"angle": 45, "axis": "y", "origin": [-5, 0.999, 8.5]},
			"faces": {
				"north": {"uv": [0, 0, 3, 0], "texture": "#9"},
				"east": {"uv": [0, 0, 3, 0], "texture": "#9"},
				"south": {"uv": [0, 0, 3, 0], "texture": "#9"},
				"west": {"uv": [0, 0, 3, 0], "texture": "#9"},
				"up": {"uv": [3, 7, 0, 4], "texture": "#9"},
				"down": {"uv": [6, 4, 3, 7], "texture": "#9"}
			}
		},
		{
			"from": [16.17478, -1.002, 9.59635],
			"to": [17.17878, 3.002, 10.60035],
			"rotation": {"angle": 45, "axis": "y", "origin": [18.17678, 0.75, 7.84835]},
			"faces": {
				"north": {"uv": [1.5, 9, 2, 11], "texture": "#9"},
				"east": {"uv": [2, 9, 2.5, 11], "texture": "#9"},
				"south": {"uv": [2.5, 9, 3, 11], "texture": "#9"},
				"west": {"uv": [3, 9, 3.5, 11], "texture": "#9"},
				"up": {"uv": [6, 7.5, 5.5, 7], "texture": "#9"},
				"down": {"uv": [6, 7.5, 5.5, 8], "texture": "#9"}
			}
		},
		{
			"from": [18, -1, 6.5],
			"to": [19, 3, 10.5],
			"rotation": {"angle": 0, "axis": "y", "origin": [16.25, -0.25, 9.75]},
			"faces": {
				"north": {"uv": [3.5, 9, 4, 11], "texture": "#9"},
				"east": {"uv": [0, 7, 2, 9], "texture": "#9"},
				"south": {"uv": [5.5, 9, 6, 11], "texture": "#9"},
				"west": {"uv": [2, 7, 4, 9], "texture": "#9"},
				"up": {"uv": [9.5, 7.5, 9, 5.5], "texture": "#9"},
				"down": {"uv": [6.5, 9, 6, 11], "texture": "#9"}
			}
		},
		{
			"from": [16.17478, -1.002, 6.39965],
			"to": [17.17878, 3.002, 7.40365],
			"rotation": {"angle": -45, "axis": "y", "origin": [18.17678, 0.75, 9.15165]},
			"faces": {
				"north": {"uv": [6.5, 9, 7, 11], "texture": "#9"},
				"east": {"uv": [7, 9, 7.5, 11], "texture": "#9"},
				"south": {"uv": [7.5, 9, 8, 11], "texture": "#9"},
				"west": {"uv": [8, 9, 8.5, 11], "texture": "#9"},
				"up": {"uv": [8.5, 8, 8, 7.5], "texture": "#9"},
				"down": {"uv": [10, 7, 9.5, 7.5], "texture": "#9"}
			}
		},
		{
			"from": [10, 1, 5.5],
			"to": [19, 1, 11.5],
			"rotation": {"angle": 0, "axis": "y", "origin": [17.81631, 0.875, 8.25]},
			"faces": {
				"north": {"uv": [0, 0, 3.25, 0], "texture": "#7"},
				"east": {"uv": [0, 0, 1.5, 0], "texture": "#7"},
				"south": {"uv": [0, 0, 3.25, 0], "texture": "#7"},
				"west": {"uv": [0, 0, 1.5, 0], "texture": "#7"},
				"up": {"uv": [6, 6.5, 3.75, 5], "texture": "#7"},
				"down": {"uv": [8.25, 0, 6, 1.5], "texture": "#7"}
			}
		},
		{
			"from": [19, -3, 4],
			"to": [26.5, 5, 13],
			"rotation": {"angle": 0, "axis": "y", "origin": [17.81631, 0.875, 8.75]},
			"faces": {
				"north": {"uv": [7, 3.5, 9, 5.5], "texture": "#7"},
				"east": {"uv": [6, 1.5, 8.25, 3.5], "texture": "#7"},
				"south": {"uv": [8, 5.5, 10, 7.5], "texture": "#7"},
				"west": {"uv": [3.75, 6.5, 6, 8.5], "texture": "#7"},
				"up": {"uv": [8, 8.75, 6, 6.5], "texture": "#7"},
				"down": {"uv": [2, 7, 0, 9.25], "texture": "#7"}
			}
		},
		{
			"from": [17.64334, 0.52526, 13],
			"to": [25.14334, 8.02526, 15.5],
			"rotation": {"angle": -45, "axis": "z", "origin": [17.81631, 0.875, 8.75]},
			"faces": {
				"north": {"uv": [8, 7.5, 10, 9.5], "texture": "#7"},
				"east": {"uv": [9.25, 9.5, 10, 11.5], "texture": "#7"},
				"south": {"uv": [8.25, 1.5, 10.25, 3.5], "texture": "#7"},
				"west": {"uv": [10, 5.25, 10.75, 7.25], "texture": "#7"},
				"up": {"uv": [11.25, 0.75, 9.25, 0], "texture": "#7"},
				"down": {"uv": [11.25, 0.75, 9.25, 1.5], "texture": "#7"}
			}
		},
		{
			"from": [18.14334, 1.02526, 0.5],
			"to": [24.64334, 7.52526, 1.5],
			"rotation": {"angle": -45, "axis": "z", "origin": [17.81631, 0.875, 8.75]},
			"faces": {
				"north": {"uv": [6, 8.75, 7.75, 10.5], "texture": "#7"},
				"east": {"uv": [7.5, 10.5, 7.75, 12.25], "texture": "#7"},
				"south": {"uv": [9, 3.5, 10.75, 5.25], "texture": "#7"},
				"west": {"uv": [9.25, 11.5, 9.5, 13.25], "texture": "#7"},
				"up": {"uv": [13.5, 10.25, 11.75, 10], "texture": "#7"},
				"down": {"uv": [13.5, 10.25, 11.75, 10.5], "texture": "#7"}
			}
		},
		{
			"from": [17.64334, 0.52526, 1.5],
			"to": [25.14334, 8.02526, 4],
			"rotation": {"angle": -45, "axis": "z", "origin": [17.81631, 0.875, 8.75]},
			"faces": {
				"north": {"uv": [2, 8.5, 4, 10.5], "texture": "#7"},
				"east": {"uv": [10, 7.25, 10.75, 9.25], "texture": "#7"},
				"south": {"uv": [4, 8.5, 6, 10.5], "texture": "#7"},
				"west": {"uv": [10, 9.25, 10.75, 11.25], "texture": "#7"},
				"up": {"uv": [12.25, 2.25, 10.25, 1.5], "texture": "#7"},
				"down": {"uv": [12.25, 2.25, 10.25, 3], "texture": "#7"}
			}
		},
		{
			"from": [21, -1, 15.5],
			"to": [24.5, 2.5, 16.5],
			"rotation": {"angle": 0, "axis": "y", "origin": [17.81631, 0.875, 8.75]},
			"faces": {
				"north": {"uv": [6, 3.5, 7, 4.5], "texture": "#7"},
				"east": {"uv": [3.5, 7, 3.75, 8], "texture": "#7"},
				"south": {"uv": [7, 5.5, 8, 6.5], "texture": "#7"},
				"west": {"uv": [9.5, 11.5, 9.75, 12.5], "texture": "#7"},
				"up": {"uv": [10, 5.5, 9, 5.25], "texture": "#7"},
				"down": {"uv": [13.25, 3, 12.25, 3.25], "texture": "#7"}
			}
		},
		{
			"from": [21.5, -3.5, 7],
			"to": [24.5, 5.5, 10],
			"rotation": {"angle": 45, "axis": "y", "origin": [23, 1, 8.5]},
			"faces": {
				"north": {"uv": [0, 9.25, 0.75, 11.5], "texture": "#7"},
				"east": {"uv": [0.75, 9.25, 1.5, 11.5], "texture": "#7"},
				"south": {"uv": [7.75, 9.5, 8.5, 11.75], "texture": "#7"},
				"west": {"uv": [8.5, 9.5, 9.25, 11.75], "texture": "#7"},
				"up": {"uv": [0.75, 12.25, 0, 11.5], "texture": "#7"},
				"down": {"uv": [1.5, 11.5, 0.75, 12.25], "texture": "#7"}
			}
		}
	],
	"gui_light": "front",
	"display": {
		"thirdperson_righthand": {
			"rotation": [-180, -180, -90],
			"translation": [-7, 3, -0.25]
		},
		"thirdperson_lefthand": {
			"rotation": [0, 0, -90],
			"translation": [7, 3, -0.25]
		},
		"firstperson_righthand": {
			"rotation": [0, 0, 70],
			"translation": [0, 2.5, 0],
			"scale": [0.5, 0.5, 0.5]
		},
		"firstperson_lefthand": {
			"rotation": [0, 0, -104.25],
			"translation": [6, 0.25, 0],
			"scale": [0.5, 0.5, 0.5]
		},
		"ground": {
			"rotation": [0, 0, -90],
			"translation": [2.75, 2.75, 0],
			"scale": [0.5, 0.5, 0.5]
		},
		"gui": {
			"rotation": [90, 45, 0],
			"translation": [-2, -1.75, 0],
			"scale": [0.5, 0.5, 0.5]
		},
		"fixed": {
			"rotation": [90, -45, -180],
			"translation": [1.5, -0.75, -9]
		}
	},
	"groups": [
		{
			"name": "group",
			"origin": [8, 8, 8],
			"color": 0,
			"children": [0, 1, 2, 3, 4, 5, 6, 7]
		},
		{
			"name": "hammer",
			"origin": [-3.75, 0.75, 23.25],
			"color": 0,
			"children": [8, 9, 10, 11, 12, 13, 14]
		}
	]
}