{
	"credit": "Made by Elo106",
	"texture_size": [64, 64],
	"textures": {
		"1": "voxelspawns/vs_clockworkset/vs_clockwork_axe",
		"9": "voxelspawns/vs_clockworkset/vs_clockwork_tool",
		"particle": "voxelspawns/vs_clockworkset/vs_clockwork_tool"
	},
	"elements": [
		{
			"from": [-3, 0, 7.5],
			"to": [18, 2, 9.5],
			"rotation": {"angle": 0, "axis": "y", "origin": [1.25, 0.75, 8.25]},
			"faces": {
				"north": {"uv": [0, 0, 10.5, 1], "texture": "#9"},
				"east": {"uv": [5.5, 8, 6.5, 9], "texture": "#9"},
				"south": {"uv": [0, 1, 10.5, 2], "texture": "#9"},
				"west": {"uv": [8, 5.5, 9, 6.5], "texture": "#9"},
				"up": {"uv": [10.5, 3, 0, 2], "texture": "#9"},
				"down": {"uv": [10.5, 3, 0, 4], "texture": "#9"}
			}
		},
		{
			"from": [-4.002, -0.002, 7.498],
			"to": [-1.998, 2.002, 9.502],
			"rotation": {"angle": 45, "axis": "y", "origin": [-3, 1, 8.5]},
			"faces": {
				"north": {"uv": [6.5, 8, 7.5, 9], "texture": "#9"},
				"east": {"uv": [8, 6.5, 9, 7.5], "texture": "#9"},
				"south": {"uv": [7.5, 8, 8.5, 9], "texture": "#9"},
				"west": {"uv": [4, 8.5, 5, 9.5], "texture": "#9"},
				"up": {"uv": [9.5, 8.5, 8.5, 7.5], "texture": "#9"},
				"down": {"uv": [9.5, 8.5, 8.5, 9.5], "texture": "#9"}
			}
		},
		{
			"from": [-2, -0.5, 7],
			"to": [-1, 2.5, 10],
			"rotation": {"angle": 45, "axis": "x", "origin": [-2.5, 1, 8.5]},
			"faces": {
				"north": {"uv": [4, 9.5, 4.5, 11], "texture": "#9"},
				"east": {"uv": [4, 7, 5.5, 8.5], "texture": "#9"},
				"south": {"uv": [9.5, 4, 10, 5.5], "texture": "#9"},
				"west": {"uv": [8, 4, 9.5, 5.5], "texture": "#9"},
				"up": {"uv": [5, 11, 4.5, 9.5], "texture": "#9"},
				"down": {"uv": [10, 5.5, 9.5, 7], "texture": "#9"}
			}
		},
		{
			"from": [7, -1, 6.5],
			"to": [8, 3, 10.5],
			"rotation": {"angle": 45, "axis": "x", "origin": [7.5, 1, 8.5]},
			"faces": {
				"north": {"uv": [5, 8.5, 5.5, 10.5], "texture": "#9"},
				"east": {"uv": [6, 4, 8, 6], "texture": "#9"},
				"south": {"uv": [0, 9, 0.5, 11], "texture": "#9"},
				"west": {"uv": [6, 6, 8, 8], "texture": "#9"},
				"up": {"uv": [1, 11, 0.5, 9], "texture": "#9"},
				"down": {"uv": [1.5, 9, 1, 11], "texture": "#9"}
			}
		},
		{
			"from": [-7.59375, 0.999, 5.90625],
			"to": [-1.59375, 0.999, 11.90625],
			"rotation": {"angle": 45, "axis": "y", "origin": [-5, 0.999, 8.5]},
			"faces": {
				"north": {"uv": [0, 0, 3, 0], "texture": "#9"},
				"east": {"uv": [0, 0, 3, 0], "texture": "#9"},
				"south": {"uv": [0, 0, 3, 0], "texture": "#9"},
				"west": {"uv": [0, 0, 3, 0], "texture": "#9"},
				"up": {"uv": [3, 7, 0, 4], "texture": "#9"},
				"down": {"uv": [6, 4, 3, 7], "texture": "#9"}
			}
		},
		{
			"from": [16.17478, -1.002, 9.59635],
			"to": [17.17878, 3.002, 10.60035],
			"rotation": {"angle": 45, "axis": "y", "origin": [18.17678, 0.75, 7.84835]},
			"faces": {
				"north": {"uv": [1.5, 9, 2, 11], "texture": "#9"},
				"east": {"uv": [2, 9, 2.5, 11], "texture": "#9"},
				"south": {"uv": [2.5, 9, 3, 11], "texture": "#9"},
				"west": {"uv": [3, 9, 3.5, 11], "texture": "#9"},
				"up": {"uv": [6, 7.5, 5.5, 7], "texture": "#9"},
				"down": {"uv": [6, 7.5, 5.5, 8], "texture": "#9"}
			}
		},
		{
			"from": [18, -1, 6.5],
			"to": [19, 3, 10.5],
			"rotation": {"angle": 0, "axis": "y", "origin": [16.25, -0.25, 9.75]},
			"faces": {
				"north": {"uv": [3.5, 9, 4, 11], "texture": "#9"},
				"east": {"uv": [0, 7, 2, 9], "texture": "#9"},
				"south": {"uv": [5.5, 9, 6, 11], "texture": "#9"},
				"west": {"uv": [2, 7, 4, 9], "texture": "#9"},
				"up": {"uv": [9.5, 7.5, 9, 5.5], "texture": "#9"},
				"down": {"uv": [6.5, 9, 6, 11], "texture": "#9"}
			}
		},
		{
			"from": [16.17478, -1.002, 6.39965],
			"to": [17.17878, 3.002, 7.40365],
			"rotation": {"angle": -45, "axis": "y", "origin": [18.17678, 0.75, 9.15165]},
			"faces": {
				"north": {"uv": [6.5, 9, 7, 11], "texture": "#9"},
				"east": {"uv": [7, 9, 7.5, 11], "texture": "#9"},
				"south": {"uv": [7.5, 9, 8, 11], "texture": "#9"},
				"west": {"uv": [8, 9, 8.5, 11], "texture": "#9"},
				"up": {"uv": [8.5, 8, 8, 7.5], "texture": "#9"},
				"down": {"uv": [10, 7, 9.5, 7.5], "texture": "#9"}
			}
		},
		{
			"from": [18.5, 0, 7],
			"to": [21.5, 2, 8],
			"rotation": {"angle": 0, "axis": "y", "origin": [15.25, 0.75, 8.25]},
			"faces": {
				"north": {"uv": [6, 10, 7.5, 11], "texture": "#1"},
				"east": {"uv": [12, 5.5, 12.5, 6.5], "texture": "#1"},
				"south": {"uv": [11, 8, 12.5, 9], "texture": "#1"},
				"west": {"uv": [7, 12, 7.5, 13], "texture": "#1"},
				"up": {"uv": [13, 12, 11.5, 11.5], "texture": "#1"},
				"down": {"uv": [2.5, 12, 1, 12.5], "texture": "#1"}
			}
		},
		{
			"from": [18.5, 0, 9],
			"to": [21.5, 2, 10],
			"rotation": {"angle": 0, "axis": "y", "origin": [15.25, 0.75, 8.75]},
			"faces": {
				"north": {"uv": [11, 9, 12.5, 10], "texture": "#1"},
				"east": {"uv": [7.5, 12, 8, 13], "texture": "#1"},
				"south": {"uv": [10, 11, 11.5, 12], "texture": "#1"},
				"west": {"uv": [8, 12, 8.5, 13], "texture": "#1"},
				"up": {"uv": [4, 12.5, 2.5, 12], "texture": "#1"},
				"down": {"uv": [5.5, 12, 4, 12.5], "texture": "#1"}
			}
		},
		{
			"from": [20, -0.5, 7],
			"to": [23, 2.5, 10],
			"rotation": {"angle": -45, "axis": "y", "origin": [21.5, 0.5, 8.5]},
			"faces": {
				"north": {"uv": [9.5, 8, 11, 9.5], "texture": "#1"},
				"east": {"uv": [9.5, 9.5, 11, 11], "texture": "#1"},
				"south": {"uv": [0, 10, 1.5, 11.5], "texture": "#1"},
				"west": {"uv": [1.5, 10, 3, 11.5], "texture": "#1"},
				"up": {"uv": [4.5, 11.5, 3, 10], "texture": "#1"},
				"down": {"uv": [6, 10, 4.5, 11.5], "texture": "#1"}
			}
		},
		{
			"from": [11, 0.999, 5.5],
			"to": [26, 0.999, 15.5],
			"rotation": {"angle": 0, "axis": "y", "origin": [11, 1.999, 11]},
			"faces": {
				"north": {"uv": [0, 0, 7.5, 0], "texture": "#1"},
				"east": {"uv": [0, 0, 5, 0], "texture": "#1"},
				"south": {"uv": [0, 0, 7.5, 0], "texture": "#1"},
				"west": {"uv": [0, 0, 5, 0], "texture": "#1"},
				"up": {"uv": [7.5, 5, 0, 0], "texture": "#1"},
				"down": {"uv": [7.5, 5, 0, 10], "texture": "#1"}
			}
		},
		{
			"from": [19.999, -0.001, 11.501],
			"to": [23.999, 1.999, 12.501],
			"rotation": {"angle": 0, "axis": "y", "origin": [6.249, 0.249, 21.751]},
			"faces": {
				"north": {"uv": [6, 11, 8, 12], "texture": "#1"},
				"east": {"uv": [8.5, 12, 9, 13], "texture": "#1"},
				"south": {"uv": [8, 11, 10, 12], "texture": "#1"},
				"west": {"uv": [9, 12, 9.5, 13], "texture": "#1"},
				"up": {"uv": [3, 12, 1, 11.5], "texture": "#1"},
				"down": {"uv": [13.5, 1.5, 11.5, 2], "texture": "#1"}
			}
		},
		{
			"from": [23.35255, -0.002, 12.06107],
			"to": [24.35455, 2, 13.06307],
			"rotation": {"angle": -45, "axis": "y", "origin": [24.35355, 0.999, 12.56207]},
			"faces": {
				"north": {"uv": [9.5, 12, 10, 13], "texture": "#1"},
				"east": {"uv": [10, 12, 10.5, 13], "texture": "#1"},
				"south": {"uv": [10.5, 12, 11, 13], "texture": "#1"},
				"west": {"uv": [11, 12, 11.5, 13], "texture": "#1"},
				"up": {"uv": [13, 1.5, 12.5, 1], "texture": "#1"},
				"down": {"uv": [6, 12.5, 5.5, 13], "texture": "#1"}
			}
		},
		{
			"from": [23.74704, 0, 12.40217],
			"to": [24.74504, 1.998, 13.40017],
			"rotation": {"angle": 22.5, "axis": "y", "origin": [24.24604, 0.999, 12.40117]},
			"faces": {
				"north": {"uv": [11.5, 12, 12, 13], "texture": "#1"},
				"east": {"uv": [12, 12, 12.5, 13], "texture": "#1"},
				"south": {"uv": [12.5, 0, 13, 1], "texture": "#1"},
				"west": {"uv": [1, 12.5, 1.5, 13.5], "texture": "#1"},
				"up": {"uv": [13, 6, 12.5, 5.5], "texture": "#1"},
				"down": {"uv": [6.5, 12.5, 6, 13], "texture": "#1"}
			}
		},
		{
			"from": [19.25296, 0, 12.40217],
			"to": [20.25096, 1.998, 13.40017],
			"rotation": {"angle": -22.5, "axis": "y", "origin": [19.75196, 0.999, 12.40117]},
			"faces": {
				"north": {"uv": [1.5, 12.5, 2, 13.5], "texture": "#1"},
				"east": {"uv": [2, 12.5, 2.5, 13.5], "texture": "#1"},
				"south": {"uv": [2.5, 12.5, 3, 13.5], "texture": "#1"},
				"west": {"uv": [3, 12.5, 3.5, 13.5], "texture": "#1"},
				"up": {"uv": [13, 6.5, 12.5, 6], "texture": "#1"},
				"down": {"uv": [7, 12.5, 6.5, 13], "texture": "#1"}
			}
		},
		{
			"from": [19.64345, -0.002, 12.06107],
			"to": [20.64545, 2, 13.06307],
			"rotation": {"angle": 45, "axis": "y", "origin": [19.64445, 0.999, 12.56207]},
			"faces": {
				"north": {"uv": [3.5, 12.5, 4, 13.5], "texture": "#1"},
				"east": {"uv": [4, 12.5, 4.5, 13.5], "texture": "#1"},
				"south": {"uv": [4.5, 12.5, 5, 13.5], "texture": "#1"},
				"west": {"uv": [5, 12.5, 5.5, 13.5], "texture": "#1"},
				"up": {"uv": [13, 8.5, 12.5, 8], "texture": "#1"},
				"down": {"uv": [13, 8.5, 12.5, 9], "texture": "#1"}
			}
		},
		{
			"from": [20, 0.5, 0.5],
			"to": [24, 1.5, 11.5],
			"rotation": {"angle": 0, "axis": "y", "origin": [22, 1, 8]},
			"faces": {
				"north": {"uv": [11.5, 2, 13.5, 2.5], "texture": "#1"},
				"east": {"uv": [9.5, 7, 15, 7.5], "texture": "#1"},
				"south": {"uv": [11.5, 2.5, 13.5, 3], "texture": "#1"},
				"west": {"uv": [9.5, 7.5, 15, 8], "texture": "#1"},
				"up": {"uv": [9.5, 5.5, 7.5, 0], "texture": "#1"},
				"down": {"uv": [9.5, 5.5, 7.5, 11], "texture": "#1"}
			}
		},
		{
			"from": [20.23323, 0.501, 0.59719],
			"to": [24.23123, 1.499, 4.59519],
			"rotation": {"angle": -45, "axis": "y", "origin": [22.23223, 1, 5.09619]},
			"faces": {
				"north": {"uv": [3, 11.5, 5, 12], "texture": "#1"},
				"east": {"uv": [11.5, 3, 13.5, 3.5], "texture": "#1"},
				"south": {"uv": [11.5, 3.5, 13.5, 4], "texture": "#1"},
				"west": {"uv": [11.5, 11, 13.5, 11.5], "texture": "#1"},
				"up": {"uv": [11.5, 2, 9.5, 0], "texture": "#1"},
				"down": {"uv": [11.5, 2, 9.5, 4], "texture": "#1"}
			}
		},
		{
			"from": [15.91861, 0.501, 1.11413],
			"to": [20.91661, 1.499, 4.11213],
			"rotation": {"angle": 22.5, "axis": "y", "origin": [18.91761, 1, 3.11313]},
			"faces": {
				"north": {"uv": [11, 10, 13.5, 10.5], "texture": "#1"},
				"east": {"uv": [12, 4, 13.5, 4.5], "texture": "#1"},
				"south": {"uv": [11, 10.5, 13.5, 11], "texture": "#1"},
				"west": {"uv": [12, 4.5, 13.5, 5], "texture": "#1"},
				"up": {"uv": [12, 5.5, 9.5, 4], "texture": "#1"},
				"down": {"uv": [12, 5.5, 9.5, 7], "texture": "#1"}
			}
		},
		{
			"from": [15.3826, 0.502, 3.24384],
			"to": [17.3786, 1.498, 6.23984],
			"rotation": {"angle": 45, "axis": "y", "origin": [15.3806, 1, 5.24184]},
			"faces": {
				"north": {"uv": [5, 11.5, 6, 12], "texture": "#1"},
				"east": {"uv": [12, 5, 13.5, 5.5], "texture": "#1"},
				"south": {"uv": [12, 6.5, 13, 7], "texture": "#1"},
				"west": {"uv": [5.5, 12, 7, 12.5], "texture": "#1"},
				"up": {"uv": [1, 13, 0, 11.5], "texture": "#1"},
				"down": {"uv": [12.5, 0, 11.5, 1.5], "texture": "#1"}
			}
		}
	],
	"gui_light": "front",
	"display": {
		"thirdperson_righthand": {
			"rotation": [-180, -180, -90],
			"translation": [-7, 3, -0.25]
		},
		"thirdperson_lefthand": {
			"rotation": [0, 0, -90],
			"translation": [7, 3, -0.25]
		},
		"firstperson_righthand": {
			"rotation": [0, 0, 70],
			"translation": [0, 2.5, 0],
			"scale": [0.5, 0.5, 0.5]
		},
		"firstperson_lefthand": {
			"rotation": [0, 0, -104.25],
			"translation": [6, 0.25, 0],
			"scale": [0.5, 0.5, 0.5]
		},
		"ground": {
			"rotation": [0, 0, -90],
			"translation": [2.75, 2.75, 0],
			"scale": [0.5, 0.5, 0.5]
		},
		"gui": {
			"rotation": [90, 45, 0],
			"translation": [-2, -1.75, 0],
			"scale": [0.5, 0.5, 0.5]
		},
		"fixed": {
			"rotation": [90, -45, -180],
			"translation": [1.5, -0.75, -9]
		}
	},
	"groups": [
		{
			"name": "group",
			"origin": [8, 8, 8],
			"color": 0,
			"children": [0, 1, 2, 3, 4, 5, 6, 7]
		},
		{
			"name": "newaxe",
			"origin": [23.49886, 0.75, 8.25276],
			"color": 0,
			"children": [8, 9, 10, 11, 12, 13, 14, 15, 16, 17, 18, 19, 20]
		}
	]
}