{
	"credit": "Made by Elo106",
	"texture_size": [64, 64],
	"textures": {
		"4": "voxelspawns/vs_clockworkset/vs_clockwork_bow",
		"particle": "voxelspawns/vs_clockworkset/vs_clockwork_tool"
	},
	"elements": [
		{
			"from": [2, 0, 7.5],
			"to": [14, 2, 9.5],
			"rotation": {"angle": 0, "axis": "y", "origin": [6.25, 0.75, 8.25]},
			"faces": {
				"north": {"uv": [0, 3, 3, 3.5], "texture": "#4"},
				"east": {"uv": [5.5, 5.5, 6, 6], "texture": "#4"},
				"south": {"uv": [3, 0, 6, 0.5], "texture": "#4"},
				"west": {"uv": [5.75, 1.5, 6.25, 2], "texture": "#4"},
				"up": {"uv": [6, 1, 3, 0.5], "texture": "#4"},
				"down": {"uv": [6, 1, 3, 1.5], "texture": "#4"}
			}
		},
		{
			"from": [13.16159, 0.001, 5.28102],
			"to": [24.15959, 1.999, 7.27902],
			"rotation": {"angle": 22.5, "axis": "y", "origin": [19.16059, 1, 6.28002]},
			"faces": {
				"north": {"uv": [3, 1.5, 5.75, 2], "texture": "#4"},
				"east": {"uv": [5.75, 2, 6.25, 2.5], "texture": "#4"},
				"south": {"uv": [3, 2, 5.75, 2.5], "texture": "#4"},
				"west": {"uv": [5.75, 2.5, 6.25, 3], "texture": "#4"},
				"up": {"uv": [5.75, 3, 3, 2.5], "texture": "#4"},
				"down": {"uv": [5.75, 3, 3, 3.5], "texture": "#4"}
			}
		},
		{
			"from": [23.82214, 0, 4.46835],
			"to": [27.82214, 2, 6.46835],
			"rotation": {"angle": 45, "axis": "y", "origin": [22.5706, 1, 5.46835]},
			"faces": {
				"north": {"uv": [0, 5.5, 1, 6], "texture": "#4"},
				"east": {"uv": [5.75, 3, 6.25, 3.5], "texture": "#4"},
				"south": {"uv": [1, 5.5, 2, 6], "texture": "#4"},
				"west": {"uv": [0, 6, 0.5, 6.5], "texture": "#4"},
				"up": {"uv": [3, 6, 2, 5.5], "texture": "#4"},
				"down": {"uv": [4, 5.5, 3, 6], "texture": "#4"}
			}
		},
		{
			"from": [27.82214, -0.5, 3.96835],
			"to": [28.82214, 2.5, 6.96835],
			"rotation": {"angle": 45, "axis": "y", "origin": [22.5706, 1, 5.46835]},
			"faces": {
				"north": {"uv": [6.5, 0.5, 6.75, 1.25], "texture": "#4"},
				"east": {"uv": [4, 4.5, 4.75, 5.25], "texture": "#4"},
				"south": {"uv": [1.25, 6.5, 1.5, 7.25], "texture": "#4"},
				"west": {"uv": [4.75, 4.5, 5.5, 5.25], "texture": "#4"},
				"up": {"uv": [6.75, 2, 6.5, 1.25], "texture": "#4"},
				"down": {"uv": [1.75, 6.5, 1.5, 7.25], "texture": "#4"}
			}
		},
		{
			"from": [12, -1, 6.5],
			"to": [13, 3, 10.5],
			"rotation": {"angle": 45, "axis": "x", "origin": [12.5, 1, 8.5]},
			"faces": {
				"north": {"uv": [6, 0, 6.25, 1], "texture": "#4"},
				"east": {"uv": [0, 4.5, 1, 5.5], "texture": "#4"},
				"south": {"uv": [0.5, 6, 0.75, 7], "texture": "#4"},
				"west": {"uv": [1, 4.5, 2, 5.5], "texture": "#4"},
				"up": {"uv": [1, 7, 0.75, 6], "texture": "#4"},
				"down": {"uv": [1.25, 6, 1, 7], "texture": "#4"}
			}
		},
		{
			"from": [26.19421, -0.004, -0.24905],
			"to": [28.19821, 2, 1.75495],
			"rotation": {"angle": 0, "axis": "y", "origin": [27.20019, 0.9975, 1.24897]},
			"faces": {
				"north": {"uv": [6, 1, 6.5, 1.5], "texture": "#4"},
				"east": {"uv": [1.25, 6, 1.75, 6.5], "texture": "#4"},
				"south": {"uv": [1.75, 6, 2.25, 6.5], "texture": "#4"},
				"west": {"uv": [2.25, 6, 2.75, 6.5], "texture": "#4"},
				"up": {"uv": [3.25, 6.5, 2.75, 6], "texture": "#4"},
				"down": {"uv": [3.75, 6, 3.25, 6.5], "texture": "#4"}
			}
		},
		{
			"from": [25.20417, 0.997, -3.25502],
			"to": [31.20417, 0.997, 2.74498],
			"rotation": {"angle": 0, "axis": "y", "origin": [27.20019, 0.9975, 1.24897]},
			"faces": {
				"north": {"uv": [0, 0, 1.5, 0], "texture": "#4"},
				"east": {"uv": [0, 0, 1.5, 0], "texture": "#4"},
				"south": {"uv": [0, 0, 1.5, 0], "texture": "#4"},
				"west": {"uv": [0, 0, 1.5, 0], "texture": "#4"},
				"up": {"uv": [1.5, 1.5, 0, 0], "texture": "#4"},
				"down": {"uv": [1.5, 1.5, 0, 3], "texture": "#4"}
			}
		},
		{
			"from": [-8.15959, 0.001, 5.28102],
			"to": [2.83841, 1.999, 7.27902],
			"rotation": {"angle": -22.5, "axis": "y", "origin": [-3.16059, 1, 6.28002]},
			"faces": {
				"north": {"uv": [0, 3.5, 2.75, 4], "texture": "#4"},
				"east": {"uv": [3.75, 6, 4.25, 6.5], "texture": "#4"},
				"south": {"uv": [2.75, 3.5, 5.5, 4], "texture": "#4"},
				"west": {"uv": [4.25, 6, 4.75, 6.5], "texture": "#4"},
				"up": {"uv": [2.75, 4.5, 0, 4], "texture": "#4"},
				"down": {"uv": [5.5, 4, 2.75, 4.5], "texture": "#4"}
			}
		},
		{
			"from": [-3.96098, 0.002, 9.68811],
			"to": [2.03502, 1.998, 10.68411],
			"rotation": {"angle": 22.5, "axis": "y", "origin": [-0.96298, 1, 10.18611]},
			"faces": {
				"north": {"uv": [6.5, 5, 8, 5.5], "texture": "#4"},
				"east": {"uv": [0, 7, 0.25, 7.5], "texture": "#4"},
				"south": {"uv": [6.5, 4.5, 8, 5], "texture": "#4"},
				"west": {"uv": [0.25, 7, 0.5, 7.5], "texture": "#4"},
				"up": {"uv": [1.5, 8, 0, 7.75], "texture": "#4"},
				"down": {"uv": [1.5, 7.5, 0, 7.75], "texture": "#4"}
			}
		},
		{
			"from": [13.96498, 0.002, 9.68811],
			"to": [19.96098, 1.998, 10.68411],
			"rotation": {"angle": -22.5, "axis": "y", "origin": [16.96298, 1, 10.18611]},
			"faces": {
				"north": {"uv": [8, 5, 6.5, 5.5], "texture": "#4"},
				"east": {"uv": [0.5, 7, 0.25, 7.5], "texture": "#4"},
				"south": {"uv": [8, 4.5, 6.5, 5], "texture": "#4"},
				"west": {"uv": [0.25, 7, 0, 7.5], "texture": "#4"},
				"up": {"uv": [0, 8, 1.5, 7.75], "texture": "#4"},
				"down": {"uv": [0, 7.5, 1.5, 7.75], "texture": "#4"}
			}
		},
		{
			"from": [-11.82214, 0, 4.46835],
			"to": [-7.82214, 2, 6.46835],
			"rotation": {"angle": -45, "axis": "y", "origin": [-6.5706, 1, 5.46835]},
			"faces": {
				"north": {"uv": [5.5, 3.5, 6.5, 4], "texture": "#4"},
				"east": {"uv": [4.75, 6, 5.25, 6.5], "texture": "#4"},
				"south": {"uv": [5.5, 4, 6.5, 4.5], "texture": "#4"},
				"west": {"uv": [5.25, 6, 5.75, 6.5], "texture": "#4"},
				"up": {"uv": [6.5, 5, 5.5, 4.5], "texture": "#4"},
				"down": {"uv": [6.5, 5, 5.5, 5.5], "texture": "#4"}
			}
		},
		{
			"from": [-12.82214, -0.5, 3.96835],
			"to": [-11.82214, 2.5, 6.96835],
			"rotation": {"angle": -45, "axis": "y", "origin": [-6.5706, 1, 5.46835]},
			"faces": {
				"north": {"uv": [1.75, 6.5, 2, 7.25], "texture": "#4"},
				"east": {"uv": [4, 5.25, 4.75, 6], "texture": "#4"},
				"south": {"uv": [2, 6.5, 2.25, 7.25], "texture": "#4"},
				"west": {"uv": [4.75, 5.25, 5.5, 6], "texture": "#4"},
				"up": {"uv": [2.5, 7.25, 2.25, 6.5], "texture": "#4"},
				"down": {"uv": [2.75, 6.5, 2.5, 7.25], "texture": "#4"}
			}
		},
		{
			"from": [3, -1, 6.5],
			"to": [4, 3, 10.5],
			"rotation": {"angle": 45, "axis": "x", "origin": [3.5, 1, 8.5]},
			"faces": {
				"north": {"uv": [6, 5.5, 6.25, 6.5], "texture": "#4"},
				"east": {"uv": [2, 4.5, 3, 5.5], "texture": "#4"},
				"south": {"uv": [5.75, 6, 6, 7], "texture": "#4"},
				"west": {"uv": [3, 4.5, 4, 5.5], "texture": "#4"},
				"up": {"uv": [6.5, 1, 6.25, 0], "texture": "#4"},
				"down": {"uv": [6.5, 1.5, 6.25, 2.5], "texture": "#4"}
			}
		},
		{
			"from": [-12.19821, -0.004, -0.24905],
			"to": [-10.19421, 2, 1.75495],
			"rotation": {"angle": 0, "axis": "y", "origin": [-11.20019, 0.9975, 1.24897]},
			"faces": {
				"north": {"uv": [6.25, 2.5, 6.75, 3], "texture": "#4"},
				"east": {"uv": [6.25, 3, 6.75, 3.5], "texture": "#4"},
				"south": {"uv": [6.25, 5.5, 6.75, 6], "texture": "#4"},
				"west": {"uv": [6.25, 6, 6.75, 6.5], "texture": "#4"},
				"up": {"uv": [0.5, 7, 0, 6.5], "texture": "#4"},
				"down": {"uv": [7, 0, 6.5, 0.5], "texture": "#4"}
			}
		},
		{
			"from": [-15.20417, 0.997, -3.25502],
			"to": [-9.20417, 0.997, 2.74498],
			"rotation": {"angle": 0, "axis": "y", "origin": [-11.20019, 0.9975, 1.24897]},
			"faces": {
				"north": {"uv": [0, 0, 1.5, 0], "texture": "#4"},
				"east": {"uv": [0, 0, 1.5, 0], "texture": "#4"},
				"south": {"uv": [0, 0, 1.5, 0], "texture": "#4"},
				"west": {"uv": [0, 0, 1.5, 0], "texture": "#4"},
				"up": {"uv": [3, 1.5, 1.5, 0], "texture": "#4"},
				"down": {"uv": [3, 1.5, 1.5, 3], "texture": "#4"}
			}
		},
		{
			"from": [-11, 1, -4.5],
			"to": [27, 1, 1.5],
			"faces": {
				"north": {"uv": [0, 0, 16, 0], "texture": "#4"},
				"east": {"uv": [0, 0, 3, 0], "texture": "#4"},
				"south": {"uv": [0, 0, 16, 0], "texture": "#4"},
				"west": {"uv": [0, 0, 3, 0], "texture": "#4"},
				"up": {"uv": [0, 8, 9.5, 9.5], "texture": "#4"},
				"down": {"uv": [0, 9.5, 9.5, 8], "texture": "#4"}
			}
		}
	],
	"gui_light": "front",
	"display": {
		"thirdperson_righthand": {
			"rotation": [-180, 0, 90],
			"translation": [-7, -1, 0.75]
		},
		"thirdperson_lefthand": {
			"rotation": [-180, 0, 90],
			"translation": [-7, -1, 0.75]
		},
		"firstperson_righthand": {
			"rotation": [-180, 0, -90],
			"translation": [4.5, 3.75, 0],
			"scale": [0.4, 0.4, 0.4]
		},
		"firstperson_lefthand": {
			"rotation": [-180, 0, -90],
			"translation": [4.5, 3.75, 0],
			"scale": [0.4, 0.4, 0.4]
		},
		"ground": {
			"rotation": [-180, 0, -180],
			"scale": [0.4, 0.4, 0.4]
		},
		"gui": {
			"rotation": [-90, -45, -180],
			"translation": [-2.75, 2.75, 0],
			"scale": [0.45, 0.45, 0.45]
		},
		"head": {
			"rotation": [-179.75, 0, 0]
		},
		"fixed": {
			"rotation": [90, -45, -180],
			"translation": [-3.5, -3.5, -7.5],
			"scale": [0.8, 0.8, 0.8]
		}
	},
	"groups": [
		{
			"name": "bow",
			"origin": [8, 8, 8],
			"color": 0,
			"children": [0, 1, 2, 3, 4, 5, 6, 7, 8, 9, 10, 11, 12, 13, 14, 15]
		}
	]
}