{
	"credit": "Made by Elo106",
	"texture_size": [64, 64],
	"textures": {
		"7": "voxelspawns/vs_clockworkset/vs_clockwork_shield",
		"particle": "voxelspawns/vs_clockworkset/vs_clockwork_tool"
	},
	"elements": [
		{
			"from": [-8.65315, -0.1524, 10.35065],
			"to": [-7.45075, 2.25, 11.55305],
			"rotation": {"angle": 45, "axis": "y", "origin": [-8.05195, 1.0488, 10.95185]},
			"faces": {
				"north": {"uv": [7.75, 8.75, 8, 9.25], "texture": "#7"},
				"east": {"uv": [5.25, 11.75, 5.5, 12.25], "texture": "#7"},
				"south": {"uv": [4.5, 12.25, 4.75, 12.75], "texture": "#7"},
				"west": {"uv": [4.75, 12.25, 5, 12.75], "texture": "#7"},
				"up": {"uv": [8, 9.5, 7.75, 9.25], "texture": "#7"},
				"down": {"uv": [10.75, 11.25, 10.5, 11.5], "texture": "#7"}
			}
		},
		{
			"from": [-8.90097, -0.1512, 6.15065],
			"to": [-7.70097, 2.2488, 10.95065],
			"rotation": {"angle": 0, "axis": "y", "origin": [-1.40097, 0.1488, 24.45065]},
			"faces": {
				"north": {"uv": [6.25, 12.25, 6.5, 12.75], "texture": "#7"},
				"east": {"uv": [6, 4.5, 7, 5], "texture": "#7"},
				"south": {"uv": [6.5, 12.25, 6.75, 12.75], "texture": "#7"},
				"west": {"uv": [2, 8, 3, 8.5], "texture": "#7"},
				"up": {"uv": [10, 12.5, 9.75, 11.5], "texture": "#7"},
				"down": {"uv": [5.25, 11.75, 5, 12.75], "texture": "#7"}
			}
		},
		{
			"from": [-8.65315, -0.1524, 5.54825],
			"to": [-7.45075, 2.25, 6.75065],
			"rotation": {"angle": -45, "axis": "y", "origin": [-8.05195, 1.0488, 6.14945]},
			"faces": {
				"north": {"uv": [6.75, 12.25, 7, 12.75], "texture": "#7"},
				"east": {"uv": [7.5, 12.25, 7.75, 12.75], "texture": "#7"},
				"south": {"uv": [7.75, 12.25, 8, 12.75], "texture": "#7"},
				"west": {"uv": [8, 12.25, 8.25, 12.75], "texture": "#7"},
				"up": {"uv": [13, 11.25, 12.75, 11], "texture": "#7"},
				"down": {"uv": [11.5, 12.75, 11.25, 13], "texture": "#7"}
			}
		},
		{
			"from": [-7.7739, -0.15, 5.48501],
			"to": [-6.5763, 2.2476, 6.68261],
			"rotation": {"angle": 22.5, "axis": "y", "origin": [-8.3751, 1.0488, 6.08381]},
			"faces": {
				"north": {"uv": [8.25, 12.25, 8.5, 12.75], "texture": "#7"},
				"east": {"uv": [8.5, 12.25, 8.75, 12.75], "texture": "#7"},
				"south": {"uv": [8.75, 12.25, 9, 12.75], "texture": "#7"},
				"west": {"uv": [9, 12.25, 9.25, 12.75], "texture": "#7"},
				"up": {"uv": [13, 11.5, 12.75, 11.25], "texture": "#7"},
				"down": {"uv": [11.75, 12.75, 11.5, 13], "texture": "#7"}
			}
		},
		{
			"from": [-7.7739, -0.15, 10.41869],
			"to": [-6.5763, 2.2476, 11.61629],
			"rotation": {"angle": -22.5, "axis": "y", "origin": [-8.3751, 1.0488, 11.01749]},
			"faces": {
				"north": {"uv": [10.5, 12.25, 10.75, 12.75], "texture": "#7"},
				"east": {"uv": [10.75, 12.25, 11, 12.75], "texture": "#7"},
				"south": {"uv": [11, 12.25, 11.25, 12.75], "texture": "#7"},
				"west": {"uv": [11.25, 12.25, 11.5, 12.75], "texture": "#7"},
				"up": {"uv": [12, 13, 11.75, 12.75], "texture": "#7"},
				"down": {"uv": [13, 11.75, 12.75, 12], "texture": "#7"}
			}
		},
		{
			"from": [11.2512, -0.1524, 10.35065],
			"to": [12.4536, 2.25, 11.55305],
			"rotation": {"angle": -45, "axis": "y", "origin": [11.8524, 1.0488, 10.95185]},
			"faces": {
				"north": {"uv": [11.5, 12.25, 11.75, 12.75], "texture": "#7"},
				"east": {"uv": [11.75, 12.25, 12, 12.75], "texture": "#7"},
				"south": {"uv": [12, 12.25, 12.25, 12.75], "texture": "#7"},
				"west": {"uv": [12.25, 12.25, 12.5, 12.75], "texture": "#7"},
				"up": {"uv": [12.25, 13, 12, 12.75], "texture": "#7"},
				"down": {"uv": [13, 12, 12.75, 12.25], "texture": "#7"}
			}
		},
		{
			"from": [10.90143, -0.1512, 6.15065],
			"to": [12.70143, 2.2488, 10.95065],
			"rotation": {"angle": 0, "axis": "y", "origin": [5.20143, 0.1488, 24.45065]},
			"faces": {
				"north": {"uv": [10.25, 3, 10.75, 3.5], "texture": "#7"},
				"east": {"uv": [3, 11.75, 4, 12.25], "texture": "#7"},
				"south": {"uv": [12.25, 3.25, 12.75, 3.75], "texture": "#7"},
				"west": {"uv": [4, 11.75, 5, 12.25], "texture": "#7"},
				"up": {"uv": [2, 10.25, 1.5, 9.25], "texture": "#7"},
				"down": {"uv": [7.5, 11.5, 7, 12.5], "texture": "#7"}
			}
		},
		{
			"from": [11.2512, -0.1524, 5.54825],
			"to": [12.4536, 2.25, 6.75065],
			"rotation": {"angle": 45, "axis": "y", "origin": [11.8524, 1.0488, 6.14945]},
			"faces": {
				"north": {"uv": [0, 12.5, 0.25, 13], "texture": "#7"},
				"east": {"uv": [0.25, 12.5, 0.5, 13], "texture": "#7"},
				"south": {"uv": [0.5, 12.5, 0.75, 13], "texture": "#7"},
				"west": {"uv": [0.75, 12.5, 1, 13], "texture": "#7"},
				"up": {"uv": [12.5, 13, 12.25, 12.75], "texture": "#7"},
				"down": {"uv": [13, 12.25, 12.75, 12.5], "texture": "#7"}
			}
		},
		{
			"from": [10.37675, -0.15, 5.48501],
			"to": [11.57435, 2.2476, 6.68261],
			"rotation": {"angle": -22.5, "axis": "y", "origin": [12.17555, 1.0488, 6.08381]},
			"faces": {
				"north": {"uv": [1, 12.5, 1.25, 13], "texture": "#7"},
				"east": {"uv": [1.25, 12.5, 1.5, 13], "texture": "#7"},
				"south": {"uv": [1.5, 12.5, 1.75, 13], "texture": "#7"},
				"west": {"uv": [1.75, 12.5, 2, 13], "texture": "#7"},
				"up": {"uv": [12.75, 13, 12.5, 12.75], "texture": "#7"},
				"down": {"uv": [13, 12.5, 12.75, 12.75], "texture": "#7"}
			}
		},
		{
			"from": [10.37675, -0.15, 10.41869],
			"to": [11.57435, 2.2476, 11.61629],
			"rotation": {"angle": 22.5, "axis": "y", "origin": [12.17555, 1.0488, 11.01749]},
			"faces": {
				"north": {"uv": [2, 12.5, 2.25, 13], "texture": "#7"},
				"east": {"uv": [2.25, 12.5, 2.5, 13], "texture": "#7"},
				"south": {"uv": [2.5, 12.5, 2.75, 13], "texture": "#7"},
				"west": {"uv": [2.75, 12.5, 3, 13], "texture": "#7"},
				"up": {"uv": [13, 13, 12.75, 12.75], "texture": "#7"},
				"down": {"uv": [0.25, 13, 0, 13.25], "texture": "#7"}
			}
		},
		{
			"from": [-7.69737, 1.0524, 6.75185],
			"to": [11.49783, 2.2476, 7.94705],
			"rotation": {"angle": 0, "axis": "y", "origin": [-3.19977, 0.75, 8.24945]},
			"faces": {
				"north": {"uv": [10.75, 7, 14.75, 7.25], "texture": "#7"},
				"east": {"uv": [0.25, 13, 0.5, 13.25], "texture": "#7"},
				"south": {"uv": [10.75, 7.25, 14.75, 7.5], "texture": "#7"},
				"west": {"uv": [0.5, 13, 0.75, 13.25], "texture": "#7"},
				"up": {"uv": [14.75, 7.75, 10.75, 7.5], "texture": "#7"},
				"down": {"uv": [14.75, 7.75, 10.75, 8], "texture": "#7"}
			}
		},
		{
			"from": [-7.69737, 1.0524, 9.15185],
			"to": [11.49783, 2.2476, 10.34705],
			"rotation": {"angle": 0, "axis": "y", "origin": [-3.19977, 0.75, 8.84945]},
			"faces": {
				"north": {"uv": [10.75, 8, 14.75, 8.25], "texture": "#7"},
				"east": {"uv": [0.75, 13, 1, 13.25], "texture": "#7"},
				"south": {"uv": [10.75, 8.25, 14.75, 8.5], "texture": "#7"},
				"west": {"uv": [1, 13, 1.25, 13.25], "texture": "#7"},
				"up": {"uv": [14.75, 8.75, 10.75, 8.5], "texture": "#7"},
				"down": {"uv": [14.75, 8.75, 10.75, 9], "texture": "#7"}
			}
		},
		{
			"from": [2.50143, 0.4512, 6.75065],
			"to": [6.09903, 2.8488, 10.34825],
			"rotation": {"angle": -45, "axis": "y", "origin": [4.30023, 0.45, 8.54945]},
			"faces": {
				"north": {"uv": [3, 8, 3.75, 8.5], "texture": "#7"},
				"east": {"uv": [7.75, 11.75, 8.5, 12.25], "texture": "#7"},
				"south": {"uv": [8.5, 11.75, 9.25, 12.25], "texture": "#7"},
				"west": {"uv": [10.5, 11.75, 11.25, 12.25], "texture": "#7"},
				"up": {"uv": [6.25, 12.25, 5.5, 11.5], "texture": "#7"},
				"down": {"uv": [7, 11.5, 6.25, 12.25], "texture": "#7"}
			}
		},
		{
			"from": [-1.10097, -0.1512, 14.55065],
			"to": [9.69903, 2.2488, 15.75065],
			"rotation": {"angle": 0, "axis": "y", "origin": [-11.60097, 0.1488, 26.85065]},
			"faces": {
				"north": {"uv": [10.75, 5, 13, 5.5], "texture": "#7"},
				"east": {"uv": [3, 12.5, 3.25, 13], "texture": "#7"},
				"south": {"uv": [10.75, 5.5, 13, 6], "texture": "#7"},
				"west": {"uv": [3.25, 12.5, 3.5, 13], "texture": "#7"},
				"up": {"uv": [14, 0.25, 11.75, 0], "texture": "#7"},
				"down": {"uv": [14, 0.25, 11.75, 0.5], "texture": "#7"}
			}
		},
		{
			"from": [8.92329, -0.1524, 15.22274],
			"to": [10.12569, 2.25, 16.42514],
			"rotation": {"angle": -45, "axis": "y", "origin": [10.12449, 1.0488, 15.82394]},
			"faces": {
				"north": {"uv": [3.5, 12.5, 3.75, 13], "texture": "#7"},
				"east": {"uv": [3.75, 12.5, 4, 13], "texture": "#7"},
				"south": {"uv": [4, 12.5, 4.25, 13], "texture": "#7"},
				"west": {"uv": [4.25, 12.5, 4.5, 13], "texture": "#7"},
				"up": {"uv": [1.5, 13.25, 1.25, 13], "texture": "#7"},
				"down": {"uv": [1.75, 13, 1.5, 13.25], "texture": "#7"}
			}
		},
		{
			"from": [9.39668, -0.15, 15.63205],
			"to": [10.59428, 2.2476, 16.82965],
			"rotation": {"angle": 22.5, "axis": "y", "origin": [9.99548, 1.0488, 15.63085]},
			"faces": {
				"north": {"uv": [5.25, 12.5, 5.5, 13], "texture": "#7"},
				"east": {"uv": [5.5, 12.5, 5.75, 13], "texture": "#7"},
				"south": {"uv": [5.75, 12.5, 6, 13], "texture": "#7"},
				"west": {"uv": [6, 12.5, 6.25, 13], "texture": "#7"},
				"up": {"uv": [2, 13.25, 1.75, 13], "texture": "#7"},
				"down": {"uv": [2.25, 13, 2, 13.25], "texture": "#7"}
			}
		},
		{
			"from": [-1.99622, -0.15, 15.63205],
			"to": [-0.79862, 2.2476, 16.82965],
			"rotation": {"angle": -22.5, "axis": "y", "origin": [-1.39742, 1.0488, 15.63085]},
			"faces": {
				"north": {"uv": [7, 12.5, 7.25, 13], "texture": "#7"},
				"east": {"uv": [7.25, 12.5, 7.5, 13], "texture": "#7"},
				"south": {"uv": [9.5, 12.5, 9.75, 13], "texture": "#7"},
				"west": {"uv": [9.75, 12.5, 10, 13], "texture": "#7"},
				"up": {"uv": [2.5, 13.25, 2.25, 13], "texture": "#7"},
				"down": {"uv": [2.75, 13, 2.5, 13.25], "texture": "#7"}
			}
		},
		{
			"from": [-1.52764, -0.1524, 15.22274],
			"to": [-0.32524, 2.25, 16.42514],
			"rotation": {"angle": 45, "axis": "y", "origin": [-1.52644, 1.0488, 15.82394]},
			"faces": {
				"north": {"uv": [12.5, 10.5, 12.75, 11], "texture": "#7"},
				"east": {"uv": [12.5, 11, 12.75, 11.5], "texture": "#7"},
				"south": {"uv": [12.5, 12.25, 12.75, 12.75], "texture": "#7"},
				"west": {"uv": [12.75, 3.25, 13, 3.75], "texture": "#7"},
				"up": {"uv": [3, 13.25, 2.75, 13], "texture": "#7"},
				"down": {"uv": [3.25, 13, 3, 13.25], "texture": "#7"}
			}
		},
		{
			"from": [-1.10097, -0.1512, 1.34825],
			"to": [9.69903, 2.2488, 2.54825],
			"rotation": {"angle": 0, "axis": "y", "origin": [-11.60097, 0.1488, -9.75175]},
			"faces": {
				"north": {"uv": [10.75, 6, 13, 6.5], "texture": "#7"},
				"east": {"uv": [4.5, 12.75, 4.75, 13.25], "texture": "#7"},
				"south": {"uv": [10.75, 6.5, 13, 7], "texture": "#7"},
				"west": {"uv": [4.75, 12.75, 5, 13.25], "texture": "#7"},
				"up": {"uv": [14, 0.75, 11.75, 0.5], "texture": "#7"},
				"down": {"uv": [14, 0.75, 11.75, 1], "texture": "#7"}
			}
		},
		{
			"from": [8.92329, -0.1524, 0.67376],
			"to": [10.12569, 2.25, 1.87616],
			"rotation": {"angle": 45, "axis": "y", "origin": [10.12449, 1.0488, 1.27496]},
			"faces": {
				"north": {"uv": [5, 12.75, 5.25, 13.25], "texture": "#7"},
				"east": {"uv": [6.25, 12.75, 6.5, 13.25], "texture": "#7"},
				"south": {"uv": [6.5, 12.75, 6.75, 13.25], "texture": "#7"},
				"west": {"uv": [6.75, 12.75, 7, 13.25], "texture": "#7"},
				"up": {"uv": [3.5, 13.25, 3.25, 13], "texture": "#7"},
				"down": {"uv": [13.25, 3.25, 13, 3.5], "texture": "#7"}
			}
		},
		{
			"from": [9.39668, -0.15, 0.26924],
			"to": [10.59428, 2.2476, 1.46684],
			"rotation": {"angle": -22.5, "axis": "y", "origin": [9.99548, 1.0488, 1.46804]},
			"faces": {
				"north": {"uv": [7.5, 12.75, 7.75, 13.25], "texture": "#7"},
				"east": {"uv": [7.75, 12.75, 8, 13.25], "texture": "#7"},
				"south": {"uv": [8, 12.75, 8.25, 13.25], "texture": "#7"},
				"west": {"uv": [8.25, 12.75, 8.5, 13.25], "texture": "#7"},
				"up": {"uv": [3.75, 13.25, 3.5, 13], "texture": "#7"},
				"down": {"uv": [13.25, 3.5, 13, 3.75], "texture": "#7"}
			}
		},
		{
			"from": [-1.99622, -0.15, 0.26924],
			"to": [-0.79862, 2.2476, 1.46684],
			"rotation": {"angle": 22.5, "axis": "y", "origin": [-1.39742, 1.0488, 1.46804]},
			"faces": {
				"north": {"uv": [8.5, 12.75, 8.75, 13.25], "texture": "#7"},
				"east": {"uv": [8.75, 12.75, 9, 13.25], "texture": "#7"},
				"south": {"uv": [9, 12.75, 9.25, 13.25], "texture": "#7"},
				"west": {"uv": [12.75, 9, 13, 9.5], "texture": "#7"},
				"up": {"uv": [4, 13.25, 3.75, 13], "texture": "#7"},
				"down": {"uv": [4.25, 13, 4, 13.25], "texture": "#7"}
			}
		},
		{
			"from": [-1.52764, -0.1524, 0.67376],
			"to": [-0.32524, 2.25, 1.87616],
			"rotation": {"angle": -45, "axis": "y", "origin": [-1.52644, 1.0488, 1.27496]},
			"faces": {
				"north": {"uv": [12.75, 9.5, 13, 10], "texture": "#7"},
				"east": {"uv": [10, 12.75, 10.25, 13.25], "texture": "#7"},
				"south": {"uv": [10.25, 12.75, 10.5, 13.25], "texture": "#7"},
				"west": {"uv": [10.5, 12.75, 10.75, 13.25], "texture": "#7"},
				"up": {"uv": [4.5, 13.25, 4.25, 13], "texture": "#7"},
				"down": {"uv": [13.25, 5, 13, 5.25], "texture": "#7"}
			}
		},
		{
			"from": [-1.09977, 0.45, 2.54945],
			"to": [9.70023, 1.65, 14.54945],
			"rotation": {"angle": 0, "axis": "y", "origin": [3.70023, 1.05, 8.54945]},
			"faces": {
				"north": {"uv": [11.75, 1, 14, 1.25], "texture": "#7"},
				"east": {"uv": [3, 11.5, 5.5, 11.75], "texture": "#7"},
				"south": {"uv": [11.75, 1.25, 14, 1.5], "texture": "#7"},
				"west": {"uv": [10.5, 11.5, 13, 11.75], "texture": "#7"},
				"up": {"uv": [6, 2.5, 3.75, 0], "texture": "#7"},
				"down": {"uv": [6, 2.5, 3.75, 5], "texture": "#7"}
			}
		},
		{
			"from": [2.50023, -1.951, 3.74945],
			"to": [6.10023, 0.449, 13.34945],
			"rotation": {"angle": 0, "axis": "y", "origin": [3.70023, 1.05, 8.54945]},
			"faces": {
				"north": {"uv": [11.75, 10.5, 12.5, 11], "texture": "#7"},
				"east": {"uv": [10.75, 9, 12.75, 9.5], "texture": "#7"},
				"south": {"uv": [11.75, 11, 12.5, 11.5], "texture": "#7"},
				"west": {"uv": [10.75, 9.5, 12.75, 10], "texture": "#7"},
				"up": {"uv": [2.25, 12.5, 1.5, 10.5], "texture": "#7"},
				"down": {"uv": [3, 10.5, 2.25, 12.5], "texture": "#7"}
			}
		},
		{
			"from": [9.13451, 0.4524, 2.94234],
			"to": [11.52971, 1.6476, 10.13754],
			"rotation": {"angle": -22.5, "axis": "y", "origin": [-0.46789, 1.05, 7.73994]},
			"faces": {
				"north": {"uv": [1.5, 10.25, 2, 10.5], "texture": "#7"},
				"east": {"uv": [11.25, 11.75, 12.75, 12], "texture": "#7"},
				"south": {"uv": [12.75, 10.5, 13.25, 10.75], "texture": "#7"},
				"west": {"uv": [11.25, 12, 12.75, 12.25], "texture": "#7"},
				"up": {"uv": [11.25, 11.5, 10.75, 10], "texture": "#7"},
				"down": {"uv": [11.75, 0, 11.25, 1.5], "texture": "#7"}
			}
		},
		{
			"from": [9.13331, 0.4512, 6.96016],
			"to": [11.53091, 1.6488, 14.15776],
			"rotation": {"angle": 22.5, "axis": "y", "origin": [-0.46789, 1.05, 9.35896]},
			"faces": {
				"north": {"uv": [10.75, 12.75, 11.25, 13], "texture": "#7"},
				"east": {"uv": [0, 12.25, 1.5, 12.5], "texture": "#7"},
				"south": {"uv": [12.75, 10.75, 13.25, 11], "texture": "#7"},
				"west": {"uv": [12.25, 1.5, 13.75, 1.75], "texture": "#7"},
				"up": {"uv": [10.5, 12.75, 10, 11.25], "texture": "#7"},
				"down": {"uv": [11.75, 10, 11.25, 11.5], "texture": "#7"}
			}
		},
		{
			"from": [-8.29977, 0.45, 6.14945],
			"to": [-1.09977, 1.65, 10.94945],
			"rotation": {"angle": 0, "axis": "y", "origin": [3.70023, 1.05, 8.54945]},
			"faces": {
				"north": {"uv": [12.25, 1.75, 13.75, 2], "texture": "#7"},
				"east": {"uv": [12.25, 3.75, 13.25, 4], "texture": "#7"},
				"south": {"uv": [12.25, 2, 13.75, 2.25], "texture": "#7"},
				"west": {"uv": [12.25, 4, 13.25, 4.25], "texture": "#7"},
				"up": {"uv": [3.5, 8, 2, 7], "texture": "#7"},
				"down": {"uv": [4.5, 10.5, 3, 11.5], "texture": "#7"}
			}
		},
		{
			"from": [-7.1061, 0.4512, 8.55568],
			"to": [0.0915, 1.6488, 13.35328],
			"rotation": {"angle": -22.5, "axis": "y", "origin": [-3.5073, 1.05, 10.95448]},
			"faces": {
				"north": {"uv": [12.25, 2.25, 13.75, 2.5], "texture": "#7"},
				"east": {"uv": [12.25, 4.25, 13.25, 4.5], "texture": "#7"},
				"south": {"uv": [12.25, 2.5, 13.75, 2.75], "texture": "#7"},
				"west": {"uv": [12.25, 4.5, 13.25, 4.75], "texture": "#7"},
				"up": {"uv": [6, 11.5, 4.5, 10.5], "texture": "#7"},
				"down": {"uv": [7.5, 10.5, 6, 11.5], "texture": "#7"}
			}
		},
		{
			"from": [-7.1061, 0.4512, 3.74562],
			"to": [0.0915, 1.6488, 8.54322],
			"rotation": {"angle": 22.5, "axis": "y", "origin": [-3.5073, 1.05, 6.14442]},
			"faces": {
				"north": {"uv": [12.25, 2.75, 13.75, 3], "texture": "#7"},
				"east": {"uv": [12.25, 4.75, 13.25, 5], "texture": "#7"},
				"south": {"uv": [3, 12.25, 4.5, 12.5], "texture": "#7"},
				"west": {"uv": [5.25, 12.25, 6.25, 12.5], "texture": "#7"},
				"up": {"uv": [12.25, 4, 10.75, 3], "texture": "#7"},
				"down": {"uv": [12.25, 4, 10.75, 5], "texture": "#7"}
			}
		}
	],
	"display": {
		"thirdperson_righthand": {
			"rotation": [-160, -25, -92],
			"translation": [9.25, 3.5, -1.75]
		},
		"thirdperson_lefthand": {
			"rotation": [0, 25, -92],
			"translation": [8.75, 1.25, -2.75]
		},
		"firstperson_righthand": {
			"rotation": [-180, -90, -90],
			"translation": [-0.75, 6.75, 0],
			"scale": [0.5, 0.5, 0.5]
		},
		"firstperson_lefthand": {
			"rotation": [-180, 90, 90],
			"translation": [-0.75, 6.75, 0],
			"scale": [0.5, 0.5, 0.5]
		},
		"ground": {
			"rotation": [0, 0, 25],
			"translation": [0, 2.25, 0],
			"scale": [0.5, 0.5, 0.5]
		},
		"gui": {
			"rotation": [-90, -90, 0],
			"translation": [0.5, 4.25, 0],
			"scale": [0.7, 0.7, 0.7]
		},
		"fixed": {
			"rotation": [0, -90, 90],
			"translation": [0.5, 6.75, -10]
		}
	},
	"groups": [
		{
			"name": "shield",
			"origin": [23.49886, 0.75, 8.25276],
			"color": 0,
			"children": [0, 1, 2, 3, 4, 5, 6, 7, 8, 9, 10, 11, 12, 13, 14, 15, 16, 17, 18, 19, 20, 21, 22, 23, 24, 25, 26, 27, 28, 29]
		}
	]
}