{
	"credit": "Made by Elo106",
	"texture_size": [128, 128],
	"textures": {
		"3": "voxelspawns/vs_lichset/vs_lich_bow",
		"6": "voxelspawns/vs_lichset/vs_lich_arrow",
		"particle": "voxelspawns/vs_lichset/vs_lich_hoe"
	},
	"elements": [
		{
			"from": [14.90547, 3.47693, 13],
			"to": [16.90547, 11.47693, 15],
			"rotation": {"angle": 22.5, "axis": "z", "origin": [7.8879, 7.20556, 14]},
			"faces": {
				"north": {"uv": [4, 0, 4.5, 2], "texture": "#3"},
				"east": {"uv": [4, 2, 4.5, 4], "texture": "#3"},
				"south": {"uv": [4, 4, 4.5, 6], "texture": "#3"},
				"west": {"uv": [4.5, 0, 5, 2], "texture": "#3"},
				"up": {"uv": [5, 6.5, 4.5, 6], "texture": "#3"},
				"down": {"uv": [9.5, 0.75, 9, 1.25], "texture": "#3"}
			}
		},
		{
			"from": [16.90547, 6.47693, 13],
			"to": [22.90547, 8.47693, 15],
			"rotation": {"angle": 22.5, "axis": "z", "origin": [7.8879, 7.20556, 14]},
			"faces": {
				"north": {"uv": [5.5, 1.5, 7, 2], "texture": "#3"},
				"east": {"uv": [9, 3, 9.5, 3.5], "texture": "#3"},
				"south": {"uv": [5.5, 2, 7, 2.5], "texture": "#3"},
				"west": {"uv": [9, 4, 9.5, 4.5], "texture": "#3"},
				"up": {"uv": [7, 3, 5.5, 2.5], "texture": "#3"},
				"down": {"uv": [7, 3, 5.5, 3.5], "texture": "#3"}
			}
		},
		{
			"from": [-4.17322, 9.17678, 13.501],
			"to": [0.82478, 11.17478, 14.499],
			"rotation": {"angle": -22.5, "axis": "z", "origin": [7.8879, 7.20556, 14]},
			"faces": {
				"north": {"uv": [7, 7.25, 8.25, 7.75], "texture": "#3"},
				"east": {"uv": [9.5, 4.25, 9.75, 4.75], "texture": "#3"},
				"south": {"uv": [0, 7.5, 1.25, 8], "texture": "#3"},
				"west": {"uv": [5.25, 9.5, 5.5, 10], "texture": "#3"},
				"up": {"uv": [9.5, 7.75, 8.25, 7.5], "texture": "#3"},
				"down": {"uv": [9.75, 3.75, 8.5, 4], "texture": "#3"}
			}
		},
		{
			"from": [7.28349, 14.62794, 13.5],
			"to": [10.28349, 18.62794, 14.5],
			"rotation": {"angle": 45, "axis": "z", "origin": [7.8879, 7.20556, 14]},
			"faces": {
				"north": {"uv": [5, 5.5, 5.75, 6.5], "texture": "#3"},
				"east": {"uv": [0.5, 8.75, 0.75, 9.75], "texture": "#3"},
				"south": {"uv": [5.75, 5.5, 6.5, 6.5], "texture": "#3"},
				"west": {"uv": [3, 8.75, 3.25, 9.75], "texture": "#3"},
				"up": {"uv": [6, 8, 5.25, 7.75], "texture": "#3"},
				"down": {"uv": [9.75, 3.5, 9, 3.75], "texture": "#3"}
			}
		},
		{
			"from": [-5.17422, 7.17578, 13],
			"to": [0.82578, 9.17578, 15],
			"rotation": {"angle": -22.5, "axis": "z", "origin": [7.8879, 7.20556, 14]},
			"faces": {
				"north": {"uv": [5.5, 3.5, 7, 4], "texture": "#3"},
				"east": {"uv": [9, 4.5, 9.5, 5], "texture": "#3"},
				"south": {"uv": [0, 6, 1.5, 6.5], "texture": "#3"},
				"west": {"uv": [9, 5.5, 9.5, 6], "texture": "#3"},
				"up": {"uv": [3, 6.5, 1.5, 6], "texture": "#3"},
				"down": {"uv": [4.5, 6, 3, 6.5], "texture": "#3"}
			}
		},
		{
			"from": [6.88628, 16.1671, 13.5],
			"to": [9.88628, 20.1671, 14.5],
			"rotation": {"angle": -45, "axis": "z", "origin": [7.8879, 7.20556, 14]},
			"faces": {
				"north": {"uv": [0, 6.5, 0.75, 7.5], "texture": "#3"},
				"east": {"uv": [9, 6, 9.25, 7], "texture": "#3"},
				"south": {"uv": [0.75, 6.5, 1.5, 7.5], "texture": "#3"},
				"west": {"uv": [9, 8, 9.25, 9], "texture": "#3"},
				"up": {"uv": [10, 9, 9.25, 8.75], "texture": "#3"},
				"down": {"uv": [10.25, 4, 9.5, 4.25], "texture": "#3"}
			}
		},
		{
			"from": [16.90647, 8.47793, 13.501],
			"to": [21.90447, 10.47593, 14.499],
			"rotation": {"angle": 22.5, "axis": "z", "origin": [7.8879, 7.20556, 14]},
			"faces": {
				"north": {"uv": [2.5, 7.5, 3.75, 8], "texture": "#3"},
				"east": {"uv": [5.5, 9.5, 5.75, 10], "texture": "#3"},
				"south": {"uv": [1.25, 7.75, 2.5, 8.25], "texture": "#3"},
				"west": {"uv": [9.5, 5.5, 9.75, 6], "texture": "#3"},
				"up": {"uv": [9.75, 5.25, 8.5, 5], "texture": "#3"},
				"down": {"uv": [9.75, 5.25, 8.5, 5.5], "texture": "#3"}
			}
		},
		{
			"from": [11.90547, 1.97693, 13.5],
			"to": [25.90547, 2.97693, 14.5],
			"rotation": {"angle": 22.5, "axis": "z", "origin": [7.8879, 7.20556, 14]},
			"faces": {
				"north": {"uv": [5, 5, 8.5, 5.25], "texture": "#3"},
				"east": {"uv": [1.25, 7.5, 1.5, 7.75], "texture": "#3"},
				"south": {"uv": [5, 5.25, 8.5, 5.5], "texture": "#3"},
				"west": {"uv": [3.75, 7.5, 4, 7.75], "texture": "#3"},
				"up": {"uv": [9, 0.25, 5.5, 0], "texture": "#3"},
				"down": {"uv": [9, 0.25, 5.5, 0.5], "texture": "#3"}
			}
		},
		{
			"from": [-12.25504, 4.49825, 12.4],
			"to": [-8.05504, 7.69825, 15.6],
			"rotation": {"angle": 22.5, "axis": "z", "origin": [7.41775, 11.46737, 14.5]},
			"faces": {
				"north": {"uv": [5, 7.75, 6, 7], "texture": "#3"},
				"east": {"uv": [3.25, 8, 2.5, 8.75], "texture": "#3"},
				"south": {"uv": [6, 7, 5, 7.75], "texture": "#3"},
				"west": {"uv": [0.75, 8, 0, 8.75], "texture": "#3"},
				"up": {"uv": [6, 7.75, 5, 7], "texture": "#3"},
				"down": {"uv": [6, 7.75, 5, 7], "texture": "#3"}
			}
		},
		{
			"from": [-8.93827, 2.07721, 14],
			"to": [4.06173, 17.07721, 14],
			"rotation": {"angle": 22.5, "axis": "z", "origin": [-0.73827, -6.92279, 13]},
			"faces": {
				"north": {"uv": [16, 0, 12.75, 3.75], "texture": "#3"},
				"east": {"uv": [0, 0, 0, 3], "texture": "#3"},
				"south": {"uv": [12.75, 0, 16, 3.75], "texture": "#3"},
				"west": {"uv": [0, 0, 0, 3], "texture": "#3"},
				"up": {"uv": [0, 0, 2, 0], "texture": "#3"},
				"down": {"uv": [0, 0, 2, 0], "texture": "#3"}
			}
		},
		{
			"from": [-10.85475, 4.56124, 13],
			"to": [-6.85475, 6.56124, 15],
			"rotation": {"angle": 22.5, "axis": "z", "origin": [6.71804, 7.93037, 14.5]},
			"faces": {
				"north": {"uv": [7.5, 6, 6.5, 6.5], "texture": "#3"},
				"east": {"uv": [10, 3, 9.5, 3.5], "texture": "#3"},
				"south": {"uv": [3.5, 7, 2.5, 7.5], "texture": "#3"},
				"west": {"uv": [3, 9.5, 2.5, 10], "texture": "#3"},
				"up": {"uv": [7, 3.5, 8, 3], "texture": "#3"},
				"down": {"uv": [7, 3.5, 8, 4], "texture": "#3"}
			}
		},
		{
			"from": [-12.48833, 5.45376, 13.5],
			"to": [-3.48833, 6.45376, 14.5],
			"rotation": {"angle": 22.5, "axis": "z", "origin": [7.8879, 7.20556, 14]},
			"faces": {
				"north": {"uv": [10.25, 2.25, 8, 2.5], "texture": "#3"},
				"east": {"uv": [7.25, 9.5, 7, 9.75], "texture": "#3"},
				"south": {"uv": [10.25, 2.5, 8, 2.75], "texture": "#3"},
				"west": {"uv": [7, 9.5, 6.75, 9.75], "texture": "#3"},
				"up": {"uv": [8, 3, 10.25, 2.75], "texture": "#3"},
				"down": {"uv": [5.25, 8, 7.5, 8.25], "texture": "#3"}
			}
		},
		{
			"from": [-4.26001, 7.95476, 13.501],
			"to": [-3.26201, 15.95276, 14.499],
			"rotation": {"angle": 22.5, "axis": "z", "origin": [7.8879, 7.20556, 14]},
			"faces": {
				"north": {"uv": [2.5, 8.25, 2.25, 10.25], "texture": "#3"},
				"east": {"uv": [4.25, 8.5, 4, 10.5], "texture": "#3"},
				"south": {"uv": [4, 8.5, 3.75, 10.5], "texture": "#3"},
				"west": {"uv": [7.5, 8.25, 7.25, 10.25], "texture": "#3"},
				"up": {"uv": [6.25, 9.75, 6.5, 9.5], "texture": "#3"},
				"down": {"uv": [6.5, 9.5, 6.75, 9.75], "texture": "#3"}
			}
		},
		{
			"from": [-4.76101, 4.95376, 13],
			"to": [-2.76101, 7.95376, 15],
			"rotation": {"angle": 22.5, "axis": "z", "origin": [7.8879, 7.20556, 14]},
			"faces": {
				"north": {"uv": [6.75, 8.75, 6.25, 9.5], "texture": "#3"},
				"east": {"uv": [9.5, 0, 9, 0.75], "texture": "#3"},
				"south": {"uv": [9, 8.75, 8.5, 9.5], "texture": "#3"},
				"west": {"uv": [7.25, 8.75, 6.75, 9.5], "texture": "#3"},
				"up": {"uv": [1.25, 10, 1.75, 9.5], "texture": "#3"},
				"down": {"uv": [1.75, 9.5, 2.25, 10], "texture": "#3"}
			}
		},
		{
			"from": [-4.96567, 11.06726, 13],
			"to": [-2.96567, 14.06726, 15],
			"rotation": {"angle": 22.5, "axis": "z", "origin": [7.8879, 7.20556, 14]},
			"faces": {
				"north": {"uv": [2.25, 8.75, 1.75, 9.5], "texture": "#3"},
				"east": {"uv": [6.25, 8.75, 5.75, 9.5], "texture": "#3"},
				"south": {"uv": [5.75, 8.75, 5.25, 9.5], "texture": "#3"},
				"west": {"uv": [3, 8.75, 2.5, 9.5], "texture": "#3"},
				"up": {"uv": [9.5, 1, 10, 0.5], "texture": "#3"},
				"down": {"uv": [9.5, 1, 10, 1.5], "texture": "#3"}
			}
		},
		{
			"from": [-1.17422, 2.17578, 13],
			"to": [2.82578, 4.17578, 15],
			"rotation": {"angle": -22.5, "axis": "z", "origin": [7.8879, 7.20556, 14]},
			"faces": {
				"north": {"uv": [2.25, 8.25, 1.25, 8.75], "texture": "#3"},
				"east": {"uv": [10, 0, 9.5, 0.5], "texture": "#3"},
				"south": {"uv": [6.25, 8.25, 5.25, 8.75], "texture": "#3"},
				"west": {"uv": [0.5, 9.5, 0, 10], "texture": "#3"},
				"up": {"uv": [6.25, 8.75, 7.25, 8.25], "texture": "#3"},
				"down": {"uv": [8.25, 7, 9.25, 7.5], "texture": "#3"}
			}
		},
		{
			"from": [-8.17422, 2.67578, 13.5],
			"to": [5.82578, 3.67578, 14.5],
			"rotation": {"angle": -22.5, "axis": "z", "origin": [7.8879, 7.20556, 14]},
			"faces": {
				"north": {"uv": [8.5, 5, 5, 5.25], "texture": "#3"},
				"east": {"uv": [4, 7.5, 3.75, 7.75], "texture": "#3"},
				"south": {"uv": [8.5, 5.25, 5, 5.5], "texture": "#3"},
				"west": {"uv": [1.5, 7.5, 1.25, 7.75], "texture": "#3"},
				"up": {"uv": [5.5, 0.25, 9, 0], "texture": "#3"},
				"down": {"uv": [5.5, 0.25, 9, 0.5], "texture": "#3"}
			}
		},
		{
			"from": [6.48434, 9.56748, 12.8],
			"to": [10.88434, 11.96748, 15.2],
			"rotation": {"angle": 0, "axis": "y", "origin": [7.8879, 7.20556, 14]},
			"faces": {
				"north": {"uv": [8, 5.5, 9, 6], "texture": "#3"},
				"east": {"uv": [9.25, 6.5, 9.75, 7], "texture": "#3"},
				"south": {"uv": [8, 6, 9, 6.5], "texture": "#3"},
				"west": {"uv": [9.25, 7, 9.75, 7.5], "texture": "#3"},
				"up": {"uv": [9, 7, 8, 6.5], "texture": "#3"},
				"down": {"uv": [8.5, 8, 7.5, 8.5], "texture": "#3"}
			}
		},
		{
			"from": [0.82578, 4.17578, 13],
			"to": [2.82578, 12.17578, 15],
			"rotation": {"angle": -22.5, "axis": "z", "origin": [7.8879, 7.20556, 14]},
			"faces": {
				"north": {"uv": [4.5, 2, 5, 4], "texture": "#3"},
				"east": {"uv": [4.5, 4, 5, 6], "texture": "#3"},
				"south": {"uv": [5, 0, 5.5, 2], "texture": "#3"},
				"west": {"uv": [5, 2, 5.5, 4], "texture": "#3"},
				"up": {"uv": [8, 9.75, 7.5, 9.25], "texture": "#3"},
				"down": {"uv": [9.75, 7.75, 9.25, 8.25], "texture": "#3"}
			}
		},
		{
			"from": [14.90547, 1.47693, 13],
			"to": [18.90547, 3.47693, 15],
			"rotation": {"angle": 22.5, "axis": "z", "origin": [7.8879, 7.20556, 14]},
			"faces": {
				"north": {"uv": [1.25, 8.25, 2.25, 8.75], "texture": "#3"},
				"east": {"uv": [0, 9.5, 0.5, 10], "texture": "#3"},
				"south": {"uv": [5.25, 8.25, 6.25, 8.75], "texture": "#3"},
				"west": {"uv": [9.5, 0, 10, 0.5], "texture": "#3"},
				"up": {"uv": [7.25, 8.75, 6.25, 8.25], "texture": "#3"},
				"down": {"uv": [9.25, 7, 8.25, 7.5], "texture": "#3"}
			}
		},
		{
			"from": [20.51629, 5.6368, 13],
			"to": [22.51629, 8.6368, 15],
			"rotation": {"angle": -22.5, "axis": "z", "origin": [23.7208, 3.78952, 14]},
			"faces": {
				"north": {"uv": [1.75, 8.75, 2.25, 9.5], "texture": "#3"},
				"east": {"uv": [2.5, 8.75, 3, 9.5], "texture": "#3"},
				"south": {"uv": [5.25, 8.75, 5.75, 9.5], "texture": "#3"},
				"west": {"uv": [5.75, 8.75, 6.25, 9.5], "texture": "#3"},
				"up": {"uv": [10, 1, 9.5, 0.5], "texture": "#3"},
				"down": {"uv": [10, 1, 9.5, 1.5], "texture": "#3"}
			}
		},
		{
			"from": [20.51629, -0.3632, 13],
			"to": [22.51629, 2.6368, 15],
			"rotation": {"angle": -22.5, "axis": "z", "origin": [23.7208, 3.78952, 14]},
			"faces": {
				"north": {"uv": [6.25, 8.75, 6.75, 9.5], "texture": "#3"},
				"east": {"uv": [6.75, 8.75, 7.25, 9.5], "texture": "#3"},
				"south": {"uv": [8.5, 8.75, 9, 9.5], "texture": "#3"},
				"west": {"uv": [9, 0, 9.5, 0.75], "texture": "#3"},
				"up": {"uv": [1.75, 10, 1.25, 9.5], "texture": "#3"},
				"down": {"uv": [2.25, 9.5, 1.75, 10], "texture": "#3"}
			}
		},
		{
			"from": [21.01729, 2.6378, 13.501],
			"to": [22.01529, 10.6358, 14.499],
			"rotation": {"angle": -22.5, "axis": "z", "origin": [23.7208, 3.78952, 14]},
			"faces": {
				"north": {"uv": [2.25, 8.25, 2.5, 10.25], "texture": "#3"},
				"east": {"uv": [7.25, 8.25, 7.5, 10.25], "texture": "#3"},
				"south": {"uv": [3.75, 8.5, 4, 10.5], "texture": "#3"},
				"west": {"uv": [4, 8.5, 4.25, 10.5], "texture": "#3"},
				"up": {"uv": [6.5, 9.75, 6.25, 9.5], "texture": "#3"},
				"down": {"uv": [6.75, 9.5, 6.5, 9.75], "texture": "#3"}
			}
		},
		{
			"from": [21.51629, 0.1368, 13.5],
			"to": [30.51629, 1.1368, 14.5],
			"rotation": {"angle": -22.5, "axis": "z", "origin": [23.7208, 3.78952, 14]},
			"faces": {
				"north": {"uv": [8, 2.25, 10.25, 2.5], "texture": "#3"},
				"east": {"uv": [6.75, 9.5, 7, 9.75], "texture": "#3"},
				"south": {"uv": [8, 2.5, 10.25, 2.75], "texture": "#3"},
				"west": {"uv": [7, 9.5, 7.25, 9.75], "texture": "#3"},
				"up": {"uv": [10.25, 3, 8, 2.75], "texture": "#3"},
				"down": {"uv": [7.5, 8, 5.25, 8.25], "texture": "#3"}
			}
		},
		{
			"from": [24.51629, -0.3632, 13],
			"to": [28.51629, 1.6368, 15],
			"rotation": {"angle": -22.5, "axis": "z", "origin": [23.7208, 3.78952, 14]},
			"faces": {
				"north": {"uv": [6.5, 6, 7.5, 6.5], "texture": "#3"},
				"east": {"uv": [2.5, 9.5, 3, 10], "texture": "#3"},
				"south": {"uv": [2.5, 7, 3.5, 7.5], "texture": "#3"},
				"west": {"uv": [9.5, 3, 10, 3.5], "texture": "#3"},
				"up": {"uv": [8, 3.5, 7, 3], "texture": "#3"},
				"down": {"uv": [8, 3.5, 7, 4], "texture": "#3"}
			}
		},
		{
			"from": [24.41629, -0.9632, 12.4],
			"to": [28.61629, 2.2368, 15.6],
			"rotation": {"angle": -22.5, "axis": "z", "origin": [23.7208, 3.78952, 14]},
			"faces": {
				"north": {"uv": [6, 7.75, 5, 7], "texture": "#3"},
				"east": {"uv": [0, 8, 0.75, 8.75], "texture": "#3"},
				"south": {"uv": [5, 7, 6, 7.75], "texture": "#3"},
				"west": {"uv": [2.5, 8, 3.25, 8.75], "texture": "#3"},
				"up": {"uv": [5, 7.75, 6, 7], "texture": "#3"},
				"down": {"uv": [5, 7.75, 6, 7], "texture": "#3"}
			}
		},
		{
			"from": [18.51629, 1.1368, 14],
			"to": [31.51629, 16.1368, 14],
			"rotation": {"angle": -22.5, "axis": "z", "origin": [23.7208, 3.78952, 14]},
			"faces": {
				"north": {"uv": [12.75, 0, 16, 3.75], "texture": "#3"},
				"east": {"uv": [0, 0, 0, 3], "texture": "#3"},
				"south": {"uv": [16, 0, 12.75, 3.75], "texture": "#3"},
				"west": {"uv": [0, 0, 0, 3], "texture": "#3"},
				"up": {"uv": [2, 0, 0, 0], "texture": "#3"},
				"down": {"uv": [2, 0, 0, 0], "texture": "#3"}
			}
		},
		{
			"from": [0.72209, 10.2961, 13.5],
			"to": [16.72209, 11.2961, 14.5],
			"rotation": {"angle": 0, "axis": "y", "origin": [7.8879, 7.20556, 14]},
			"faces": {
				"north": {"uv": [5, 4, 9, 4.25], "texture": "#3"},
				"east": {"uv": [9.5, 7.5, 9.75, 7.75], "texture": "#3"},
				"south": {"uv": [5, 4.25, 9, 4.5], "texture": "#3"},
				"west": {"uv": [8.5, 9.5, 8.75, 9.75], "texture": "#3"},
				"up": {"uv": [9, 4.75, 5, 4.5], "texture": "#3"},
				"down": {"uv": [9, 4.75, 5, 5], "texture": "#3"}
			}
		},
		{
			"from": [-3.06566, -2.23252, 14],
			"to": [20.93434, 2.76748, 14],
			"rotation": {"angle": 0, "axis": "y", "origin": [-0.31566, 8.76748, 13]},
			"faces": {
				"north": {"uv": [6, 13.25, 0, 14.5], "texture": "#3"},
				"east": {"uv": [0, 0, 0, 1.25], "texture": "#3"},
				"south": {"uv": [0, 13.25, 6, 14.5], "texture": "#3"},
				"west": {"uv": [0, 0, 0, 1.25], "texture": "#3"},
				"up": {"uv": [0, 0, 6, 0], "texture": "#3"},
				"down": {"uv": [0, 0, 6, 0], "texture": "#3"}
			}
		},
		{
			"from": [8.499, -3.301, 5.98337],
			"to": [8.501, 14.701, 21.98538],
			"rotation": {"angle": 0, "axis": "y", "origin": [8.5, 11, 0]},
			"faces": {
				"north": {"uv": [8, 0, 8, 4.5], "texture": "#6"},
				"east": {"uv": [0.25, 1, 8.25, 10], "texture": "#6"},
				"south": {"uv": [8.5, 0.5, 8.5, 9.5], "texture": "#6"},
				"west": {"uv": [0.25, 1, 8.25, 10], "texture": "#6"},
				"up": {"uv": [0, 0, 2, 0], "rotation": 90, "texture": "#6"},
				"down": {"uv": [0, 0, 2, 0], "rotation": 270, "texture": "#6"}
			}
		},
		{
			"from": [-0.502, -3.302, 13.98238],
			"to": [15.502, 14.702, 13.98638],
			"rotation": {"angle": 0, "axis": "y", "origin": [8, 11, 0]},
			"faces": {
				"north": {"uv": [0.75, 1, 8.75, 10], "texture": "#6"},
				"east": {"uv": [0, 0, 0, 2.5], "texture": "#6"},
				"south": {"uv": [8.75, 1, 0.75, 10], "texture": "#6"},
				"west": {"uv": [0, 0, 0, 2.5], "texture": "#6"},
				"up": {"uv": [0, 0, 2, 0], "texture": "#6"},
				"down": {"uv": [0, 0, 2, 0], "texture": "#6"}
			}
		}
	],
	"gui_light": "front",
	"display": {
		"thirdperson_righthand": {
			"rotation": [0, 90, -90],
			"translation": [-6, -1.5, 2.5]
		},
		"thirdperson_lefthand": {
			"rotation": [0, 90, -90],
			"translation": [-6, -1.5, 2.5]
		},
		"firstperson_righthand": {
			"rotation": [-129, -74, -57],
			"translation": [3.75, 3.75, 0],
			"scale": [0.47852, 0.47852, 0.47852]
		},
		"firstperson_lefthand": {
			"rotation": [-129, -74, -57],
			"translation": [3.75, 3.75, 0],
			"scale": [0.47852, 0.47852, 0.47852]
		},
		"ground": {
			"rotation": [38.5, -26, -65.5],
			"scale": [0.5, 0.5, 0.5]
		},
		"gui": {
			"rotation": [0, -180, 128],
			"translation": [1, -1.5, 0],
			"scale": [0.4, 0.4, 0.4]
		},
		"head": {
			"rotation": [-179.75, 0, 0]
		},
		"fixed": {
			"rotation": [0, 0, 133],
			"translation": [0.25, -1, -7.25]
		}
	},
	"groups": [
		{
			"name": "bow",
			"origin": [0, 0, 0],
			"color": 0,
			"children": [0, 1, 2, 3, 4, 5, 6, 7, 8, 9, 10, 11, 12, 13, 14, 15, 16, 17, 18, 19, 20, 21, 22, 23, 24, 25, 26, 27, 28]
		},
		{
			"name": "arrow",
			"origin": [8, 8, 8],
			"color": 0,
			"children": [29, 30]
		}
	]
}