{
	"credit": "Made by Elo106",
	"texture_size": [128, 128],
	"textures": {
		"8": "voxelspawns/vs_lichset/vs_lich_dagger",
		"particle": "voxelspawns/vs_lichset/vs_lich_hoe"
	},
	"elements": [
		{
			"from": [-1.5, -11, 7.5],
			"to": [17.5, 24, 7.5],
			"rotation": {"angle": 0, "axis": "y", "origin": [8.5, 16, 2]},
			"faces": {
				"north": {"uv": [4.754, 0.004, 9.496, 8.746], "texture": "#8"},
				"east": {"uv": [0.004, 0.004, 0.004, 8.746], "texture": "#8"},
				"south": {"uv": [9.496, 0.004, 4.754, 8.746], "texture": "#8"},
				"west": {"uv": [0.004, 0.004, 0.004, 8.746], "texture": "#8"},
				"up": {"uv": [0.004, 0.004, 4.746, 0.004], "texture": "#8"},
				"down": {"uv": [0.004, 0.004, 4.746, 0.004], "texture": "#8"}
			}
		},
		{
			"from": [6.5, -4.998, 6],
			"to": [9.498, -1, 8.998],
			"rotation": {"angle": 0, "axis": "y", "origin": [15.499, 23.751, 7.999]},
			"faces": {
				"north": {"uv": [9.25, 8.75, 8.5, 9.75], "texture": "#8"},
				"east": {"uv": [10.25, 1, 9.5, 2], "texture": "#8"},
				"south": {"uv": [10.25, 0, 9.5, 1], "texture": "#8"},
				"west": {"uv": [10, 8.75, 9.25, 9.75], "texture": "#8"},
				"up": {"uv": [10.25, 0.75, 11, 0], "texture": "#8"},
				"down": {"uv": [10.25, 0.75, 11, 1.5], "texture": "#8"}
			}
		},
		{
			"from": [6.5, 7.002, 6],
			"to": [9.498, 11, 8.998],
			"rotation": {"angle": 0, "axis": "y", "origin": [8.999, 13.001, 7.499]},
			"faces": {
				"north": {"uv": [10.25, 2, 9.5, 3], "texture": "#8"},
				"east": {"uv": [10.25, 5, 9.5, 6], "texture": "#8"},
				"south": {"uv": [10.25, 4, 9.5, 5], "texture": "#8"},
				"west": {"uv": [10.25, 3, 9.5, 4], "texture": "#8"},
				"up": {"uv": [10.25, 2.25, 11, 1.5], "texture": "#8"},
				"down": {"uv": [10.25, 2.25, 11, 3], "texture": "#8"}
			}
		},
		{
			"from": [6.5, 7.002, 6],
			"to": [9.498, 11, 8.998],
			"rotation": {"angle": 0, "axis": "y", "origin": [8.999, 13.001, 7.499]},
			"faces": {
				"north": {"uv": [10.25, 2, 9.5, 3], "texture": "#8"},
				"east": {"uv": [10.25, 5, 9.5, 6], "texture": "#8"},
				"south": {"uv": [10.25, 4, 9.5, 5], "texture": "#8"},
				"west": {"uv": [10.25, 3, 9.5, 4], "texture": "#8"},
				"up": {"uv": [10.25, 2.25, 11, 1.5], "texture": "#8"},
				"down": {"uv": [10.25, 2.25, 11, 3], "texture": "#8"}
			}
		},
		{
			"from": [7, -6, 6.5],
			"to": [9, 0, 8.5],
			"rotation": {"angle": 0, "axis": "y", "origin": [15.5, -4, 1]},
			"faces": {
				"north": {"uv": [6, 9.5, 5.5, 11], "texture": "#8"},
				"east": {"uv": [7, 9.5, 6.5, 11], "texture": "#8"},
				"south": {"uv": [10, 6, 9.5, 7.5], "texture": "#8"},
				"west": {"uv": [6.5, 9.5, 6, 11], "texture": "#8"},
				"up": {"uv": [10.5, 10.25, 11, 9.75], "texture": "#8"},
				"down": {"uv": [10, 10.5, 10.5, 11], "texture": "#8"}
			}
		},
		{
			"from": [7, 1, 6.5],
			"to": [9, 7, 8.5],
			"rotation": {"angle": 0, "axis": "y", "origin": [8, 4, 7.5]},
			"faces": {
				"north": {"uv": [8.5, 9.5, 8, 11], "texture": "#8"},
				"east": {"uv": [8, 9.5, 7.5, 11], "texture": "#8"},
				"south": {"uv": [7.5, 9.5, 7, 11], "texture": "#8"},
				"west": {"uv": [9, 9.75, 8.5, 11.25], "texture": "#8"},
				"up": {"uv": [10.5, 11, 11, 10.5], "rotation": 180, "texture": "#8"},
				"down": {"uv": [0, 10.75, 0.5, 11.25], "rotation": 180, "texture": "#8"}
			}
		},
		{
			"from": [7.5, -8, 7],
			"to": [8.5, 10, 8],
			"rotation": {"angle": 0, "axis": "y", "origin": [8.5, 16, 2]},
			"faces": {
				"north": {"uv": [4.75, 8.75, 4.5, 13.25], "texture": "#8"},
				"east": {"uv": [5.5, 8.75, 5.25, 13.25], "texture": "#8"},
				"south": {"uv": [5.25, 8.75, 5, 13.25], "texture": "#8"},
				"west": {"uv": [5, 8.75, 4.75, 13.25], "texture": "#8"},
				"up": {"uv": [4.25, 11, 4.5, 10.75], "texture": "#8"},
				"down": {"uv": [1, 11, 1.25, 11.25], "texture": "#8"}
			}
		},
		{
			"from": [6.498, 8.998, 6.998],
			"to": [11.502, 16.002, 8.002],
			"rotation": {"angle": -22.5, "axis": "z", "origin": [9, 12.5, 7.5]},
			"faces": {
				"north": {"uv": [1.25, 8.75, 2.5, 10.5], "texture": "#8"},
				"east": {"uv": [10, 10.25, 9.75, 12], "texture": "#8"},
				"south": {"uv": [2.5, 8.75, 1.25, 10.5], "texture": "#8"},
				"west": {"uv": [9.75, 10.25, 9.5, 12], "texture": "#8"},
				"up": {"uv": [0, 10.75, 1.25, 10.5], "texture": "#8"},
				"down": {"uv": [1.25, 10.5, 2.5, 10.75], "texture": "#8"}
			}
		},
		{
			"from": [2.28525, 20.62044, 7],
			"to": [8.28525, 23.62044, 8],
			"rotation": {"angle": -22.5, "axis": "z", "origin": [5.28525, 19.62044, 7.5]},
			"faces": {
				"north": {"uv": [7, 8.75, 8.5, 9.5], "texture": "#8"},
				"east": {"uv": [11, 4, 10.75, 4.75], "texture": "#8"},
				"south": {"uv": [8.5, 8.75, 7, 9.5], "texture": "#8"},
				"west": {"uv": [4.25, 10.75, 4, 11.5], "texture": "#8"},
				"up": {"uv": [10, 9.75, 11.5, 9.5], "texture": "#8"},
				"down": {"uv": [10.25, 5, 11.75, 5.25], "texture": "#8"}
			}
		},
		{
			"from": [2.45956, 18.63658, 7.001],
			"to": [4.45756, 22.63458, 7.999],
			"rotation": {"angle": -45, "axis": "z", "origin": [5.45856, 21.63558, 7.5]},
			"faces": {
				"north": {"uv": [10.25, 4, 10.75, 5], "texture": "#8"},
				"east": {"uv": [1, 10.75, 0.75, 11.75], "texture": "#8"},
				"south": {"uv": [10.75, 4, 10.25, 5], "texture": "#8"},
				"west": {"uv": [0.75, 10.75, 0.5, 11.75], "texture": "#8"},
				"up": {"uv": [9.5, 8.75, 10, 8.5], "texture": "#8"},
				"down": {"uv": [10.75, 4.75, 11.25, 5], "texture": "#8"}
			}
		},
		{
			"from": [8.34049, 13.3223, 6.999],
			"to": [12.34249, 21.3243, 8.001],
			"rotation": {"angle": 22.5, "axis": "z", "origin": [8.84149, 14.8233, 7.5]},
			"faces": {
				"north": {"uv": [3.5, 8.75, 4.5, 10.75], "texture": "#8"},
				"east": {"uv": [9.5, 10.25, 9.25, 12.25], "texture": "#8"},
				"south": {"uv": [4.5, 8.75, 3.5, 10.75], "texture": "#8"},
				"west": {"uv": [9.25, 10.25, 9, 12.25], "texture": "#8"},
				"up": {"uv": [1, 11, 2, 10.75], "texture": "#8"},
				"down": {"uv": [2, 10.75, 3, 11], "texture": "#8"}
			}
		},
		{
			"from": [1.499, 8.34215, 6.499],
			"to": [7.501, 10.34415, 8.501],
			"rotation": {"angle": -22.5, "axis": "z", "origin": [5.5, 6.34315, 7]},
			"faces": {
				"north": {"uv": [11, 7.5, 9.5, 8], "texture": "#8"},
				"east": {"uv": [11.25, 3, 10.75, 3.5], "texture": "#8"},
				"south": {"uv": [11, 8, 9.5, 8.5], "texture": "#8"},
				"west": {"uv": [3.5, 10.75, 3, 11.25], "texture": "#8"},
				"up": {"uv": [9, 10.25, 10.5, 9.75], "texture": "#8"},
				"down": {"uv": [10, 6, 11.5, 6.5], "texture": "#8"}
			}
		},
		{
			"from": [-0.5, 8.84315, 7],
			"to": [5.5, 9.84315, 8],
			"rotation": {"angle": -22.5, "axis": "z", "origin": [5.5, 6.34315, 7]},
			"faces": {
				"north": {"uv": [11.75, 5.25, 10.25, 5.5], "texture": "#8"},
				"east": {"uv": [1.5, 11, 1.25, 11.25], "texture": "#8"},
				"south": {"uv": [11.75, 5.5, 10.25, 5.75], "texture": "#8"},
				"west": {"uv": [11.25, 1, 11, 1.25], "texture": "#8"},
				"up": {"uv": [10.25, 6, 11.75, 5.75], "texture": "#8"},
				"down": {"uv": [10, 10.25, 11.5, 10.5], "texture": "#8"}
			}
		},
		{
			"from": [8.57401, 9.10851, 6.5],
			"to": [14.57401, 11.10851, 8.5],
			"rotation": {"angle": 22.5, "axis": "z", "origin": [12.57401, 7.10851, 7]},
			"faces": {
				"north": {"uv": [11.5, 6.5, 10, 7], "texture": "#8"},
				"east": {"uv": [11.25, 3.5, 10.75, 4], "texture": "#8"},
				"south": {"uv": [11.5, 7, 10, 7.5], "texture": "#8"},
				"west": {"uv": [4, 10.75, 3.5, 11.25], "texture": "#8"},
				"up": {"uv": [10, 9, 11.5, 8.5], "texture": "#8"},
				"down": {"uv": [10, 9, 11.5, 9.5], "texture": "#8"}
			}
		},
		{
			"from": [14.57401, 9.60851, 7],
			"to": [16.57401, 10.60851, 8],
			"rotation": {"angle": 22.5, "axis": "z", "origin": [12.57401, 7.10851, 7]},
			"faces": {
				"north": {"uv": [11.5, 0, 11, 0.25], "texture": "#8"},
				"east": {"uv": [1.75, 11, 1.5, 11.25], "texture": "#8"},
				"south": {"uv": [11.5, 0.25, 11, 0.5], "texture": "#8"},
				"west": {"uv": [11.25, 1.25, 11, 1.5], "texture": "#8"},
				"up": {"uv": [11, 0.75, 11.5, 0.5], "texture": "#8"},
				"down": {"uv": [11, 0.75, 11.5, 1], "texture": "#8"}
			}
		}
	],
	"gui_light": "front",
	"display": {
		"thirdperson_righthand": {
			"rotation": [0, 90, 0],
			"translation": [0.5, 2, 0]
		},
		"thirdperson_lefthand": {
			"rotation": [0, -90, 0],
			"translation": [-0.5, 2, 0]
		},
		"firstperson_righthand": {
			"rotation": [165, 100, -180],
			"translation": [13, -0.75, -8.5],
			"scale": [0.7, 0.7, 0.7]
		},
		"firstperson_lefthand": {
			"rotation": [165, -80, -180],
			"translation": [13, -1.75, -9.75],
			"scale": [0.7, 0.7, 0.7]
		},
		"ground": {
			"rotation": [-142, 0, 0],
			"scale": [0.32, 0.32, 0.32]
		},
		"gui": {
			"rotation": [0, 0, -45],
			"translation": [0.5, 0.25, 0],
			"scale": [0.52, 0.52, 0.52]
		},
		"fixed": {
			"rotation": [0, -180, -45],
			"translation": [-0.75, -1, -1.5],
			"scale": [0.9, 0.9, 0.9]
		}
	},
	"groups": [
		{
			"name": "dagger",
			"origin": [8, 8, 8],
			"color": 0,
			"children": [0, 1, 2, 3, 4, 5, 6, 7, 8, 9, 10, 11, 12, 13, 14]
		}
	]
}