{
	"credit": "Made by Elo106",
	"texture_size": [128, 128],
	"textures": {
		"12": "voxelspawns/vs_lichset/vs_lich_shovel",
		"particle": "voxelspawns/vs_lichset/vs_lich_hoe"
	},
	"elements": [
		{
			"from": [11.01218, 23.32125, 10.37868],
			"to": [13.01218, 30.32125, 12.37868],
			"rotation": {"angle": 0, "axis": "y", "origin": [12.01218, 16.32125, 11.37868]},
			"faces": {
				"north": {"uv": [4.475, 5.525, 4.025, 7.225], "texture": "#12"},
				"east": {"uv": [5.975, 5.525, 5.525, 7.225], "texture": "#12"},
				"south": {"uv": [5.475, 5.525, 5.025, 7.225], "texture": "#12"},
				"west": {"uv": [4.975, 5.525, 4.525, 7.225], "texture": "#12"},
				"up": {"uv": [8.525, 0.475, 8.975, 0.025], "texture": "#12"},
				"down": {"uv": [8.525, 1.275, 8.975, 1.725], "texture": "#12"}
			}
		},
		{
			"from": [13.01218, 23.19993, 7.25736],
			"to": [14.01218, 31, 11.25736],
			"rotation": {"angle": -22.5, "axis": "y", "origin": [14.01218, 24.69993, 7.25736]},
			"faces": {
				"north": {"uv": [2.725, 7.275, 2.525, 9.225], "texture": "#12"},
				"east": {"uv": [1.975, 3.775, 1.025, 5.725], "texture": "#12"},
				"south": {"uv": [2.975, 7.275, 2.775, 9.225], "texture": "#12"},
				"west": {"uv": [0.975, 3.775, 0.025, 5.725], "texture": "#12"},
				"up": {"uv": [1.775, 9.475, 1.975, 8.525], "texture": "#12"},
				"down": {"uv": [2.025, 8.525, 2.225, 9.475], "texture": "#12"}
			}
		},
		{
			"from": [13.01218, 23.19993, 3.25736],
			"to": [14.01218, 30, 7.25736],
			"rotation": {"angle": 22.5, "axis": "y", "origin": [14.01218, 24.69993, 7.25736]},
			"faces": {
				"north": {"uv": [5.725, 7.275, 5.525, 8.975], "texture": "#12"},
				"east": {"uv": [2.975, 5.525, 2.025, 7.225], "texture": "#12"},
				"south": {"uv": [5.975, 7.275, 5.775, 8.975], "texture": "#12"},
				"west": {"uv": [2.975, 3.775, 2.025, 5.475], "texture": "#12"},
				"up": {"uv": [2.275, 9.475, 2.475, 8.525], "texture": "#12"},
				"down": {"uv": [8.525, 5.025, 8.725, 5.975], "texture": "#12"}
			}
		},
		{
			"from": [11.55757, 22.03904, 2.13567],
			"to": [12.55757, 27.83911, 4.13567],
			"rotation": {"angle": -22.5, "axis": "x", "origin": [12.05757, 27.43907, 3.63567]},
			"faces": {
				"north": {"uv": [7.725, 3.525, 7.525, 4.975], "texture": "#12"},
				"east": {"uv": [6.225, 0.025, 5.775, 1.475], "texture": "#12"},
				"south": {"uv": [7.975, 0.025, 7.775, 1.475], "texture": "#12"},
				"west": {"uv": [0.475, 5.775, 0.025, 7.225], "texture": "#12"},
				"up": {"uv": [5.775, 5.475, 5.975, 5.025], "texture": "#12"},
				"down": {"uv": [7.275, 1.525, 7.475, 1.975], "texture": "#12"}
			}
		},
		{
			"from": [11.01118, 18.78471, 1.08479],
			"to": [13.01318, 20.78671, 4.08679],
			"rotation": {"angle": 45, "axis": "x", "origin": [12.01218, 19.78571, 7.08579]},
			"faces": {
				"north": {"uv": [6.475, 8.525, 6.025, 8.975], "texture": "#12"},
				"east": {"uv": [8.475, 1.525, 7.775, 1.975], "texture": "#12"},
				"south": {"uv": [8.975, 6.025, 8.525, 6.475], "texture": "#12"},
				"west": {"uv": [6.975, 1.025, 6.275, 1.475], "texture": "#12"},
				"up": {"uv": [7.775, 2.725, 8.225, 2.025], "texture": "#12"},
				"down": {"uv": [7.775, 2.775, 8.225, 3.475], "texture": "#12"}
			}
		},
		{
			"from": [11.01218, 21.19993, 4.25736],
			"to": [13.01218, 23.19993, 10.25736],
			"rotation": {"angle": 0, "axis": "y", "origin": [12.01218, 22.19993, 7.25736]},
			"faces": {
				"north": {"uv": [8.975, 6.525, 8.525, 6.975], "texture": "#12"},
				"east": {"uv": [7.225, 1.525, 5.775, 1.975], "texture": "#12"},
				"south": {"uv": [0.475, 8.775, 0.025, 9.225], "texture": "#12"},
				"west": {"uv": [1.975, 5.775, 0.525, 6.225], "texture": "#12"},
				"up": {"uv": [5.775, 3.475, 6.225, 2.025], "texture": "#12"},
				"down": {"uv": [5.775, 3.525, 6.225, 4.975], "texture": "#12"}
			}
		},
		{
			"from": [11.01118, 22.78471, 7.42793],
			"to": [13.01318, 25.78671, 9.42993],
			"rotation": {"angle": 22.5, "axis": "x", "origin": [12.01218, 19.78571, 7.42893]},
			"faces": {
				"north": {"uv": [8.225, 3.525, 7.775, 4.225], "texture": "#12"},
				"east": {"uv": [8.475, 0.025, 8.025, 0.725], "texture": "#12"},
				"south": {"uv": [8.225, 7.275, 7.775, 7.975], "texture": "#12"},
				"west": {"uv": [8.225, 4.275, 7.775, 4.975], "texture": "#12"},
				"up": {"uv": [0.525, 9.225, 0.975, 8.775], "texture": "#12"},
				"down": {"uv": [8.775, 0.525, 9.225, 0.975], "texture": "#12"}
			}
		},
		{
			"from": [11.01318, 18.78671, 10.42993],
			"to": [13.01118, 20.78471, 13.42793],
			"rotation": {"angle": -45, "axis": "x", "origin": [12.01218, 19.78571, 7.42893]},
			"faces": {
				"north": {"uv": [9.225, 1.775, 8.775, 2.225], "texture": "#12"},
				"east": {"uv": [2.475, 8.025, 1.775, 8.475], "texture": "#12"},
				"south": {"uv": [9.225, 2.275, 8.775, 2.725], "texture": "#12"},
				"west": {"uv": [8.725, 0.775, 8.025, 1.225], "texture": "#12"},
				"up": {"uv": [4.025, 8.725, 4.475, 8.025], "texture": "#12"},
				"down": {"uv": [4.525, 8.025, 4.975, 8.725], "texture": "#12"}
			}
		},
		{
			"from": [10.01218, 20.99482, 6.002],
			"to": [12.01018, 23.99282, 9],
			"rotation": {"angle": 45, "axis": "x", "origin": [11.01118, 22.49382, 7.501]},
			"faces": {
				"north": {"uv": [5.475, 8.025, 5.025, 8.725], "texture": "#12"},
				"east": {"uv": [4.725, 7.275, 4.025, 7.975], "texture": "#12"},
				"south": {"uv": [8.475, 5.025, 8.025, 5.725], "texture": "#12"},
				"west": {"uv": [2.475, 7.275, 1.775, 7.975], "texture": "#12"},
				"up": {"uv": [8.025, 6.475, 8.475, 5.775], "texture": "#12"},
				"down": {"uv": [8.025, 6.525, 8.475, 7.225], "texture": "#12"}
			}
		},
		{
			"from": [7.5, -10, 7],
			"to": [8.5, 13, 8],
			"rotation": {"angle": 0, "axis": "y", "origin": [15.5, -7, 1]},
			"faces": {
				"north": {"uv": [3.225, 3.775, 3.025, 9.475], "texture": "#12"},
				"east": {"uv": [3.975, 5.525, 3.775, 11.225], "texture": "#12"},
				"south": {"uv": [3.725, 5.525, 3.525, 11.225], "texture": "#12"},
				"west": {"uv": [3.475, 3.775, 3.275, 9.475], "texture": "#12"},
				"up": {"uv": [8.025, 1.475, 8.225, 1.275], "texture": "#12"},
				"down": {"uv": [8.275, 1.275, 8.475, 1.475], "texture": "#12"}
			}
		},
		{
			"from": [7.53906, -14.19034, 7.001],
			"to": [8.53706, -7.19234, 7.999],
			"rotation": {"angle": 45, "axis": "z", "origin": [8.03806, -10.19134, 7.5]},
			"faces": {
				"north": {"uv": [7.475, 7.275, 7.275, 8.975], "texture": "#12"},
				"east": {"uv": [7.725, 7.275, 7.525, 8.975], "texture": "#12"},
				"south": {"uv": [7.725, 1.775, 7.525, 3.475], "texture": "#12"},
				"west": {"uv": [7.725, 0.025, 7.525, 1.725], "texture": "#12"},
				"up": {"uv": [8.525, 0.725, 8.725, 0.525], "texture": "#12"},
				"down": {"uv": [8.525, 1.775, 8.725, 1.975], "texture": "#12"}
			}
		},
		{
			"from": [5.53806, -16, 7.5],
			"to": [14.53806, -5.19134, 7.5],
			"rotation": {"angle": 45, "axis": "z", "origin": [8.03806, -10.19134, 7.5]},
			"faces": {
				"north": {"uv": [5.725, 0.025, 3.525, 2.725], "texture": "#12"},
				"east": {"uv": [0.025, 0.025, 0.025, 2.725], "texture": "#12"},
				"south": {"uv": [5.725, 2.775, 3.525, 5.475], "texture": "#12"},
				"west": {"uv": [0.025, 0.025, 0.025, 2.725], "texture": "#12"},
				"up": {"uv": [0.025, 0.025, 2.225, 0.025], "texture": "#12"},
				"down": {"uv": [0.025, 0.025, 2.225, 0.025], "texture": "#12"}
			}
		},
		{
			"from": [7.35255, 11.35255, 6.999],
			"to": [8.35455, 14.35455, 8.001],
			"rotation": {"angle": 45, "axis": "z", "origin": [7.85355, 13.35355, 7.5], "rescale": true},
			"faces": {
				"north": {"uv": [8.975, 5.275, 8.775, 5.975], "texture": "#12"},
				"east": {"uv": [8.975, 7.025, 8.775, 7.725], "texture": "#12"},
				"south": {"uv": [7.225, 8.775, 7.025, 9.475], "texture": "#12"},
				"west": {"uv": [6.975, 8.775, 6.775, 9.475], "texture": "#12"},
				"up": {"uv": [8.525, 7.225, 8.725, 7.025], "texture": "#12"},
				"down": {"uv": [8.775, 1.025, 8.975, 1.225], "texture": "#12"}
			}
		},
		{
			"from": [9.75692, 11.37506, 7],
			"to": [10.75492, 22.37306, 7.998],
			"rotation": {"angle": -22.5, "axis": "z", "origin": [12.71303, 17.86068, 7.499]},
			"faces": {
				"north": {"uv": [6.725, 7.025, 6.525, 9.725], "texture": "#12"},
				"east": {"uv": [1.725, 7.275, 1.525, 9.975], "texture": "#12"},
				"south": {"uv": [1.475, 7.275, 1.275, 9.975], "texture": "#12"},
				"west": {"uv": [1.225, 7.275, 1.025, 9.975], "texture": "#12"},
				"up": {"uv": [7.775, 8.975, 7.975, 8.775], "texture": "#12"},
				"down": {"uv": [8.775, 7.775, 8.975, 7.975], "texture": "#12"}
			}
		},
		{
			"from": [8.50692, 16.62506, 6],
			"to": [11.50492, 20.62306, 8.998],
			"rotation": {"angle": -22.5, "axis": "z", "origin": [12.71303, 17.86068, 7.499]},
			"faces": {
				"north": {"uv": [6.725, 5.025, 6.025, 5.975], "texture": "#12"},
				"east": {"uv": [1.225, 6.275, 0.525, 7.225], "texture": "#12"},
				"south": {"uv": [6.975, 0.025, 6.275, 0.975], "texture": "#12"},
				"west": {"uv": [6.725, 6.025, 6.025, 6.975], "texture": "#12"},
				"up": {"uv": [4.775, 7.975, 5.475, 7.275], "texture": "#12"},
				"down": {"uv": [7.275, 5.025, 7.975, 5.725], "texture": "#12"}
			}
		},
		{
			"from": [6.5, -6.998, 6],
			"to": [9.498, -3, 8.998],
			"rotation": {"angle": 0, "axis": "y", "origin": [15.499, 20.751, 7.999]},
			"faces": {
				"north": {"uv": [1.975, 6.275, 1.275, 7.225], "texture": "#12"},
				"east": {"uv": [6.975, 4.025, 6.275, 4.975], "texture": "#12"},
				"south": {"uv": [6.975, 3.025, 6.275, 3.975], "texture": "#12"},
				"west": {"uv": [6.975, 2.025, 6.275, 2.975], "texture": "#12"},
				"up": {"uv": [7.275, 6.475, 7.975, 5.775], "texture": "#12"},
				"down": {"uv": [7.275, 6.525, 7.975, 7.225], "texture": "#12"}
			}
		},
		{
			"from": [10.75592, 5.37406, 7.499],
			"to": [17.75592, 20.37406, 7.499],
			"rotation": {"angle": -22.5, "axis": "z", "origin": [12.71303, 17.86068, 7.499]},
			"faces": {
				"north": {"uv": [1.725, 0.025, 0.025, 3.725], "texture": "#12"},
				"east": {"uv": [0.025, 0.025, 0.025, 3.725], "texture": "#12"},
				"south": {"uv": [3.475, 0.025, 1.775, 3.725], "texture": "#12"},
				"west": {"uv": [0.025, 0.025, 0.025, 3.725], "texture": "#12"},
				"up": {"uv": [0.025, 0.025, 1.725, 0.025], "texture": "#12"},
				"down": {"uv": [0.025, 0.025, 1.725, 0.025], "texture": "#12"}
			}
		},
		{
			"from": [9.25592, 15.37406, 6.499],
			"to": [11.25592, 18.37406, 8.499],
			"rotation": {"angle": -22.5, "axis": "z", "origin": [12.71303, 17.86068, 7.499]},
			"faces": {
				"north": {"uv": [7.225, 8.025, 6.775, 8.725], "texture": "#12"},
				"east": {"uv": [8.725, 2.775, 8.275, 3.475], "texture": "#12"},
				"south": {"uv": [8.725, 2.025, 8.275, 2.725], "texture": "#12"},
				"west": {"uv": [8.225, 8.025, 7.775, 8.725], "texture": "#12"},
				"up": {"uv": [8.775, 3.225, 9.225, 2.775], "texture": "#12"},
				"down": {"uv": [8.775, 3.275, 9.225, 3.725], "texture": "#12"}
			}
		},
		{
			"from": [10.17113, 20.37506, 6.5],
			"to": [12.16913, 23.31954, 8.498],
			"rotation": {"angle": -22.5, "axis": "z", "origin": [12.71303, 17.86068, 7.499]},
			"faces": {
				"north": {"uv": [8.725, 3.525, 8.275, 4.225], "texture": "#12"},
				"east": {"uv": [8.725, 8.025, 8.275, 8.725], "texture": "#12"},
				"south": {"uv": [8.725, 7.275, 8.275, 7.975], "texture": "#12"},
				"west": {"uv": [8.725, 4.275, 8.275, 4.975], "texture": "#12"},
				"up": {"uv": [8.775, 4.225, 9.225, 3.775], "texture": "#12"},
				"down": {"uv": [4.025, 8.775, 4.475, 9.225], "texture": "#12"}
			}
		},
		{
			"from": [7, -8.1, 6.5],
			"to": [9, -2.1, 8.5],
			"rotation": {"angle": 0, "axis": "y", "origin": [15.5, -7, 1]},
			"faces": {
				"north": {"uv": [7.225, 5.025, 6.775, 6.475], "texture": "#12"},
				"east": {"uv": [7.475, 2.025, 7.025, 3.475], "texture": "#12"},
				"south": {"uv": [7.475, 0.025, 7.025, 1.475], "texture": "#12"},
				"west": {"uv": [7.225, 6.525, 6.775, 7.975], "texture": "#12"},
				"up": {"uv": [8.775, 4.725, 9.225, 4.275], "texture": "#12"},
				"down": {"uv": [4.525, 8.775, 4.975, 9.225], "texture": "#12"}
			}
		},
		{
			"from": [7, 3.1, 6.5],
			"to": [9, 9.1, 8.5],
			"rotation": {"angle": 0, "axis": "y", "origin": [8, 6, 7.5]},
			"faces": {
				"north": {"uv": [7.475, 3.525, 7.025, 4.975], "texture": "#12"},
				"east": {"uv": [0.975, 7.275, 0.525, 8.725], "texture": "#12"},
				"south": {"uv": [0.475, 7.275, 0.025, 8.725], "texture": "#12"},
				"west": {"uv": [6.475, 7.025, 6.025, 8.475], "texture": "#12"},
				"up": {"uv": [8.775, 5.225, 9.225, 4.775], "texture": "#12"},
				"down": {"uv": [5.025, 8.775, 5.475, 9.225], "texture": "#12"}
			}
		}
	],
	"gui_light": "front",
	"display": {
		"thirdperson_righthand": {
			"rotation": [0, 90, 0],
			"translation": [0.5, 0, 0]
		},
		"thirdperson_lefthand": {
			"rotation": [0, -90, 0],
			"translation": [-0.5, 0, 0]
		},
		"firstperson_righthand": {
			"rotation": [165, 100, -180],
			"translation": [14.75, -1.75, -8.5],
			"scale": [0.7, 0.7, 0.7]
		},
		"firstperson_lefthand": {
			"rotation": [165, -80, -180],
			"translation": [14.75, -2.75, -9.75],
			"scale": [0.7, 0.7, 0.7]
		},
		"ground": {
			"rotation": [-142, 0, 0],
			"scale": [0.32, 0.32, 0.32]
		},
		"gui": {
			"rotation": [90, 45, -90],
			"translation": [-0.75, -1, 0],
			"scale": [0.43, 0.43, 0.43]
		},
		"fixed": {
			"rotation": [90, 0, 30],
			"translation": [5.25, -1, -16.75],
			"scale": [0.9, 0.9, 0.9]
		}
	},
	"groups": [
		{
			"name": "shovel",
			"origin": [4.60304, 25.12067, 6.5],
			"color": 0,
			"children": [
				{
					"name": "group",
					"origin": [19.48782, 19.78571, 6.42893],
					"color": 0,
					"children": [0, 1, 2, 3, 4, 5, 6, 7]
				},
				8,
				9,
				10,
				11,
				12,
				13,
				14,
				15,
				16,
				17,
				18,
				19,
				20
			]
		}
	]
}