{
	"credit": "Made by Elo106",
	"texture_size": [128, 128],
	"textures": {
		"11": "voxelspawns/vs_lichset/vs_lich_axe",
		"particle": "voxelspawns/vs_lichset/vs_lich_hoe"
	},
	"elements": [
		{
			"from": [7.5, -10, 7],
			"to": [8.5, 13, 8],
			"rotation": {"angle": 0, "axis": "y", "origin": [0.5, -7, 1]},
			"faces": {
				"north": {"uv": [7.525, 7.275, 7.725, 12.975], "texture": "#11"},
				"east": {"uv": [7.775, 7.275, 7.975, 12.975], "texture": "#11"},
				"south": {"uv": [8.025, 0.025, 8.225, 5.725], "texture": "#11"},
				"west": {"uv": [3.525, 8.025, 3.725, 13.725], "texture": "#11"},
				"up": {"uv": [8.975, 8.225, 8.775, 8.025], "texture": "#11"},
				"down": {"uv": [8.975, 8.275, 8.775, 8.475], "texture": "#11"}
			}
		},
		{
			"from": [7.46294, -14.19034, 7.001],
			"to": [8.46094, -7.19234, 7.999],
			"rotation": {"angle": -45, "axis": "z", "origin": [7.96194, -10.19134, 7.5]},
			"faces": {
				"north": {"uv": [5.775, 9.525, 5.975, 11.225], "texture": "#11"},
				"east": {"uv": [6.025, 9.525, 6.225, 11.225], "texture": "#11"},
				"south": {"uv": [6.275, 9.525, 6.475, 11.225], "texture": "#11"},
				"west": {"uv": [9.525, 8.025, 9.725, 9.725], "texture": "#11"},
				"up": {"uv": [9.225, 4.725, 9.025, 4.525], "texture": "#11"},
				"down": {"uv": [9.225, 4.775, 9.025, 4.975], "texture": "#11"}
			}
		},
		{
			"from": [1.46194, -16, 7.5],
			"to": [10.46194, -5.19134, 7.5],
			"rotation": {"angle": -45, "axis": "z", "origin": [7.96194, -10.19134, 7.5]},
			"faces": {
				"north": {"uv": [3.525, 4.525, 5.725, 7.225], "texture": "#11"},
				"east": {"uv": [0.025, 0.025, 0.025, 2.725], "texture": "#11"},
				"south": {"uv": [5.775, 4.525, 7.975, 7.225], "texture": "#11"},
				"west": {"uv": [0.025, 0.025, 0.025, 2.725], "texture": "#11"},
				"up": {"uv": [2.225, 0.025, 0.025, 0.025], "texture": "#11"},
				"down": {"uv": [2.225, 0.025, 0.025, 0.025], "texture": "#11"}
			}
		},
		{
			"from": [7.64545, 11.35255, 6.999],
			"to": [8.64745, 14.35455, 8.001],
			"rotation": {"angle": -45, "axis": "z", "origin": [8.14645, 13.35355, 7.5], "rescale": true},
			"faces": {
				"north": {"uv": [7.275, 10.025, 7.475, 10.725], "texture": "#11"},
				"east": {"uv": [0.525, 10.275, 0.725, 10.975], "texture": "#11"},
				"south": {"uv": [10.275, 8.025, 10.475, 8.725], "texture": "#11"},
				"west": {"uv": [10.275, 8.775, 10.475, 9.475], "texture": "#11"},
				"up": {"uv": [9.975, 5.475, 9.775, 5.275], "texture": "#11"},
				"down": {"uv": [9.975, 5.525, 9.775, 5.725], "texture": "#11"}
			}
		},
		{
			"from": [5.24508, 11.37506, 7],
			"to": [6.24308, 27.37306, 7.998],
			"rotation": {"angle": 22.5, "axis": "z", "origin": [3.28697, 17.86068, 7.499]},
			"faces": {
				"north": {"uv": [7.775, 0.025, 7.975, 3.975], "texture": "#11"},
				"east": {"uv": [6.525, 8.025, 6.725, 11.975], "texture": "#11"},
				"south": {"uv": [6.775, 8.025, 6.975, 11.975], "texture": "#11"},
				"west": {"uv": [7.025, 8.025, 7.225, 11.975], "texture": "#11"},
				"up": {"uv": [10.725, 0.725, 10.525, 0.525], "texture": "#11"},
				"down": {"uv": [10.725, 0.775, 10.525, 0.975], "texture": "#11"}
			}
		},
		{
			"from": [4.49508, 19.12506, 6],
			"to": [7.49308, 23.12306, 8.998],
			"rotation": {"angle": 22.5, "axis": "z", "origin": [3.28697, 17.86068, 7.499]},
			"faces": {
				"north": {"uv": [8.275, 0.025, 8.975, 0.975], "texture": "#11"},
				"east": {"uv": [0.775, 8.275, 1.475, 9.225], "texture": "#11"},
				"south": {"uv": [8.275, 1.025, 8.975, 1.975], "texture": "#11"},
				"west": {"uv": [1.525, 8.275, 2.225, 9.225], "texture": "#11"},
				"up": {"uv": [9.975, 6.475, 9.275, 5.775], "texture": "#11"},
				"down": {"uv": [9.975, 6.525, 9.275, 7.225], "texture": "#11"}
			}
		},
		{
			"from": [6.502, -6.998, 6],
			"to": [9.5, -3, 8.998],
			"rotation": {"angle": 0, "axis": "y", "origin": [0.501, 20.751, 7.999]},
			"faces": {
				"north": {"uv": [8.275, 2.025, 8.975, 2.975], "texture": "#11"},
				"east": {"uv": [2.275, 8.275, 2.975, 9.225], "texture": "#11"},
				"south": {"uv": [8.275, 3.025, 8.975, 3.975], "texture": "#11"},
				"west": {"uv": [8.275, 4.025, 8.975, 4.975], "texture": "#11"},
				"up": {"uv": [9.975, 7.975, 9.275, 7.275], "texture": "#11"},
				"down": {"uv": [0.725, 9.525, 0.025, 10.225], "texture": "#11"}
			}
		},
		{
			"from": [-1.75592, 5.37406, 7.499],
			"to": [5.24408, 20.37406, 7.499],
			"rotation": {"angle": 22.5, "axis": "z", "origin": [3.28697, 17.86068, 7.499]},
			"faces": {
				"north": {"uv": [0.025, 4.525, 1.725, 8.225], "texture": "#11"},
				"east": {"uv": [0.025, 0.025, 0.025, 3.725], "texture": "#11"},
				"south": {"uv": [1.775, 4.525, 3.475, 8.225], "texture": "#11"},
				"west": {"uv": [0.025, 0.025, 0.025, 3.725], "texture": "#11"},
				"up": {"uv": [1.725, 0.025, 0.025, 0.025], "texture": "#11"},
				"down": {"uv": [1.725, 0.025, 0.025, 0.025], "texture": "#11"}
			}
		},
		{
			"from": [4.74408, 15.37406, 6.499],
			"to": [6.74408, 18.37406, 8.499],
			"rotation": {"angle": 22.5, "axis": "z", "origin": [3.28697, 17.86068, 7.499]},
			"faces": {
				"north": {"uv": [8.275, 5.025, 8.725, 5.725], "texture": "#11"},
				"east": {"uv": [9.525, 3.025, 9.975, 3.725], "texture": "#11"},
				"south": {"uv": [9.525, 3.775, 9.975, 4.475], "texture": "#11"},
				"west": {"uv": [9.025, 9.525, 9.475, 10.225], "texture": "#11"},
				"up": {"uv": [7.975, 4.475, 7.525, 4.025], "texture": "#11"},
				"down": {"uv": [10.475, 6.525, 10.025, 6.975], "texture": "#11"}
			}
		},
		{
			"from": [3.83087, 20.37506, 6.5],
			"to": [5.82887, 25.31954, 8.498],
			"rotation": {"angle": 22.5, "axis": "z", "origin": [3.28697, 17.86068, 7.499]},
			"faces": {
				"north": {"uv": [2.275, 9.275, 2.725, 10.475], "texture": "#11"},
				"east": {"uv": [3.775, 9.275, 4.225, 10.475], "texture": "#11"},
				"south": {"uv": [4.275, 9.275, 4.725, 10.475], "texture": "#11"},
				"west": {"uv": [9.275, 4.525, 9.725, 5.725], "texture": "#11"},
				"up": {"uv": [10.475, 7.475, 10.025, 7.025], "texture": "#11"},
				"down": {"uv": [10.475, 7.525, 10.025, 7.975], "texture": "#11"}
			}
		},
		{
			"from": [7, -8, 6.5],
			"to": [9, -2, 8.5],
			"rotation": {"angle": 0, "axis": "y", "origin": [0.5, -7, 1]},
			"faces": {
				"north": {"uv": [3.025, 8.275, 3.475, 9.725], "texture": "#11"},
				"east": {"uv": [8.025, 8.525, 8.475, 9.975], "texture": "#11"},
				"south": {"uv": [8.525, 8.525, 8.975, 9.975], "texture": "#11"},
				"west": {"uv": [8.775, 5.025, 9.225, 6.475], "texture": "#11"},
				"up": {"uv": [8.475, 10.475, 8.025, 10.025], "texture": "#11"},
				"down": {"uv": [8.975, 10.025, 8.525, 10.475], "texture": "#11"}
			}
		},
		{
			"from": [7, 1.1, 6.5],
			"to": [9, 7.1, 8.5],
			"rotation": {"angle": 0, "axis": "y", "origin": [0.5, -7, 1]},
			"faces": {
				"north": {"uv": [8.775, 6.525, 9.225, 7.975], "texture": "#11"},
				"east": {"uv": [9.025, 0.025, 9.475, 1.475], "texture": "#11"},
				"south": {"uv": [9.025, 1.525, 9.475, 2.975], "texture": "#11"},
				"west": {"uv": [9.025, 3.025, 9.475, 4.475], "texture": "#11"},
				"up": {"uv": [10.475, 10.225, 10.025, 9.775], "texture": "#11"},
				"down": {"uv": [0.475, 10.275, 0.025, 10.725], "texture": "#11"}
			}
		},
		{
			"from": [11.16257, 18.201, 6.499],
			"to": [13.16257, 24.201, 8.499],
			"rotation": {"angle": 22.5, "axis": "z", "origin": [13.03198, 22.95152, 7.499]},
			"faces": {
				"north": {"uv": [9.025, 8.025, 9.475, 9.475], "texture": "#11"},
				"east": {"uv": [0.775, 9.275, 1.225, 10.725], "texture": "#11"},
				"south": {"uv": [1.275, 9.275, 1.725, 10.725], "texture": "#11"},
				"west": {"uv": [1.775, 9.275, 2.225, 10.725], "texture": "#11"},
				"up": {"uv": [10.725, 3.475, 10.275, 3.025], "texture": "#11"},
				"down": {"uv": [10.725, 3.525, 10.275, 3.975], "texture": "#11"}
			}
		},
		{
			"from": [13.16257, 18.201, 6.999],
			"to": [16.16257, 24.201, 7.999],
			"rotation": {"angle": 22.5, "axis": "z", "origin": [13.03198, 22.95152, 7.499]},
			"faces": {
				"north": {"uv": [5.775, 8.025, 6.475, 9.475], "texture": "#11"},
				"east": {"uv": [3.025, 9.775, 3.225, 11.225], "texture": "#11"},
				"south": {"uv": [8.025, 5.775, 8.725, 7.225], "texture": "#11"},
				"west": {"uv": [3.275, 9.775, 3.475, 11.225], "texture": "#11"},
				"up": {"uv": [10.975, 4.225, 10.275, 4.025], "texture": "#11"},
				"down": {"uv": [10.725, 10.275, 10.025, 10.475], "texture": "#11"}
			}
		},
		{
			"from": [12.97157, 15.61358, 6.5],
			"to": [14.96957, 18.61158, 8.498],
			"rotation": {"angle": 0, "axis": "y", "origin": [13.03198, 22.95152, 7.499]},
			"faces": {
				"north": {"uv": [9.775, 4.525, 10.225, 5.225], "texture": "#11"},
				"east": {"uv": [9.775, 8.025, 10.225, 8.725], "texture": "#11"},
				"south": {"uv": [9.775, 8.775, 10.225, 9.475], "texture": "#11"},
				"west": {"uv": [9.525, 9.775, 9.975, 10.475], "texture": "#11"},
				"up": {"uv": [10.725, 4.975, 10.275, 4.525], "texture": "#11"},
				"down": {"uv": [10.725, 5.025, 10.275, 5.475], "texture": "#11"}
			}
		},
		{
			"from": [13.74321, 14.76163, 7],
			"to": [16.74121, 19.75963, 7.998],
			"rotation": {"angle": 0, "axis": "y", "origin": [13.03198, 22.95152, 7.499]},
			"faces": {
				"north": {"uv": [8.025, 7.275, 8.725, 8.475], "texture": "#11"},
				"east": {"uv": [10.025, 3.025, 10.225, 4.225], "texture": "#11"},
				"south": {"uv": [0.025, 8.275, 0.725, 9.475], "texture": "#11"},
				"west": {"uv": [10.025, 5.275, 10.225, 6.475], "texture": "#11"},
				"up": {"uv": [11.225, 0.225, 10.525, 0.025], "texture": "#11"},
				"down": {"uv": [11.225, 0.275, 10.525, 0.475], "texture": "#11"}
			}
		},
		{
			"from": [11.62978, 24.05491, 6.498],
			"to": [15.63178, 29.05691, 8.5],
			"rotation": {"angle": 45, "axis": "z", "origin": [13.03198, 22.95152, 7.499]},
			"faces": {
				"north": {"uv": [3.775, 8.025, 4.725, 9.225], "texture": "#11"},
				"east": {"uv": [4.775, 9.275, 5.225, 10.475], "texture": "#11"},
				"south": {"uv": [4.775, 8.025, 5.725, 9.225], "texture": "#11"},
				"west": {"uv": [5.275, 9.275, 5.725, 10.475], "texture": "#11"},
				"up": {"uv": [7.475, 4.475, 6.525, 4.025], "texture": "#11"},
				"down": {"uv": [10.475, 0.025, 9.525, 0.475], "texture": "#11"}
			}
		},
		{
			"from": [12.62978, 22.05491, 6.998],
			"to": [17.63178, 30.05691, 8],
			"rotation": {"angle": 45, "axis": "z", "origin": [13.03198, 22.95152, 7.499]},
			"faces": {
				"north": {"uv": [6.525, 0.025, 7.725, 1.975], "texture": "#11"},
				"east": {"uv": [7.275, 8.025, 7.475, 9.975], "texture": "#11"},
				"south": {"uv": [6.525, 2.025, 7.725, 3.975], "texture": "#11"},
				"west": {"uv": [2.775, 9.275, 2.975, 11.225], "texture": "#11"},
				"up": {"uv": [10.975, 9.725, 9.775, 9.525], "texture": "#11"},
				"down": {"uv": [11.225, 4.275, 10.025, 4.475], "texture": "#11"}
			}
		},
		{
			"from": [9.40139, 28.05503, 6.499],
			"to": [13.40139, 30.05503, 8.499],
			"rotation": {"angle": 22.5, "axis": "z", "origin": [13.03198, 22.95152, 7.499]},
			"faces": {
				"north": {"uv": [9.525, 0.525, 10.475, 0.975], "texture": "#11"},
				"east": {"uv": [10.275, 5.525, 10.725, 5.975], "texture": "#11"},
				"south": {"uv": [9.525, 1.025, 10.475, 1.475], "texture": "#11"},
				"west": {"uv": [10.275, 6.025, 10.725, 6.475], "texture": "#11"},
				"up": {"uv": [10.475, 1.975, 9.525, 1.525], "texture": "#11"},
				"down": {"uv": [10.475, 2.025, 9.525, 2.475], "texture": "#11"}
			}
		},
		{
			"from": [-1.3148, 14.24502, 7.5],
			"to": [11.6852, 32, 7.5],
			"rotation": {"angle": 22.5, "axis": "z", "origin": [3.1852, 26.74502, 7.5]},
			"faces": {
				"north": {"uv": [0.008, 0.008, 3.242, 4.492], "texture": "#11"},
				"east": {"uv": [0.008, 0.008, -0.025, 4.492], "texture": "#11"},
				"south": {"uv": [3.258, 0.008, 6.492, 4.492], "texture": "#11"},
				"west": {"uv": [0.008, 0.008, -0.025, 4.492], "texture": "#11"},
				"up": {"uv": [3.242, 0.008, 0.008, -0.025], "texture": "#11"},
				"down": {"uv": [3.242, 0.008, 0.008, -0.025], "texture": "#11"}
			}
		},
		{
			"from": [4.82671, 20.39049, 6.999],
			"to": [12.82671, 23.39049, 7.999],
			"rotation": {"angle": 0, "axis": "y", "origin": [5.28697, 17.86068, 7.499]},
			"faces": {
				"north": {"uv": [3.525, 7.275, 5.475, 7.975], "texture": "#11"},
				"east": {"uv": [9.025, 10.275, 9.225, 10.975], "texture": "#11"},
				"south": {"uv": [5.525, 7.275, 7.475, 7.975], "texture": "#11"},
				"west": {"uv": [9.275, 10.275, 9.475, 10.975], "texture": "#11"},
				"up": {"uv": [11.475, 2.725, 9.525, 2.525], "texture": "#11"},
				"down": {"uv": [11.475, 2.775, 9.525, 2.975], "texture": "#11"}
			}
		}
	],
	"gui_light": "front",
	"display": {
		"thirdperson_righthand": {
			"rotation": [0, 90, 0],
			"translation": [0.5, 2, 0]
		},
		"thirdperson_lefthand": {
			"rotation": [0, -90, 0],
			"translation": [-0.5, 2, 0]
		},
		"firstperson_righthand": {
			"rotation": [165, 100, -180],
			"translation": [13, -0.75, -8.5],
			"scale": [0.7, 0.7, 0.7]
		},
		"firstperson_lefthand": {
			"rotation": [165, -80, -180],
			"translation": [13, -1.75, -9.75],
			"scale": [0.7, 0.7, 0.7]
		},
		"ground": {
			"rotation": [-142, 0, 0],
			"scale": [0.32, 0.32, 0.32]
		},
		"gui": {
			"rotation": [0, 0, -45],
			"translation": [0, -1, 0],
			"scale": [0.39, 0.39, 0.39]
		},
		"fixed": {
			"rotation": [0, -180, -45],
			"translation": [-1.25, -1, -1.5],
			"scale": [0.9, 0.9, 0.9]
		}
	},
	"groups": [
		{
			"name": "axe",
			"origin": [8, 8, 8],
			"color": 0,
			"children": [
				{
					"name": "griff",
					"origin": [8, 8, 8],
					"color": 0,
					"children": [0, 1, 2, 3, 4, 5, 6, 7, 8, 9, 10, 11]
				},
				12,
				13,
				14,
				15,
				16,
				17,
				18,
				19,
				20
			]
		}
	]
}