{
	"credit": "Made by Elo106",
	"texture_size": [128, 128],
	"textures": {
		"0": "voxelspawns/vs_lichset/vs_lich_hoe",
		"particle": "voxelspawns/vs_lichset/vs_lich_hoe"
	},
	"elements": [
		{
			"from": [7.5, -10, 7],
			"to": [8.5, 13, 8],
			"rotation": {"angle": 0, "axis": "y", "origin": [0.5, -7, 1]},
			"faces": {
				"north": {"uv": [5.525, 6.775, 5.725, 12.475], "texture": "#0"},
				"east": {"uv": [3.525, 7.525, 3.725, 13.225], "texture": "#0"},
				"south": {"uv": [3.775, 7.525, 3.975, 13.225], "texture": "#0"},
				"west": {"uv": [4.025, 7.525, 4.225, 13.225], "texture": "#0"},
				"up": {"uv": [10.225, 1.475, 10.025, 1.275], "texture": "#0"},
				"down": {"uv": [10.225, 1.525, 10.025, 1.725], "texture": "#0"}
			}
		},
		{
			"from": [7.46294, -14.19034, 7.001],
			"to": [8.46094, -7.19234, 7.999],
			"rotation": {"angle": -45, "axis": "z", "origin": [7.96194, -10.19134, 7.5]},
			"faces": {
				"north": {"uv": [8.525, 8.775, 8.725, 10.475], "texture": "#0"},
				"east": {"uv": [8.775, 8.775, 8.975, 10.475], "texture": "#0"},
				"south": {"uv": [9.025, 6.275, 9.225, 7.975], "texture": "#0"},
				"west": {"uv": [9.025, 8.025, 9.225, 9.725], "texture": "#0"},
				"up": {"uv": [2.475, 10.225, 2.275, 10.025], "texture": "#0"},
				"down": {"uv": [10.225, 2.275, 10.025, 2.475], "texture": "#0"}
			}
		},
		{
			"from": [1.46194, -16, 7.5],
			"to": [10.46194, -5.19134, 7.5],
			"rotation": {"angle": -45, "axis": "z", "origin": [7.96194, -10.19134, 7.5]},
			"faces": {
				"north": {"uv": [3.508, 4.008, 5.742, 6.742], "texture": "#0"},
				"east": {"uv": [0.008, 0.008, -0.025, 2.742], "texture": "#0"},
				"south": {"uv": [5.742, 4.008, 3.508, 6.742], "texture": "#0"},
				"west": {"uv": [0.008, 0.008, -0.025, 2.742], "texture": "#0"},
				"up": {"uv": [2.242, 0.008, 0.008, -0.025], "texture": "#0"},
				"down": {"uv": [2.242, 0.008, 0.008, -0.025], "texture": "#0"}
			}
		},
		{
			"from": [7.64545, 11.35255, 6.999],
			"to": [8.64745, 14.35455, 8.001],
			"rotation": {"angle": -45, "axis": "z", "origin": [8.14645, 13.35355, 7.5], "rescale": true},
			"faces": {
				"north": {"uv": [9.525, 6.725, 9.725, 6.025], "texture": "#0"},
				"east": {"uv": [6.525, 10.225, 6.725, 9.525], "texture": "#0"},
				"south": {"uv": [6.775, 10.225, 6.975, 9.525], "texture": "#0"},
				"west": {"uv": [7.025, 10.225, 7.225, 9.525], "texture": "#0"},
				"up": {"uv": [2.725, 10.225, 2.525, 10.025], "texture": "#0"},
				"down": {"uv": [10.225, 2.525, 10.025, 2.725], "texture": "#0"}
			}
		},
		{
			"from": [6.23323, 12.06166, 7.001],
			"to": [7.23123, 28.05966, 7.999],
			"rotation": {"angle": 45, "axis": "z", "origin": [6.73223, 14.06066, 7.5]},
			"faces": {
				"north": {"uv": [4.275, 7.525, 4.475, 11.475], "texture": "#0"},
				"east": {"uv": [4.525, 7.525, 4.725, 11.475], "texture": "#0"},
				"south": {"uv": [4.775, 7.525, 4.975, 11.475], "texture": "#0"},
				"west": {"uv": [5.025, 7.525, 5.225, 11.475], "texture": "#0"},
				"up": {"uv": [2.975, 10.225, 2.775, 10.025], "texture": "#0"},
				"down": {"uv": [3.225, 10.025, 3.025, 10.225], "texture": "#0"}
			}
		},
		{
			"from": [-0.17362, 17.46851, 6.001],
			"to": [2.82438, 21.46651, 8.999],
			"rotation": {"angle": 45, "axis": "z", "origin": [1.07538, 19.71751, 7.5]},
			"faces": {
				"north": {"uv": [15.275, 0.025, 15.975, 0.975], "texture": "#0"},
				"east": {"uv": [15.275, 0.025, 15.975, 0.975], "texture": "#0"},
				"south": {"uv": [15.275, 0.025, 15.975, 0.975], "texture": "#0"},
				"west": {"uv": [15.275, 0.025, 15.975, 0.975], "texture": "#0"},
				"up": {"uv": [15.975, 5.475, 15.275, 4.775], "texture": "#0"},
				"down": {"uv": [15.975, 4.025, 15.275, 4.725], "texture": "#0"}
			}
		},
		{
			"from": [6.502, -6.998, 6],
			"to": [9.5, -3, 8.998],
			"rotation": {"angle": 0, "axis": "y", "origin": [0.501, 20.751, 7.999]},
			"faces": {
				"north": {"uv": [15.275, 0.025, 15.975, 0.975], "texture": "#0"},
				"east": {"uv": [15.275, 0.025, 15.975, 0.975], "texture": "#0"},
				"south": {"uv": [15.275, 0.025, 15.975, 0.975], "texture": "#0"},
				"west": {"uv": [15.275, 0.025, 15.975, 0.975], "texture": "#0"},
				"up": {"uv": [15.975, 5.475, 15.275, 4.775], "texture": "#0"},
				"down": {"uv": [15.975, 4.025, 15.275, 4.725], "texture": "#0"}
			}
		},
		{
			"from": [-0.76777, 7.06066, 7.5],
			"to": [6.23223, 22.06066, 7.5],
			"rotation": {"angle": 45, "axis": "z", "origin": [6.73223, 14.06066, 7.5]},
			"faces": {
				"north": {"uv": [0.008, 4.008, 1.742, 7.742], "texture": "#0"},
				"east": {"uv": [0.008, 0.008, -0.025, 3.742], "texture": "#0"},
				"south": {"uv": [1.742, 4.008, 0.008, 7.742], "texture": "#0"},
				"west": {"uv": [0.008, 0.008, -0.025, 3.742], "texture": "#0"},
				"up": {"uv": [1.742, 0.008, 0.008, -0.025], "texture": "#0"},
				"down": {"uv": [1.742, 0.008, 0.008, -0.025], "texture": "#0"}
			}
		},
		{
			"from": [5.73223, 16.06066, 6.5],
			"to": [7.73223, 19.06066, 8.5],
			"rotation": {"angle": 45, "axis": "z", "origin": [6.73223, 14.06066, 7.5]},
			"faces": {
				"north": {"uv": [9.025, 0.025, 9.475, 0.725], "texture": "#0"},
				"east": {"uv": [1.025, 9.275, 1.475, 9.975], "texture": "#0"},
				"south": {"uv": [1.525, 9.275, 1.975, 9.975], "texture": "#0"},
				"west": {"uv": [2.025, 9.275, 2.475, 9.975], "texture": "#0"},
				"up": {"uv": [9.975, 0.475, 9.525, 0.025], "texture": "#0"},
				"down": {"uv": [9.975, 1.275, 9.525, 1.725], "texture": "#0"}
			}
		},
		{
			"from": [0.70678, 19.69276, 6.5],
			"to": [4.70678, 22.69276, 8.5],
			"rotation": {"angle": 22.5, "axis": "z", "origin": [5.68544, 17.97638, 7.5]},
			"faces": {
				"north": {"uv": [7.525, 7.525, 8.475, 8.225], "texture": "#0"},
				"east": {"uv": [2.525, 9.275, 2.975, 9.975], "texture": "#0"},
				"south": {"uv": [0.025, 7.775, 0.975, 8.475], "texture": "#0"},
				"west": {"uv": [3.025, 9.275, 3.475, 9.975], "texture": "#0"},
				"up": {"uv": [8.975, 6.725, 8.025, 6.275], "texture": "#0"},
				"down": {"uv": [9.475, 1.275, 8.525, 1.725], "texture": "#0"}
			}
		},
		{
			"from": [0.36455, 17.91124, 6.999],
			"to": [6.36655, 21.91324, 8.001],
			"rotation": {"angle": -22.5, "axis": "z", "origin": [5.68544, 17.97638, 7.5]},
			"faces": {
				"north": {"uv": [6.525, 4.775, 7.975, 5.725], "texture": "#0"},
				"east": {"uv": [9.525, 7.025, 9.725, 7.975], "texture": "#0"},
				"south": {"uv": [7.975, 4.775, 6.525, 5.725], "texture": "#0"},
				"west": {"uv": [7.275, 9.525, 7.475, 10.475], "texture": "#0"},
				"up": {"uv": [10.475, 0.975, 9.025, 0.775], "texture": "#0"},
				"down": {"uv": [10.475, 1.025, 9.025, 1.225], "texture": "#0"}
			}
		},
		{
			"from": [14.43937, 11.13031, 7],
			"to": [16.43937, 19.13031, 8],
			"rotation": {"angle": 22.5, "axis": "z", "origin": [15.43937, 14.13031, 7.5]},
			"faces": {
				"north": {"uv": [6.525, 7.525, 6.975, 9.475], "texture": "#0"},
				"east": {"uv": [8.525, 6.775, 8.725, 8.725], "texture": "#0"},
				"south": {"uv": [6.975, 7.525, 6.525, 9.475], "texture": "#0"},
				"west": {"uv": [8.775, 6.775, 8.975, 8.725], "texture": "#0"},
				"up": {"uv": [10.225, 7.725, 9.775, 7.525], "texture": "#0"},
				"down": {"uv": [10.225, 7.775, 9.775, 7.975], "texture": "#0"}
			}
		},
		{
			"from": [15.66254, 10.97499, 6.999],
			"to": [17.66454, 16.97699, 8.001],
			"rotation": {"angle": 0, "axis": "y", "origin": [16.66354, 13.97599, 7.5]},
			"faces": {
				"north": {"uv": [1.025, 7.775, 1.475, 9.225], "texture": "#0"},
				"east": {"uv": [5.775, 9.275, 5.975, 10.725], "texture": "#0"},
				"south": {"uv": [1.475, 7.775, 1.025, 9.225], "texture": "#0"},
				"west": {"uv": [6.025, 9.275, 6.225, 10.725], "texture": "#0"},
				"up": {"uv": [8.475, 9.975, 8.025, 9.775], "texture": "#0"},
				"down": {"uv": [10.475, 0.025, 10.025, 0.225], "texture": "#0"}
			}
		},
		{
			"from": [12.83311, 15.3882, 6.998],
			"to": [15.83711, 25.3922, 8.002],
			"rotation": {"angle": 45, "axis": "z", "origin": [14.83511, 18.3902, 7.5]},
			"faces": {
				"north": {"uv": [5.758, 2.758, 6.492, 5.242], "texture": "#0"},
				"east": {"uv": [5.258, 7.508, 5.492, 9.992], "texture": "#0"},
				"south": {"uv": [6.492, 2.758, 5.758, 5.242], "texture": "#0"},
				"west": {"uv": [6.258, 7.758, 6.492, 10.242], "texture": "#0"},
				"up": {"uv": [10.242, 0.742, 9.508, 0.508], "texture": "#0"},
				"down": {"uv": [10.492, 7.258, 9.758, 7.492], "texture": "#0"}
			}
		},
		{
			"from": [5.4209, 18.21863, 7],
			"to": [13.4209, 21.21863, 8],
			"rotation": {"angle": 0, "axis": "y", "origin": [5.05174, 18.6904, 7.5]},
			"faces": {
				"north": {"uv": [3.525, 6.775, 5.475, 7.475], "texture": "#0"},
				"east": {"uv": [7.525, 9.775, 7.725, 10.475], "texture": "#0"},
				"south": {"uv": [5.475, 6.775, 3.525, 7.475], "texture": "#0"},
				"west": {"uv": [7.775, 9.775, 7.975, 10.475], "texture": "#0"},
				"up": {"uv": [10.475, 1.975, 8.525, 1.775], "texture": "#0"},
				"down": {"uv": [10.475, 2.025, 8.525, 2.225], "texture": "#0"}
			}
		},
		{
			"from": [8.37064, 19.33995, 6.5],
			"to": [12.37064, 21.33995, 8.5],
			"rotation": {"angle": -22.5, "axis": "z", "origin": [10.37064, 20.33995, 7.5]},
			"faces": {
				"north": {"uv": [8.525, 2.275, 9.475, 2.725], "texture": "#0"},
				"east": {"uv": [9.525, 2.275, 9.975, 2.725], "texture": "#0"},
				"south": {"uv": [9.475, 2.275, 8.525, 2.725], "texture": "#0"},
				"west": {"uv": [9.525, 8.025, 9.975, 8.475], "texture": "#0"},
				"up": {"uv": [9.475, 5.725, 8.525, 5.275], "texture": "#0"},
				"down": {"uv": [9.475, 5.775, 8.525, 6.225], "texture": "#0"}
			}
		},
		{
			"from": [6.03518, 21.34249, 7.001],
			"to": [8.03318, 23.34049, 7.999],
			"rotation": {"angle": -45, "axis": "z", "origin": [2.66502, 18.81325, 7.5]},
			"faces": {
				"north": {"uv": [9.525, 8.525, 9.975, 8.975], "texture": "#0"},
				"east": {"uv": [9.025, 9.775, 9.225, 10.225], "texture": "#0"},
				"south": {"uv": [9.975, 8.525, 9.525, 8.975], "texture": "#0"},
				"west": {"uv": [1.025, 10.025, 1.225, 10.475], "texture": "#0"},
				"up": {"uv": [10.475, 0.475, 10.025, 0.275], "texture": "#0"},
				"down": {"uv": [1.725, 10.025, 1.275, 10.225], "texture": "#0"}
			}
		},
		{
			"from": [-1.5801, 20.21763, 6.499],
			"to": [13.4219, 22.21963, 8.501],
			"rotation": {"angle": 0, "axis": "y", "origin": [5.05174, 18.6904, 7.5]},
			"faces": {
				"north": {"uv": [6.508, 2.758, 10.242, 3.242], "texture": "#0"},
				"east": {"uv": [9.508, 9.508, 9.992, 9.992], "texture": "#0"},
				"south": {"uv": [6.508, 3.258, 10.242, 3.742], "texture": "#0"},
				"west": {"uv": [0.008, 9.758, 0.492, 10.242], "texture": "#0"},
				"up": {"uv": [10.242, 4.242, 6.508, 3.758], "texture": "#0"},
				"down": {"uv": [10.242, 4.258, 6.508, 4.742], "texture": "#0"}
			}
		},
		{
			"from": [-11.3291, 17.21863, 7.5],
			"to": [11.6709, 25.21863, 7.5],
			"rotation": {"angle": -22.5, "axis": "z", "origin": [5.05174, 18.6904, 7.5]},
			"faces": {
				"north": {"uv": [0.025, 0.025, 5.725, 1.975], "texture": "#0"},
				"east": {"uv": [0.025, 0.025, 0.025, 1.975], "texture": "#0"},
				"south": {"uv": [5.725, 0.025, 0.025, 1.975], "texture": "#0"},
				"west": {"uv": [0.025, 0.025, 0.025, 1.975], "texture": "#0"},
				"up": {"uv": [5.725, 0.025, 0.025, 0.025], "texture": "#0"},
				"down": {"uv": [5.725, 0.025, 0.025, 0.025], "texture": "#0"}
			}
		},
		{
			"from": [4.60455, 23.67621, 6.501],
			"to": [6.60255, 28.62069, 8.499],
			"rotation": {"angle": 45, "axis": "z", "origin": [9.78103, 15.62683, 7.5]},
			"faces": {
				"north": {"uv": [8.008, 1.508, 8.492, 2.742], "texture": "#0"},
				"east": {"uv": [0.008, 8.508, 0.492, 9.742], "texture": "#0"},
				"south": {"uv": [8.508, 0.008, 8.992, 1.242], "texture": "#0"},
				"west": {"uv": [0.508, 8.508, 0.992, 9.742], "texture": "#0"},
				"up": {"uv": [0.992, 10.242, 0.508, 9.758], "texture": "#0"},
				"down": {"uv": [10.242, 4.758, 9.758, 5.242], "texture": "#0"}
			}
		},
		{
			"from": [7, -8, 6.5],
			"to": [9, -2, 8.5],
			"rotation": {"angle": 0, "axis": "y", "origin": [0.5, -7, 1]},
			"faces": {
				"north": {"uv": [2.008, 7.758, 2.492, 9.242], "texture": "#0"},
				"east": {"uv": [2.508, 7.758, 2.992, 9.242], "texture": "#0"},
				"south": {"uv": [3.008, 7.758, 3.492, 9.242], "texture": "#0"},
				"west": {"uv": [5.758, 7.758, 6.242, 9.242], "texture": "#0"},
				"up": {"uv": [10.242, 5.742, 9.758, 5.258], "texture": "#0"},
				"down": {"uv": [10.242, 5.758, 9.758, 6.242], "texture": "#0"}
			}
		},
		{
			"from": [7, 1, 6.5],
			"to": [9, 7, 8.5],
			"rotation": {"angle": 0, "axis": "y", "origin": [0.5, -7, 1]},
			"faces": {
				"north": {"uv": [8.008, 0.008, 8.492, 1.492], "texture": "#0"},
				"east": {"uv": [8.008, 4.758, 8.492, 6.242], "texture": "#0"},
				"south": {"uv": [7.508, 8.258, 7.992, 9.742], "texture": "#0"},
				"west": {"uv": [8.008, 8.258, 8.492, 9.742], "texture": "#0"},
				"up": {"uv": [10.242, 6.742, 9.758, 6.258], "texture": "#0"},
				"down": {"uv": [10.242, 6.758, 9.758, 7.242], "texture": "#0"}
			}
		}
	],
	"gui_light": "front",
	"display": {
		"thirdperson_righthand": {
			"rotation": [0, 90, 0],
			"translation": [0.5, 2, 0]
		},
		"thirdperson_lefthand": {
			"rotation": [0, -90, 0],
			"translation": [-0.5, 2, 0]
		},
		"firstperson_righthand": {
			"rotation": [165, 100, -180],
			"translation": [13, -0.75, -8.5],
			"scale": [0.7, 0.7, 0.7]
		},
		"firstperson_lefthand": {
			"rotation": [165, -80, -180],
			"translation": [13, -1.75, -9.75],
			"scale": [0.7, 0.7, 0.7]
		},
		"ground": {
			"rotation": [-142, 0, 0],
			"scale": [0.32, 0.32, 0.32]
		},
		"gui": {
			"rotation": [0, 0, -45],
			"translation": [0.75, -1.75, 0],
			"scale": [0.39, 0.39, 0.39]
		},
		"fixed": {
			"rotation": [0, -180, -45],
			"translation": [-1.25, -1, -1.5],
			"scale": [0.9, 0.9, 0.9]
		}
	},
	"groups": [
		{
			"name": "hoe",
			"origin": [8, 8, 8],
			"color": 0,
			"children": [0, 1, 2, 3, 4, 5, 6, 7, 8, 9, 10, 11, 12, 13, 14, 15, 16, 17, 18, 19, 20, 21]
		}
	]
}