{
	"credit": "Made by Elo106",
	"texture_size": [128, 128],
	"textures": {
		"10": "voxelspawns/vs_lichset/vs_lich_pickaxe",
		"particle": "voxelspawns/vs_lichset/vs_lich_hoe"
	},
	"elements": [
		{
			"from": [7.5, -10, 7],
			"to": [8.5, 13, 8],
			"rotation": {"angle": 0, "axis": "y", "origin": [0.5, -7, 1]},
			"faces": {
				"north": {"uv": [6.275, 2.025, 6.475, 7.725], "texture": "#10"},
				"east": {"uv": [6.525, 2.025, 6.725, 7.725], "texture": "#10"},
				"south": {"uv": [6.775, 2.025, 6.975, 7.725], "texture": "#10"},
				"west": {"uv": [7.025, 2.025, 7.225, 7.725], "texture": "#10"},
				"up": {"uv": [6.225, 7.725, 6.025, 7.525], "texture": "#10"},
				"down": {"uv": [9.725, 1.275, 9.525, 1.475], "texture": "#10"}
			}
		},
		{
			"from": [7.46294, -14.19034, 7.001],
			"to": [8.46094, -7.19234, 7.999],
			"rotation": {"angle": -45, "axis": "z", "origin": [7.96194, -10.19134, 7.5]},
			"faces": {
				"north": {"uv": [7.025, 7.775, 7.225, 9.475], "texture": "#10"},
				"east": {"uv": [5.775, 8.525, 5.975, 10.225], "texture": "#10"},
				"south": {"uv": [7.275, 9.025, 7.475, 10.725], "texture": "#10"},
				"west": {"uv": [9.025, 8.025, 9.225, 9.725], "texture": "#10"},
				"up": {"uv": [9.975, 0.725, 9.775, 0.525], "texture": "#10"},
				"down": {"uv": [9.975, 1.775, 9.775, 1.975], "texture": "#10"}
			}
		},
		{
			"from": [1.46194, -16, 7.5],
			"to": [10.46194, -5.19134, 7.5],
			"rotation": {"angle": -45, "axis": "z", "origin": [7.96194, -10.19134, 7.5]},
			"faces": {
				"north": {"uv": [0.025, 5.025, 2.225, 7.725], "texture": "#10"},
				"east": {"uv": [0.025, 0.025, 0.025, 2.725], "texture": "#10"},
				"south": {"uv": [2.275, 5.025, 4.475, 7.725], "texture": "#10"},
				"west": {"uv": [0.025, 0.025, 0.025, 2.725], "texture": "#10"},
				"up": {"uv": [2.225, 0.025, 0.025, 0.025], "texture": "#10"},
				"down": {"uv": [2.225, 0.025, 0.025, 0.025], "texture": "#10"}
			}
		},
		{
			"from": [7.64545, 11.35255, 6.999],
			"to": [8.64745, 14.35455, 8.001],
			"rotation": {"angle": -45, "axis": "z", "origin": [8.14645, 13.35355, 7.5], "rescale": true},
			"faces": {
				"north": {"uv": [2.775, 9.525, 2.975, 10.225], "texture": "#10"},
				"east": {"uv": [7.025, 9.525, 7.225, 10.225], "texture": "#10"},
				"south": {"uv": [9.775, 6.525, 9.975, 7.225], "texture": "#10"},
				"west": {"uv": [9.775, 7.275, 9.975, 7.975], "texture": "#10"},
				"up": {"uv": [9.975, 8.975, 9.775, 8.775], "texture": "#10"},
				"down": {"uv": [0.725, 10.025, 0.525, 10.225], "texture": "#10"}
			}
		},
		{
			"from": [5.24508, 11.37506, 7],
			"to": [6.24308, 27.37306, 7.998],
			"rotation": {"angle": 22.5, "axis": "z", "origin": [3.28697, 17.86068, 7.499]},
			"faces": {
				"north": {"uv": [7.275, 5.025, 7.475, 8.975], "texture": "#10"},
				"east": {"uv": [4.525, 7.525, 4.725, 11.475], "texture": "#10"},
				"south": {"uv": [4.775, 7.525, 4.975, 11.475], "texture": "#10"},
				"west": {"uv": [5.025, 7.525, 5.225, 11.475], "texture": "#10"},
				"up": {"uv": [10.225, 0.725, 10.025, 0.525], "texture": "#10"},
				"down": {"uv": [0.975, 10.025, 0.775, 10.225], "texture": "#10"}
			}
		},
		{
			"from": [4.49508, 19.12506, 6],
			"to": [7.49308, 23.12306, 8.998],
			"rotation": {"angle": 22.5, "axis": "z", "origin": [3.28697, 17.86068, 7.499]},
			"faces": {
				"north": {"uv": [5.275, 7.525, 5.975, 8.475], "texture": "#10"},
				"east": {"uv": [7.525, 7.025, 8.225, 7.975], "texture": "#10"},
				"south": {"uv": [0.025, 7.775, 0.725, 8.725], "texture": "#10"},
				"west": {"uv": [7.775, 0.025, 8.475, 0.975], "texture": "#10"},
				"up": {"uv": [2.975, 9.475, 2.275, 8.775], "texture": "#10"},
				"down": {"uv": [9.475, 3.025, 8.775, 3.725], "texture": "#10"}
			}
		},
		{
			"from": [6.502, -6.998, 6],
			"to": [9.5, -3, 8.998],
			"rotation": {"angle": 0, "axis": "y", "origin": [0.501, 20.751, 7.999]},
			"faces": {
				"north": {"uv": [0.775, 7.775, 1.475, 8.725], "texture": "#10"},
				"east": {"uv": [7.775, 1.025, 8.475, 1.975], "texture": "#10"},
				"south": {"uv": [1.525, 7.775, 2.225, 8.725], "texture": "#10"},
				"west": {"uv": [2.275, 7.775, 2.975, 8.725], "texture": "#10"},
				"up": {"uv": [9.475, 4.475, 8.775, 3.775], "texture": "#10"},
				"down": {"uv": [9.725, 0.025, 9.025, 0.725], "texture": "#10"}
			}
		},
		{
			"from": [-1.75592, 5.37406, 7.499],
			"to": [5.24408, 20.37406, 7.499],
			"rotation": {"angle": 22.5, "axis": "z", "origin": [3.28697, 17.86068, 7.499]},
			"faces": {
				"north": {"uv": [4.508, 0.008, 6.242, 3.742], "texture": "#10"},
				"east": {"uv": [0.008, 0.008, -0.025, 3.742], "texture": "#10"},
				"south": {"uv": [4.508, 3.758, 6.242, 7.492], "texture": "#10"},
				"west": {"uv": [0.008, 0.008, -0.025, 3.742], "texture": "#10"},
				"up": {"uv": [1.742, 0.008, 0.008, -0.025], "texture": "#10"},
				"down": {"uv": [1.742, 0.008, 0.008, -0.025], "texture": "#10"}
			}
		},
		{
			"from": [4.74408, 15.37406, 6.499],
			"to": [6.74408, 18.37406, 8.499],
			"rotation": {"angle": 22.5, "axis": "z", "origin": [3.28697, 17.86068, 7.499]},
			"faces": {
				"north": {"uv": [9.025, 0.775, 9.475, 1.475], "texture": "#10"},
				"east": {"uv": [1.025, 9.275, 1.475, 9.975], "texture": "#10"},
				"south": {"uv": [1.525, 9.275, 1.975, 9.975], "texture": "#10"},
				"west": {"uv": [3.025, 9.275, 3.475, 9.975], "texture": "#10"},
				"up": {"uv": [3.975, 9.725, 3.525, 9.275], "texture": "#10"},
				"down": {"uv": [4.475, 9.275, 4.025, 9.725], "texture": "#10"}
			}
		},
		{
			"from": [3.83087, 20.37506, 6.5],
			"to": [5.82887, 25.31954, 8.498],
			"rotation": {"angle": 22.5, "axis": "z", "origin": [3.28697, 17.86068, 7.499]},
			"faces": {
				"north": {"uv": [5.275, 8.525, 5.725, 9.725], "texture": "#10"},
				"east": {"uv": [8.525, 8.025, 8.975, 9.225], "texture": "#10"},
				"south": {"uv": [0.025, 8.775, 0.475, 9.975], "texture": "#10"},
				"west": {"uv": [0.525, 8.775, 0.975, 9.975], "texture": "#10"},
				"up": {"uv": [6.475, 9.725, 6.025, 9.275], "texture": "#10"},
				"down": {"uv": [6.975, 9.275, 6.525, 9.725], "texture": "#10"}
			}
		},
		{
			"from": [7, -8.1, 6.5],
			"to": [9, -2.1, 8.5],
			"rotation": {"angle": 0, "axis": "y", "origin": [0.5, -7, 1]},
			"faces": {
				"north": {"uv": [3.025, 7.775, 3.475, 9.225], "texture": "#10"},
				"east": {"uv": [3.525, 7.775, 3.975, 9.225], "texture": "#10"},
				"south": {"uv": [4.025, 7.775, 4.475, 9.225], "texture": "#10"},
				"west": {"uv": [6.025, 7.775, 6.475, 9.225], "texture": "#10"},
				"up": {"uv": [9.725, 6.975, 9.275, 6.525], "texture": "#10"},
				"down": {"uv": [9.725, 8.025, 9.275, 8.475], "texture": "#10"}
			}
		},
		{
			"from": [7, 3.1, 6.5],
			"to": [9, 9.1, 8.5],
			"rotation": {"angle": 0, "axis": "y", "origin": [0.5, -7, 1]},
			"faces": {
				"north": {"uv": [6.508, 7.758, 6.992, 9.242], "texture": "#10"},
				"east": {"uv": [7.508, 8.008, 7.992, 9.492], "texture": "#10"},
				"south": {"uv": [8.008, 8.008, 8.492, 9.492], "texture": "#10"},
				"west": {"uv": [8.508, 0.008, 8.992, 1.492], "texture": "#10"},
				"up": {"uv": [8.992, 9.742, 8.508, 9.258], "texture": "#10"},
				"down": {"uv": [9.742, 8.508, 9.258, 8.992], "texture": "#10"}
			}
		},
		{
			"from": [3.60204, 20.61967, 6.999],
			"to": [9.60404, 23.62167, 8.001],
			"rotation": {"angle": 22.5, "axis": "z", "origin": [5.10304, 25.12067, 7.5]},
			"faces": {
				"north": {"uv": [7.275, 2.025, 8.725, 2.725], "texture": "#10"},
				"east": {"uv": [9.775, 8.025, 9.975, 8.725], "texture": "#10"},
				"south": {"uv": [7.275, 2.775, 8.725, 3.475], "texture": "#10"},
				"west": {"uv": [8.525, 9.775, 8.725, 10.475], "texture": "#10"},
				"up": {"uv": [10.225, 4.725, 8.775, 4.525], "texture": "#10"},
				"down": {"uv": [10.225, 4.775, 8.775, 4.975], "texture": "#10"}
			}
		},
		{
			"from": [6.11961, 24.42893, 7.001],
			"to": [12.11761, 28.42693, 7.999],
			"rotation": {"angle": -45, "axis": "z", "origin": [4.61861, 26.92793, 7.5]},
			"faces": {
				"north": {"uv": [6.275, 0.025, 7.725, 0.975], "texture": "#10"},
				"east": {"uv": [2.025, 9.275, 2.225, 10.225], "texture": "#10"},
				"south": {"uv": [6.275, 1.025, 7.725, 1.975], "texture": "#10"},
				"west": {"uv": [9.275, 9.025, 9.475, 9.975], "texture": "#10"},
				"up": {"uv": [10.725, 5.225, 9.275, 5.025], "texture": "#10"},
				"down": {"uv": [10.725, 5.275, 9.275, 5.475], "texture": "#10"}
			}
		},
		{
			"from": [3.10304, 22.62067, 6.5],
			"to": [10.10304, 24.62067, 8.5],
			"rotation": {"angle": 22.5, "axis": "z", "origin": [5.10304, 25.12067, 7.5]},
			"faces": {
				"north": {"uv": [7.525, 5.025, 9.225, 5.475], "texture": "#10"},
				"east": {"uv": [9.525, 0.775, 9.975, 1.225], "texture": "#10"},
				"south": {"uv": [7.525, 5.525, 9.225, 5.975], "texture": "#10"},
				"west": {"uv": [2.275, 9.525, 2.725, 9.975], "texture": "#10"},
				"up": {"uv": [9.225, 6.475, 7.525, 6.025], "texture": "#10"},
				"down": {"uv": [9.225, 6.525, 7.525, 6.975], "texture": "#10"}
			}
		},
		{
			"from": [9.95388, 23.76972, 6.501],
			"to": [14.95188, 25.76772, 8.499],
			"rotation": {"angle": -22.5, "axis": "z", "origin": [11.95288, 26.26872, 7.5]},
			"faces": {
				"north": {"uv": [8.525, 1.525, 9.725, 1.975], "texture": "#10"},
				"east": {"uv": [9.525, 3.025, 9.975, 3.475], "texture": "#10"},
				"south": {"uv": [1.025, 8.775, 2.225, 9.225], "texture": "#10"},
				"west": {"uv": [9.525, 3.525, 9.975, 3.975], "texture": "#10"},
				"up": {"uv": [9.975, 2.475, 8.775, 2.025], "texture": "#10"},
				"down": {"uv": [9.975, 2.525, 8.775, 2.975], "texture": "#10"}
			}
		},
		{
			"from": [-2.04712, 17.76872, 7.5],
			"to": [15.95288, 27.76872, 7.5],
			"rotation": {"angle": -22.5, "axis": "z", "origin": [11.95288, 26.26872, 7.5]},
			"faces": {
				"north": {"uv": [0.025, 0.025, 4.475, 2.475], "texture": "#10"},
				"east": {"uv": [0.025, 0.025, 0.025, 2.475], "texture": "#10"},
				"south": {"uv": [0.025, 2.525, 4.475, 4.975], "texture": "#10"},
				"west": {"uv": [0.025, 0.025, 0.025, 2.475], "texture": "#10"},
				"up": {"uv": [4.475, 0.025, 0.025, 0.025], "texture": "#10"},
				"down": {"uv": [4.475, 0.025, 0.025, 0.025], "texture": "#10"}
			}
		},
		{
			"from": [13.26049, 23.00231, 6.5],
			"to": [15.26049, 25.00231, 8.5],
			"rotation": {"angle": 22.5, "axis": "z", "origin": [15.76049, 23.00231, 7.5]},
			"faces": {
				"north": {"uv": [9.525, 4.025, 9.975, 4.475], "texture": "#10"},
				"east": {"uv": [7.525, 9.525, 7.975, 9.975], "texture": "#10"},
				"south": {"uv": [8.025, 9.525, 8.475, 9.975], "texture": "#10"},
				"west": {"uv": [9.525, 9.025, 9.975, 9.475], "texture": "#10"},
				"up": {"uv": [9.975, 9.975, 9.525, 9.525], "texture": "#10"},
				"down": {"uv": [10.225, 0.025, 9.775, 0.475], "texture": "#10"}
			}
		},
		{
			"from": [9.03214, 21.42306, 7],
			"to": [15.03214, 24.42306, 8],
			"rotation": {"angle": -22.5, "axis": "z", "origin": [12.03214, 22.92306, 7.5]},
			"faces": {
				"north": {"uv": [7.275, 3.525, 8.725, 4.225], "texture": "#10"},
				"east": {"uv": [8.775, 9.775, 8.975, 10.475], "texture": "#10"},
				"south": {"uv": [7.275, 4.275, 8.725, 4.975], "texture": "#10"},
				"west": {"uv": [9.025, 9.775, 9.225, 10.475], "texture": "#10"},
				"up": {"uv": [10.725, 5.725, 9.275, 5.525], "texture": "#10"},
				"down": {"uv": [10.725, 5.775, 9.275, 5.975], "texture": "#10"}
			}
		},
		{
			"from": [13.43946, 19.47985, 7.001],
			"to": [19.43746, 21.47785, 7.999],
			"rotation": {"angle": -45, "axis": "z", "origin": [16.43846, 19.97885, 7.5]},
			"faces": {
				"north": {"uv": [8.275, 7.025, 9.725, 7.475], "texture": "#10"},
				"east": {"uv": [0.025, 10.025, 0.225, 10.475], "texture": "#10"},
				"south": {"uv": [8.275, 7.525, 9.725, 7.975], "texture": "#10"},
				"west": {"uv": [0.275, 10.025, 0.475, 10.475], "texture": "#10"},
				"up": {"uv": [10.725, 6.225, 9.275, 6.025], "texture": "#10"},
				"down": {"uv": [10.725, 6.275, 9.275, 6.475], "texture": "#10"}
			}
		},
		{
			"from": [6.74817, 22.66473, 6.501],
			"to": [8.74617, 24.66273, 8.499],
			"rotation": {"angle": -22.5, "axis": "z", "origin": [7.49717, 23.66373, 7]},
			"faces": {
				"north": {"uv": [9.775, 1.275, 10.225, 1.725], "texture": "#10"},
				"east": {"uv": [3.525, 9.775, 3.975, 10.225], "texture": "#10"},
				"south": {"uv": [4.025, 9.775, 4.475, 10.225], "texture": "#10"},
				"west": {"uv": [5.275, 9.775, 5.725, 10.225], "texture": "#10"},
				"up": {"uv": [6.475, 10.225, 6.025, 9.775], "texture": "#10"},
				"down": {"uv": [6.975, 9.775, 6.525, 10.225], "texture": "#10"}
			}
		}
	],
	"gui_light": "front",
	"display": {
		"thirdperson_righthand": {
			"rotation": [0, 90, 0],
			"translation": [0.5, -0.25, 0]
		},
		"thirdperson_lefthand": {
			"rotation": [0, -90, 0],
			"translation": [-0.5, -0.25, 0]
		},
		"firstperson_righthand": {
			"rotation": [165, 100, -180],
			"translation": [13, -1.75, -8.5],
			"scale": [0.7, 0.7, 0.7]
		},
		"firstperson_lefthand": {
			"rotation": [165, -80, -180],
			"translation": [13, -2.5, -9.75],
			"scale": [0.7, 0.7, 0.7]
		},
		"ground": {
			"rotation": [-142, 0, 0],
			"scale": [0.32, 0.32, 0.32]
		},
		"gui": {
			"rotation": [0, 0, -45],
			"translation": [0.25, -1, 0],
			"scale": [0.39, 0.39, 0.39]
		},
		"fixed": {
			"rotation": [0, -180, -45],
			"translation": [-1.25, -1, -1.5],
			"scale": [0.9, 0.9, 0.9]
		}
	},
	"groups": [
		{
			"name": "pickaxe",
			"origin": [8, 8, 8],
			"color": 0,
			"children": [
				{
					"name": "griff",
					"origin": [8, 8, 8],
					"color": 0,
					"children": [0, 1, 2, 3, 4, 5, 6, 7, 8, 9, 10, 11]
				},
				12,
				13,
				14,
				15,
				16,
				17,
				18,
				19,
				20
			]
		}
	]
}