{
	"__comment": "Designed by Sefreneth with Cubik Studio - https://cubik.studio",
	"textures": {
		"waterpickaxe": "tideborn/waterpickaxe"
	},
	"elements": [ 	 
		{
			"__comment": "Box1",
			"from": [ 8.0433, 9.5616, 8.125 ],
			"to": [ 8.37, 12.89394, 8.4517 ],
			"faces": {
				"down": { "uv": [ 14, 14, 16, 16 ], "texture": "#waterpickaxe" },
				"up": { "uv": [ 12, 14, 14, 16 ], "texture": "#waterpickaxe" },
				"north": { "uv": [ 2, 2, 4, 12 ], "texture": "#waterpickaxe", "rotation": 180 },
				"south": { "uv": [ 4, 2, 6, 12 ], "texture": "#waterpickaxe", "rotation": 180 },
				"west": { "uv": [ 6, 2, 8, 12 ], "texture": "#waterpickaxe", "rotation": 180 },
				"east": { "uv": [ 0, 2, 2, 12 ], "texture": "#waterpickaxe", "rotation": 180 }
			}
		},
		{
			"__comment": "Box1",
			"from": [ 7.9616, 9.158199, 8.0433 ],
			"to": [ 8.461599, 9.658199, 8.5433 ],
			"faces": {
				"down": { "uv": [ 12, 12, 14, 14 ], "texture": "#waterpickaxe" },
				"up": { "uv": [ 14, 12, 16, 14 ], "texture": "#waterpickaxe" },
				"north": { "uv": [ 0, 0, 2, 2 ], "texture": "#waterpickaxe" },
				"south": { "uv": [ 2, 0, 4, 2 ], "texture": "#waterpickaxe" },
				"west": { "uv": [ 4, 0, 6, 2 ], "texture": "#waterpickaxe" },
				"east": { "uv": [ 6, 0, 8, 2 ], "texture": "#waterpickaxe" }
			}
		},
		{
			"__comment": "Box22",
			"from": [ 8.0433, 12.9013, 8.0483 ],
			"to": [ 8.419659, 13.39135, 8.53835 ],
			"faces": {
				"down": { "uv": [ 8, 10, 10, 12 ], "texture": "#waterpickaxe" },
				"up": { "uv": [ 10, 10, 12, 12 ], "texture": "#waterpickaxe" },
				"north": { "uv": [ 12, 10, 14, 12 ], "texture": "#waterpickaxe" },
				"south": { "uv": [ 14, 10, 16, 12 ], "texture": "#waterpickaxe" },
				"west": { "uv": [ 8, 8, 10, 10 ], "texture": "#waterpickaxe" },
				"east": { "uv": [ 10, 8, 12, 10 ], "texture": "#waterpickaxe" }
			}
		},
		{
			"__comment": "PlaneX23",
			"from": [ 8.206699, 12.4162, 8.3207 ],
			"to": [ 8.2077, 13.9162, 9.8207 ],
			"faces": {
				"west": { "uv": [ 9, 0, 15, 5.5 ], "texture": "#waterpickaxe" },
				"east": { "uv": [ 15, 0, 9, 5.5 ], "texture": "#waterpickaxe" }
			}
		},
		{
			"__comment": "Box15",
			"from": [ 7.869, 13.025, 6.55 ],
			"to": [ 8.595, 13.185, 6.95 ],
			"faces": {
				"down": { "uv": [ 13, 7.25, 14.25, 8 ], "texture": "#waterpickaxe", "rotation": 180 },
				"up": { "uv": [ 9, 6.25, 10.25, 7.25 ], "texture": "#waterpickaxe", "rotation": 180 },
				"north": { "uv": [ 14.5, 6.5, 15.75, 6.75 ], "texture": "#waterpickaxe" },
				"south": { "uv": [ 14.25, 7.25, 15.5, 7.5 ], "texture": "#waterpickaxe" },
				"west": { "uv": [ 14.5, 6.25, 15.5, 6.5 ], "texture": "#waterpickaxe" },
				"east": { "uv": [ 13.75, 6.25, 14.5, 6.5 ], "texture": "#waterpickaxe" }
			}
		},
		{
			"__comment": "Box15",
			"from": [ 7.985, 13, 7.275 ],
			"to": [ 8.485, 13.25, 8.075 ],
			"faces": {
				"down": { "uv": [ 8, 0.75, 9, 2.25 ], "texture": "#waterpickaxe", "rotation": 180 },
				"up": { "uv": [ 8, 6.25, 9, 8 ], "texture": "#waterpickaxe", "rotation": 180 },
				"north": { "uv": [ 14.5, 6.75, 15.5, 7.25 ], "texture": "#waterpickaxe" },
				"south": { "uv": [ 12.25, 6.25, 13.25, 6.75 ], "texture": "#waterpickaxe" },
				"west": { "uv": [ 14.25, 7.5, 16, 8 ], "texture": "#waterpickaxe" },
				"east": { "uv": [ 12.25, 6.75, 13.75, 7.25 ], "texture": "#waterpickaxe" }
			}
		},
		{
			"__comment": "Box15",
			"from": [ 7.94, 13.025, 6.925 ],
			"to": [ 8.545, 13.185, 7.325 ],
			"faces": {
				"down": { "uv": [ 13, 7.25, 14.25, 8 ], "texture": "#waterpickaxe", "rotation": 180 },
				"up": { "uv": [ 9, 6.25, 10.25, 7.25 ], "texture": "#waterpickaxe", "rotation": 180 },
				"north": { "uv": [ 14.5, 6.5, 15.75, 6.75 ], "texture": "#waterpickaxe" },
				"south": { "uv": [ 14.25, 7.25, 15.5, 7.5 ], "texture": "#waterpickaxe" },
				"west": { "uv": [ 14.5, 6.25, 15.5, 6.5 ], "texture": "#waterpickaxe" },
				"east": { "uv": [ 13.75, 6.25, 14.5, 6.5 ], "texture": "#waterpickaxe" }
			}
		},
		{
			"__comment": "PlaneX23",
			"from": [ 8.206699, 8.7912, 7.6957 ],
			"to": [ 8.2077, 9.7912, 9.1957 ],
			"faces": {
				"west": { "uv": [ 0, 12, 6, 16 ], "texture": "#waterpickaxe" },
				"east": { "uv": [ 6, 12, 12, 16 ], "texture": "#waterpickaxe" }
			}
		}
	],
	"display": {
		"thirdperson_righthand": {
			"translation":  [ -1.388, -11.79, 0.0009 ],
			"scale":  [ 4, 4, 4 ]
		},
		"thirdperson_lefthand": {
			"translation":  [ 0.6989, -11.79, 0.0009 ],
			"scale":  [ 4, 4, 4 ]
		},
		"firstperson_righthand": {
			"rotation":  [ 0, -9, 0 ],
			"translation":  [ 1.391, -3.477, 0 ],
			"scale":  [ 2.4782, 3, 3 ]
		},
		"firstperson_lefthand": {
			"rotation":  [ 0, -9, 0 ],
			"translation":  [ 2.7824, -3.477, 0 ],
			"scale":  [ 2.4782, 3, 3 ]
		},
		"gui": {
			"rotation":  [ 0, 91, 0 ],
			"translation":  [ -0.695, -7.649, 0 ],
			"scale":  [ 2.5, 2.5, 2.5 ]
		},
		"ground": {
			"rotation":  [ 90, 90, 0 ],
			"translation":  [ 0.6963, -9.043, -10.43 ],
			"scale":  [ 3, 3, 3 ]
		},
		"fixed": {
			"rotation":  [ 0, 90, 0 ],
			"translation":  [ -1.391, -13.21, -0.695 ],
			"scale":  [ 4, 4, 4 ]
		}
	}
}