{
	"texture_size": [32, 32],
	"textures": {
		"1": "akaleaf/nebula/nebula_blaze"
	},
	"elements": [
		{
			"from": [5.501, -4.199, 5.501],
			"to": [10.499, 2.799, 10.499],
			"rotation": {"angle": 0, "axis": "y", "origin": [-14, 20.8, 0]},
			"faces": {
				"north": {"uv": [0, 0, 2.5, 3.5], "texture": "#1"},
				"east": {"uv": [2.5, 0, 5, 3.5], "texture": "#1"},
				"south": {"uv": [0, 3.5, 2.5, 7], "texture": "#1"},
				"west": {"uv": [2.5, 3.5, 5, 7], "texture": "#1"},
				"up": {"uv": [7.5, 2.5, 5, 0], "texture": "#1"},
				"down": {"uv": [7.5, 2.5, 5, 5], "texture": "#1"}
			}
		},
		{
			"from": [8.501, -3.199, 6.501],
			"to": [10.499, 0.799, 9.499],
			"rotation": {"angle": -22.5, "axis": "z", "origin": [10.5, -3.2, 8]},
			"faces": {
				"north": {"uv": [0, 7, 1, 9], "texture": "#1"},
				"east": {"uv": [5, 5, 6.5, 7], "texture": "#1"},
				"south": {"uv": [1, 7, 2, 9], "texture": "#1"},
				"west": {"uv": [6.5, 5, 8, 7], "texture": "#1"},
				"up": {"uv": [3, 8.5, 2, 7], "texture": "#1"},
				"down": {"uv": [4, 7, 3, 8.5], "texture": "#1"}
			}
		},
		{
			"from": [7.001, -1.699, 5.001],
			"to": [8.999, 0.299, 5.999],
			"rotation": {"angle": 45, "axis": "z", "origin": [8, -0.7, 5.5]},
			"faces": {
				"north": {"uv": [4, 7, 5, 8], "texture": "#1"},
				"east": {"uv": [6, 7, 6.5, 8], "texture": "#1"},
				"south": {"uv": [5, 7, 6, 8], "texture": "#1"},
				"west": {"uv": [6.5, 7, 7, 8], "texture": "#1"},
				"up": {"uv": [8, 7.5, 7, 7], "texture": "#1"},
				"down": {"uv": [8.5, 0, 7.5, 0.5], "texture": "#1"}
			}
		}
	],
	"gui_light": "front",
	"display": {
		"thirdperson_righthand": {
			"rotation": [0, -90, 90],
			"translation": [0, -2, -5.75]
		},
		"thirdperson_lefthand": {
			"rotation": [0, 90, -90],
			"translation": [0, -2, -5.75]
		},
		"firstperson_righthand": {
			"rotation": [-15, -145, 0],
			"translation": [2, 6.75, -0.75],
			"scale": [0.6, 0.6, 0.6]
		},
		"firstperson_lefthand": {
			"rotation": [-15, 35, 0],
			"translation": [2, 6.75, -0.75],
			"scale": [0.6, 0.6, 0.6]
		},
		"ground": {
			"translation": [0, 10, 0]
		},
		"gui": {
			"rotation": [0, -180, -45],
			"translation": [-10.5, 10.5, -0.75],
			"scale": [1.7, 1.7, 1.7]
		},
		"head": {
			"rotation": [-90, -180, 0],
			"translation": [0.25, 0.5, -25.75],
			"scale": [3, 3, 3]
		},
		"fixed": {
			"translation": [-0.5, 17.5, -0.75],
			"scale": [2, 2, 2]
		}
	},
	"groups": [
		{
			"name": "axe",
			"origin": [8, 8, 8],
			"color": 0,
			"children": [
				{
					"name": "handle",
					"origin": [8, 8, 8],
					"color": 0,
					"children": [0, 1, 2]
				}
			]
		}
	]
}