{
	"texture_size": [64, 64],
	"textures": {
		"1": "akaleaf/nebula/nebula_bow"
	},
	"elements": [
		{
			"from": [15.5, -5.95, 7.5],
			"to": [15.5, -3.95, 8.5],
			"rotation": {"angle": 45, "axis": "z", "origin": [14, -5.2, 8]},
			"faces": {
				"north": {"uv": [0, 0, 0, 0.5], "texture": "#1"},
				"east": {"uv": [4.75, 3.25, 5, 3.75], "texture": "#1"},
				"south": {"uv": [0, 0, 0, 0.5], "texture": "#1"},
				"west": {"uv": [7.25, 7.75, 7.5, 8.25], "texture": "#1"},
				"up": {"uv": [0, 0.25, 0, 0], "texture": "#1"},
				"down": {"uv": [0, 0, 0, 0.25], "texture": "#1"}
			}
		},
		{
			"from": [15, -5.95, 8],
			"to": [16, -3.95, 8],
			"rotation": {"angle": 45, "axis": "z", "origin": [14, -5.2, 8]},
			"faces": {
				"north": {"uv": [7.5, 7.75, 7.75, 8.25], "texture": "#1"},
				"east": {"uv": [0, 0, 0, 0.5], "texture": "#1"},
				"south": {"uv": [7.75, 7.75, 8, 8.25], "texture": "#1"},
				"west": {"uv": [0, 0, 0, 0.5], "texture": "#1"},
				"up": {"uv": [0.25, 0, 0, 0], "texture": "#1"},
				"down": {"uv": [0.25, 0, 0, 0], "texture": "#1"}
			}
		},
		{
			"from": [14.15, 22.65, 7.5],
			"to": [16.15, 22.65, 8.5],
			"rotation": {"angle": 45, "axis": "z", "origin": [14, 22.75, 9.5]},
			"faces": {
				"north": {"uv": [0, 0, 0.5, 0], "texture": "#1"},
				"east": {"uv": [0, 0, 0.25, 0], "texture": "#1"},
				"south": {"uv": [0, 0, 0.5, 0], "texture": "#1"},
				"west": {"uv": [0, 0, 0.25, 0], "texture": "#1"},
				"up": {"uv": [4, 3.5, 3.5, 3.25], "texture": "#1"},
				"down": {"uv": [4.5, 3.25, 4, 3.5], "texture": "#1"}
			}
		},
		{
			"from": [14.15, 22.15, 8],
			"to": [16.15, 23.15, 8],
			"rotation": {"angle": 45, "axis": "z", "origin": [14, 22.75, 9.5]},
			"faces": {
				"north": {"uv": [7, 6, 7.5, 6.25], "texture": "#1"},
				"east": {"uv": [0, 0, 0, 0.25], "texture": "#1"},
				"south": {"uv": [1.5, 7.25, 2, 7.5], "texture": "#1"},
				"west": {"uv": [0, 0, 0, 0.25], "texture": "#1"},
				"up": {"uv": [0.5, 0, 0, 0], "texture": "#1"},
				"down": {"uv": [0.5, 0, 0, 0], "texture": "#1"}
			}
		},
		{
			"from": [6.499, 11.749, 6.499],
			"to": [9.501, 14.751, 9.501],
			"rotation": {"angle": 0, "axis": "y", "origin": [8.5, 13.75, 8]},
			"faces": {
				"north": {"uv": [5.5, 1.75, 6.25, 2.5], "texture": "#1"},
				"east": {"uv": [5.5, 2.5, 6.25, 3.25], "texture": "#1"},
				"south": {"uv": [5.5, 3.25, 6.25, 4], "texture": "#1"},
				"west": {"uv": [5.5, 4, 6.25, 4.75], "texture": "#1"},
				"up": {"uv": [6.25, 5.5, 5.5, 4.75], "texture": "#1"},
				"down": {"uv": [6.25, 5.5, 5.5, 6.25], "texture": "#1"}
			}
		},
		{
			"from": [5.998, 12.648, 5.998],
			"to": [8.002, 14.652, 10.002],
			"rotation": {"angle": 45, "axis": "z", "origin": [8, 14.65, 7.5]},
			"faces": {
				"north": {"uv": [7.5, 4.5, 8, 5], "texture": "#1"},
				"east": {"uv": [6.75, 6.25, 7.75, 6.75], "texture": "#1"},
				"south": {"uv": [7.5, 5, 8, 5.5], "texture": "#1"},
				"west": {"uv": [6.75, 6.75, 7.75, 7.25], "texture": "#1"},
				"up": {"uv": [5, 6.25, 4.5, 5.25], "texture": "#1"},
				"down": {"uv": [2.5, 5.75, 2, 6.75], "texture": "#1"}
			}
		},
		{
			"from": [5.998, 11.898, 6.498],
			"to": [9.002, 14.902, 9.502],
			"rotation": {"angle": 45, "axis": "z", "origin": [8, 13.9, 8]},
			"faces": {
				"north": {"uv": [0.5, 5.75, 1.25, 6.5], "texture": "#1"},
				"east": {"uv": [1.25, 5.75, 2, 6.5], "texture": "#1"},
				"south": {"uv": [6.25, 1.75, 7, 2.5], "texture": "#1"},
				"west": {"uv": [6.25, 2.5, 7, 3.25], "texture": "#1"},
				"up": {"uv": [7, 4, 6.25, 3.25], "texture": "#1"},
				"down": {"uv": [7, 4, 6.25, 4.75], "texture": "#1"}
			}
		},
		{
			"from": [6.499, 4.749, 6.499],
			"to": [9.501, 7.751, 9.501],
			"rotation": {"angle": 0, "axis": "y", "origin": [8.5, 6.75, 8]},
			"faces": {
				"north": {"uv": [4.5, 6.25, 5.25, 7], "texture": "#1"},
				"east": {"uv": [6.25, 4.75, 7, 5.5], "texture": "#1"},
				"south": {"uv": [5.25, 6.25, 6, 7], "texture": "#1"},
				"west": {"uv": [6.25, 5.5, 7, 6.25], "texture": "#1"},
				"up": {"uv": [6.75, 7, 6, 6.25], "texture": "#1"},
				"down": {"uv": [7.25, 0, 6.5, 0.75], "texture": "#1"}
			}
		},
		{
			"from": [5.998, 5.648, 5.998],
			"to": [8.002, 7.652, 10.002],
			"rotation": {"angle": 45, "axis": "z", "origin": [8, 7.65, 7.5]},
			"faces": {
				"north": {"uv": [5.75, 7.5, 6.25, 8], "texture": "#1"},
				"east": {"uv": [7, 1.75, 8, 2.25], "texture": "#1"},
				"south": {"uv": [0, 7.75, 0.5, 8.25], "texture": "#1"},
				"west": {"uv": [7, 2.25, 8, 2.75], "texture": "#1"},
				"up": {"uv": [7.5, 3.75, 7, 2.75], "texture": "#1"},
				"down": {"uv": [7.5, 3.75, 7, 4.75], "texture": "#1"}
			}
		},
		{
			"from": [5.998, 4.898, 6.498],
			"to": [9.002, 7.902, 9.502],
			"rotation": {"angle": 45, "axis": "z", "origin": [8, 6.9, 8]},
			"faces": {
				"north": {"uv": [0.5, 6.5, 1.25, 7.25], "texture": "#1"},
				"east": {"uv": [6.5, 0.75, 7.25, 1.5], "texture": "#1"},
				"south": {"uv": [1.25, 6.5, 2, 7.25], "texture": "#1"},
				"west": {"uv": [2, 6.75, 2.75, 7.5], "texture": "#1"},
				"up": {"uv": [3.5, 7.5, 2.75, 6.75], "texture": "#1"},
				"down": {"uv": [4.25, 6.75, 3.5, 7.5], "texture": "#1"}
			}
		},
		{
			"from": [4, 9.5, 8],
			"to": [8, 15.5, 8],
			"rotation": {"angle": -45, "axis": "z", "origin": [7, 13.5, 8]},
			"faces": {
				"north": {"uv": [0, 1.5, 1, 3], "texture": "#1"},
				"east": {"uv": [0, 0, 0, 1.5], "texture": "#1"},
				"south": {"uv": [1, 1.5, 2, 3], "texture": "#1"},
				"west": {"uv": [0, 0, 0, 1.5], "texture": "#1"},
				"up": {"uv": [1, 0, 0, 0], "texture": "#1"},
				"down": {"uv": [1, 0, 0, 0], "texture": "#1"}
			}
		},
		{
			"from": [3, 3, 8],
			"to": [9, 7, 8],
			"rotation": {"angle": -45, "axis": "z", "origin": [7, 6, 8]},
			"faces": {
				"north": {"uv": [2, 1.5, 3.5, 2.5], "texture": "#1"},
				"east": {"uv": [0, 0, 0, 1], "texture": "#1"},
				"south": {"uv": [2, 2.5, 3.5, 3.5], "texture": "#1"},
				"west": {"uv": [0, 0, 0, 1], "texture": "#1"},
				"up": {"uv": [1.5, 0, 0, 0], "texture": "#1"},
				"down": {"uv": [1.5, 0, 0, 0], "texture": "#1"}
			}
		},
		{
			"from": [10.4, -3.9, 8],
			"to": [12.4, -0.9, 8],
			"rotation": {"angle": -22.5, "axis": "z", "origin": [10.4, -0.9, 8]},
			"faces": {
				"north": {"uv": [4.25, 7, 4.75, 7.75], "texture": "#1"},
				"east": {"uv": [0, 0, 0, 0.75], "texture": "#1"},
				"south": {"uv": [4.75, 7, 5.25, 7.75], "texture": "#1"},
				"west": {"uv": [0, 0, 0, 0.75], "texture": "#1"},
				"up": {"uv": [0.5, 0, 0, 0], "texture": "#1"},
				"down": {"uv": [0.5, 0, 0, 0], "texture": "#1"}
			}
		},
		{
			"from": [8.65, -0.75, 8],
			"to": [10.65, 2.25, 8],
			"rotation": {"angle": -45, "axis": "z", "origin": [8.65, 2.25, 8]},
			"faces": {
				"north": {"uv": [7, 4.75, 7.5, 5.5], "texture": "#1"},
				"east": {"uv": [0, 0, 0, 0.75], "texture": "#1"},
				"south": {"uv": [5.25, 7, 5.75, 7.75], "texture": "#1"},
				"west": {"uv": [0, 0, 0, 0.75], "texture": "#1"},
				"up": {"uv": [0.5, 0, 0, 0], "texture": "#1"},
				"down": {"uv": [0.5, 0, 0, 0], "texture": "#1"}
			}
		},
		{
			"from": [5.65, 17.25, 8],
			"to": [8.65, 19.25, 8],
			"rotation": {"angle": -45, "axis": "z", "origin": [8.65, 17.25, 8]},
			"faces": {
				"north": {"uv": [7, 5.5, 7.75, 6], "texture": "#1"},
				"east": {"uv": [0, 0, 0, 0.5], "texture": "#1"},
				"south": {"uv": [5.75, 7, 6.5, 7.5], "texture": "#1"},
				"west": {"uv": [0, 0, 0, 0.5], "texture": "#1"},
				"up": {"uv": [0.75, 0, 0, 0], "texture": "#1"},
				"down": {"uv": [0.75, 0, 0, 0], "texture": "#1"}
			}
		},
		{
			"from": [8.3, 13.5, 8],
			"to": [11.3, 15.5, 8],
			"rotation": {"angle": 22.5, "axis": "z", "origin": [8.3, 15.5, 8]},
			"faces": {
				"north": {"uv": [0, 7.25, 0.75, 7.75], "texture": "#1"},
				"east": {"uv": [0, 0, 0, 0.5], "texture": "#1"},
				"south": {"uv": [7.25, 0, 8, 0.5], "texture": "#1"},
				"west": {"uv": [0, 0, 0, 0.5], "texture": "#1"},
				"up": {"uv": [0.75, 0, 0, 0], "texture": "#1"},
				"down": {"uv": [0.75, 0, 0, 0], "texture": "#1"}
			}
		},
		{
			"from": [14.05, -2.85, 8],
			"to": [17.05, -0.85, 8],
			"rotation": {"angle": 22.5, "axis": "z", "origin": [14.05, -2.85, 8]},
			"faces": {
				"north": {"uv": [7.25, 0.5, 8, 1], "texture": "#1"},
				"east": {"uv": [0, 0, 0, 0.5], "texture": "#1"},
				"south": {"uv": [0.75, 7.25, 1.5, 7.75], "texture": "#1"},
				"west": {"uv": [0, 0, 0, 0.5], "texture": "#1"},
				"up": {"uv": [0.75, 0, 0, 0], "texture": "#1"},
				"down": {"uv": [0.75, 0, 0, 0], "texture": "#1"}
			}
		},
		{
			"from": [10.7, 0, 8],
			"to": [13.7, 2, 8],
			"rotation": {"angle": 0, "axis": "y", "origin": [10.7, 0, 8]},
			"faces": {
				"north": {"uv": [7.25, 1, 8, 1.5], "texture": "#1"},
				"east": {"uv": [0, 0, 0, 0.5], "texture": "#1"},
				"south": {"uv": [6.5, 7.25, 7.25, 7.75], "texture": "#1"},
				"west": {"uv": [0, 0, 0, 0.5], "texture": "#1"},
				"up": {"uv": [0.75, 0, 0, 0], "texture": "#1"},
				"down": {"uv": [0.75, 0, 0, 0], "texture": "#1"}
			}
		},
		{
			"from": [8.3, 4, 8],
			"to": [11.3, 6, 8],
			"rotation": {"angle": -22.5, "axis": "z", "origin": [8.3, 4, 8]},
			"faces": {
				"north": {"uv": [7.25, 7.25, 8, 7.75], "texture": "#1"},
				"east": {"uv": [0, 0, 0, 0.5], "texture": "#1"},
				"south": {"uv": [1.5, 7.5, 2.25, 8], "texture": "#1"},
				"west": {"uv": [0, 0, 0, 0.5], "texture": "#1"},
				"up": {"uv": [0.75, 0, 0, 0], "texture": "#1"},
				"down": {"uv": [0.75, 0, 0, 0], "texture": "#1"}
			}
		},
		{
			"from": [10.7, 17.5, 8],
			"to": [13.7, 19.5, 8],
			"rotation": {"angle": 0, "axis": "y", "origin": [10.7, 19.5, 8]},
			"faces": {
				"north": {"uv": [2.25, 7.5, 3, 8], "texture": "#1"},
				"east": {"uv": [0, 0, 0, 0.5], "texture": "#1"},
				"south": {"uv": [7.5, 2.75, 8.25, 3.25], "texture": "#1"},
				"west": {"uv": [0, 0, 0, 0.5], "texture": "#1"},
				"up": {"uv": [0.75, 0, 0, 0], "texture": "#1"},
				"down": {"uv": [0.75, 0, 0, 0], "texture": "#1"}
			}
		},
		{
			"from": [14.05, 20.35, 8],
			"to": [17.05, 22.35, 8],
			"rotation": {"angle": -22.5, "axis": "z", "origin": [14.05, 22.35, 8]},
			"faces": {
				"north": {"uv": [3, 7.5, 3.75, 8], "texture": "#1"},
				"east": {"uv": [0, 0, 0, 0.5], "texture": "#1"},
				"south": {"uv": [7.5, 3.25, 8.25, 3.75], "texture": "#1"},
				"west": {"uv": [0, 0, 0, 0.5], "texture": "#1"},
				"up": {"uv": [0.75, 0, 0, 0], "texture": "#1"},
				"down": {"uv": [0.75, 0, 0, 0], "texture": "#1"}
			}
		},
		{
			"from": [10.4, 20.4, 8],
			"to": [12.4, 23.4, 8],
			"rotation": {"angle": 22.5, "axis": "z", "origin": [10.4, 20.4, 8]},
			"faces": {
				"north": {"uv": [3.75, 7.5, 4.25, 8.25], "texture": "#1"},
				"east": {"uv": [0, 0, 0, 0.75], "texture": "#1"},
				"south": {"uv": [7.5, 3.75, 8, 4.5], "texture": "#1"},
				"west": {"uv": [0, 0, 0, 0.75], "texture": "#1"},
				"up": {"uv": [0.5, 0, 0, 0], "texture": "#1"},
				"down": {"uv": [0.5, 0, 0, 0], "texture": "#1"}
			}
		},
		{
			"from": [7, 5.75, 7],
			"to": [9, 13.75, 9],
			"rotation": {"angle": 0, "axis": "y", "origin": [14.01, 7.24, 7.99]},
			"faces": {
				"north": {"uv": [0.5, 3.75, 1, 5.75], "texture": "#1"},
				"east": {"uv": [1, 3.75, 1.5, 5.75], "texture": "#1"},
				"south": {"uv": [1.5, 3.75, 2, 5.75], "texture": "#1"},
				"west": {"uv": [2, 3.75, 2.5, 5.75], "texture": "#1"},
				"up": {"uv": [1, 8.25, 0.5, 7.75], "texture": "#1"},
				"down": {"uv": [1.5, 7.75, 1, 8.25], "texture": "#1"}
			}
		},
		{
			"from": [6.999, 13.749, 6.999],
			"to": [9.001, 19.751, 9.001],
			"rotation": {"angle": -22.5, "axis": "z", "origin": [7, 13.75, 8]},
			"faces": {
				"north": {"uv": [3.5, 1.75, 4, 3.25], "texture": "#1"},
				"east": {"uv": [2.5, 3.75, 3, 5.25], "texture": "#1"},
				"south": {"uv": [3, 3.75, 3.5, 5.25], "texture": "#1"},
				"west": {"uv": [3.5, 3.75, 4, 5.25], "texture": "#1"},
				"up": {"uv": [4.75, 8.25, 4.25, 7.75], "texture": "#1"},
				"down": {"uv": [5.25, 7.75, 4.75, 8.25], "texture": "#1"}
			}
		},
		{
			"from": [9.29556, 0.20542, 7],
			"to": [15.29556, 2.20542, 9],
			"rotation": {"angle": -45, "axis": "z", "origin": [9.29556, 0.20542, 8.001]},
			"faces": {
				"north": {"uv": [0.5, 3, 2, 3.5], "texture": "#1"},
				"east": {"uv": [5.25, 7.75, 5.75, 8.25], "texture": "#1"},
				"south": {"uv": [4, 1.75, 5.5, 2.25], "texture": "#1"},
				"west": {"uv": [7.75, 5.5, 8.25, 6], "texture": "#1"},
				"up": {"uv": [5.5, 2.75, 4, 2.25], "texture": "#1"},
				"down": {"uv": [5.5, 2.75, 4, 3.25], "texture": "#1"}
			}
		},
		{
			"from": [6.999, -0.251, 6.999],
			"to": [9.001, 5.751, 9.001],
			"rotation": {"angle": 22.5, "axis": "z", "origin": [7, 5.75, 8]},
			"faces": {
				"north": {"uv": [4, 3.75, 4.5, 5.25], "texture": "#1"},
				"east": {"uv": [4.5, 3.75, 5, 5.25], "texture": "#1"},
				"south": {"uv": [5, 3.25, 5.5, 4.75], "texture": "#1"},
				"west": {"uv": [5, 4.75, 5.5, 6.25], "texture": "#1"},
				"up": {"uv": [8.25, 6.5, 7.75, 6], "texture": "#1"},
				"down": {"uv": [6.75, 7.75, 6.25, 8.25], "texture": "#1"}
			}
		},
		{
			"from": [9.29556, 19.29458, 7],
			"to": [11.29556, 25.29458, 9],
			"rotation": {"angle": -45, "axis": "z", "origin": [9.29556, 19.29458, 8.001]},
			"faces": {
				"north": {"uv": [2.5, 5.25, 3, 6.75], "texture": "#1"},
				"east": {"uv": [3, 5.25, 3.5, 6.75], "texture": "#1"},
				"south": {"uv": [3.5, 5.25, 4, 6.75], "texture": "#1"},
				"west": {"uv": [4, 5.25, 4.5, 6.75], "texture": "#1"},
				"up": {"uv": [8.25, 7, 7.75, 6.5], "texture": "#1"},
				"down": {"uv": [7.25, 7.75, 6.75, 8.25], "texture": "#1"}
			}
		},
		{
			"name": "string-low",
			"from": [13.45241, -2.62301, 8.002],
			"to": [14.45241, 14.37699, 8.002],
			"rotation": {"angle": -45, "axis": "z", "origin": [13.95241, -2.12301, 8.002]},
			"faces": {
				"north": {"uv": [0, 3, 0.25, 7.25], "texture": "#1"},
				"east": {"uv": [0, 0, 0, 4.25], "texture": "#1"},
				"south": {"uv": [0.25, 3, 0.5, 7.25], "texture": "#1"},
				"west": {"uv": [0, 0, 0, 4.25], "texture": "#1"},
				"up": {"uv": [0.25, 0, 0, 0], "texture": "#1"},
				"down": {"uv": [0.25, 0, 0, 0], "texture": "#1"}
			}
		},
		{
			"name": "string-high",
			"from": [13.45241, 21.12301, 8.001],
			"to": [30.45241, 22.12301, 8.001],
			"rotation": {"angle": -45, "axis": "z", "origin": [13.95241, 21.62301, 8.001]},
			"faces": {
				"north": {"uv": [0.5, 3.5, 4.75, 3.75], "texture": "#1"},
				"east": {"uv": [0, 0, 0, 0.25], "texture": "#1"},
				"south": {"uv": [3.5, 1.5, 7.75, 1.75], "texture": "#1"},
				"west": {"uv": [0, 0, 0, 0.25], "texture": "#1"},
				"up": {"uv": [4.25, 0, 0, 0], "texture": "#1"},
				"down": {"uv": [4.25, 0, 0, 0], "texture": "#1"}
			}
		},
		{
			"name": "arrow",
			"from": [2.45241, 8.25, 8.001],
			"to": [28.45241, 11.25, 8.001],
			"rotation": {"angle": 22.5, "axis": "x", "origin": [8.95241, 9.87301, 8.001]},
			"faces": {
				"north": {"uv": [0, 0, 6.5, 0.75], "texture": "#1"},
				"east": {"uv": [0, 0, 0, 0.75], "texture": "#1"},
				"south": {"uv": [0, 0.75, 6.5, 1.5], "texture": "#1"},
				"west": {"uv": [0, 0, 0, 0.75], "texture": "#1"},
				"up": {"uv": [6.5, 0, 0, 0], "texture": "#1"},
				"down": {"uv": [6.5, 0, 0, 0], "texture": "#1"}
			}
		}
	],
	"gui_light": "front",
	"display": {
		"thirdperson_righthand": {
			"rotation": [-30, -95, -30],
			"translation": [-1, -0.75, 1.25],
			"scale": [0.6, 0.6, 0.6]
		},
		"thirdperson_lefthand": {
			"rotation": [30, 85, -30],
			"translation": [-1, -0.75, 1.25],
			"scale": [0.6, 0.6, 0.6]
		},
		"firstperson_righthand": {
			"rotation": [15, -90, 0],
			"translation": [0, 2.5, 0.25],
			"scale": [0.6, 0.6, 0.6]
		},
		"firstperson_lefthand": {
			"rotation": [15, 90, 0],
			"translation": [0, 2.5, 0.25],
			"scale": [0.6, 0.6, 0.6]
		},
		"ground": {
			"rotation": [0, 0, -45],
			"translation": [0, 9, 0],
			"scale": [0.5, 0.5, 0.5]
		},
		"gui": {
			"rotation": [0, 0, -45],
			"translation": [-2.75, 1.5, -0.75],
			"scale": [0.6, 0.6, 0.6]
		},
		"head": {
			"rotation": [0, 0, -90],
			"translation": [-1, 9, 0.75],
			"scale": [0.6, 0.6, 0.6]
		},
		"fixed": {
			"rotation": [0, 0, -135],
			"translation": [1.5, 3.25, -0.75],
			"scale": [0.7, 0.7, 0.7]
		}
	},
	"groups": [
		{
			"name": "bow",
			"origin": [8, 8, 8],
			"color": 0,
			"children": [
				{
					"name": "bow",
					"origin": [8, 8, 8],
					"color": 0,
					"children": [
						{
							"name": "pommel",
							"origin": [8, 8, 8],
							"color": 0,
							"children": []
						},
						{
							"name": "grip",
							"origin": [8, 8, 8],
							"color": 0,
							"children": [
								{
									"name": "handle",
									"origin": [8, 8, 8],
									"color": 0,
									"children": []
								}, 0, 1, 2, 3]
						},
						{
							"name": "guard",
							"origin": [8, 8, 8],
							"color": 0,
							"children": [
								{
									"name": "cross-guard",
									"origin": [8, 8, 8],
									"color": 0,
									"children": [
										{
											"name": "gem1",
											"origin": [8, 8, 8],
											"color": 0,
											"children": [4, 5, 6]
										},
										{
											"name": "gem2",
											"origin": [8, 8, 8],
											"color": 0,
											"children": [7, 8, 9]
										},
										{
											"name": "blade",
											"origin": [8, 8, 8],
											"color": 0,
											"children": [10, 11, 12, 13, 14, 15, 16, 17, 18, 19, 20, 21, 22, 23, 24, 25, 26]
										}
									]
								}
							]
						}
					]
				},
				{
					"name": "string",
					"origin": [8, 8, 8],
					"color": 0,
					"children": [27, 28]
				},
				{
					"name": "arrow",
					"origin": [8, 8, 8],
					"color": 0,
					"children": [29]
				}
			]
		}
	]
}