{
	"texture_size": [64, 64],
	"textures": {
		"1": "akaleaf/nebula/nebula_sword"
	},
	"elements": [
		{
			"from": [6.5, -11.202, 6.499],
			"to": [9.502, -8.2, 9.501],
			"rotation": {"angle": 0, "axis": "y", "origin": [7.501, -10.201, 7.5]},
			"faces": {
				"north": {"uv": [1, 7, 1.75, 7.75], "texture": "#1"},
				"east": {"uv": [7, 2.25, 7.75, 3], "texture": "#1"},
				"south": {"uv": [7, 3, 7.75, 3.75], "texture": "#1"},
				"west": {"uv": [7, 3.75, 7.75, 4.5], "texture": "#1"},
				"up": {"uv": [5.5, 7.75, 4.75, 7], "texture": "#1"},
				"down": {"uv": [0.75, 7.25, 0, 8], "texture": "#1"}
			}
		},
		{
			"from": [7, -8.2, 7],
			"to": [9, 2.8, 9],
			"rotation": {"angle": 0, "axis": "y", "origin": [0, 21.8, 0]},
			"faces": {
				"north": {"uv": [1.5, 3.5, 2, 6.25], "texture": "#1"},
				"east": {"uv": [4.75, 3.75, 5.25, 6.5], "texture": "#1"},
				"south": {"uv": [3.5, 5, 4, 7.75], "texture": "#1"},
				"west": {"uv": [4, 5, 4.5, 7.75], "texture": "#1"},
				"up": {"uv": [5.25, 7, 4.75, 6.5], "texture": "#1"},
				"down": {"uv": [5.25, 7.75, 4.75, 8.25], "texture": "#1"}
			}
		},
		{
			"from": [7, -13.2, 8],
			"to": [9, -11.2, 8],
			"rotation": {"angle": -45, "axis": "y", "origin": [8, -12.2, 8]},
			"faces": {
				"north": {"uv": [7.75, 5.75, 8.25, 6.25], "texture": "#1"},
				"east": {"uv": [0, 0, 0, 0.5], "texture": "#1"},
				"south": {"uv": [7.75, 6.75, 8.25, 7.25], "texture": "#1"},
				"west": {"uv": [0, 0, 0, 0.5], "texture": "#1"},
				"up": {"uv": [0.5, 0, 0, 0], "texture": "#1"},
				"down": {"uv": [0.5, 0, 0, 0], "texture": "#1"}
			}
		},
		{
			"from": [7, -13.2, 8],
			"to": [9, -11.2, 8],
			"rotation": {"angle": 45, "axis": "y", "origin": [8, -12.2, 8]},
			"faces": {
				"north": {"uv": [7.25, 7.75, 7.75, 8.25], "texture": "#1"},
				"east": {"uv": [0, 0, 0, 0.5], "texture": "#1"},
				"south": {"uv": [7.75, 7.25, 8.25, 7.75], "texture": "#1"},
				"west": {"uv": [0, 0, 0, 0.5], "texture": "#1"},
				"up": {"uv": [0.5, 0, 0, 0], "texture": "#1"},
				"down": {"uv": [0.5, 0, 0, 0], "texture": "#1"}
			}
		},
		{
			"from": [6.501, -7.199, 6.501],
			"to": [9.499, 1.799, 9.499],
			"rotation": {"angle": 0, "axis": "y", "origin": [0, 20.8, 0]},
			"faces": {
				"north": {"uv": [2, 3, 2.75, 5.25], "texture": "#1"},
				"east": {"uv": [2.75, 3, 3.5, 5.25], "texture": "#1"},
				"south": {"uv": [0, 3.5, 0.75, 5.75], "texture": "#1"},
				"west": {"uv": [0.75, 3.5, 1.5, 5.75], "texture": "#1"},
				"up": {"uv": [2.5, 8, 1.75, 7.25], "texture": "#1"},
				"down": {"uv": [8, 4.5, 7.25, 5.25], "texture": "#1"}
			}
		},
		{
			"from": [6, 2.25, 6.5],
			"to": [10, 6.25, 9.5],
			"rotation": {"angle": 0, "axis": "y", "origin": [8, 4.25, 8]},
			"faces": {
				"north": {"uv": [5, 0.75, 6, 1.75], "texture": "#1"},
				"east": {"uv": [6, 1.25, 6.75, 2.25], "texture": "#1"},
				"south": {"uv": [2, 5.25, 3, 6.25], "texture": "#1"},
				"west": {"uv": [6, 5.75, 6.75, 6.75], "texture": "#1"},
				"up": {"uv": [7, 3, 6, 2.25], "texture": "#1"},
				"down": {"uv": [2.25, 6.25, 1.25, 7], "texture": "#1"}
			}
		},
		{
			"from": [5.999, 2.249, 6.499],
			"to": [10.001, 6.251, 9.501],
			"rotation": {"angle": 45, "axis": "z", "origin": [8, 4.25, 8]},
			"faces": {
				"north": {"uv": [5.25, 3.75, 6.25, 4.75], "texture": "#1"},
				"east": {"uv": [2.25, 6.25, 3, 7.25], "texture": "#1"},
				"south": {"uv": [5.25, 4.75, 6.25, 5.75], "texture": "#1"},
				"west": {"uv": [6.25, 3.75, 7, 4.75], "texture": "#1"},
				"up": {"uv": [7.25, 5.5, 6.25, 4.75], "texture": "#1"},
				"down": {"uv": [1, 6.5, 0, 7.25], "texture": "#1"}
			}
		},
		{
			"from": [7.95, 8.75, 8],
			"to": [9.95, 12.75, 8],
			"rotation": {"angle": 45, "axis": "z", "origin": [9.95, 12.75, 8]},
			"faces": {
				"north": {"uv": [2.5, 7.25, 3, 8.25], "texture": "#1"},
				"east": {"uv": [0, 0, 0, 1], "texture": "#1"},
				"south": {"uv": [7.25, 6.75, 7.75, 7.75], "texture": "#1"},
				"west": {"uv": [0, 0, 0, 1], "texture": "#1"},
				"up": {"uv": [0.5, 0, 0, 0], "texture": "#1"},
				"down": {"uv": [0.5, 0, 0, 0], "texture": "#1"}
			}
		},
		{
			"from": [7.95, 13.25, 8],
			"to": [9.95, 17.25, 8],
			"rotation": {"angle": 45, "axis": "z", "origin": [9.95, 16.75, 8]},
			"faces": {
				"north": {"uv": [7.75, 0, 8.25, 1], "texture": "#1"},
				"east": {"uv": [0, 0, 0, 1], "texture": "#1"},
				"south": {"uv": [0.75, 7.75, 1.25, 8.75], "texture": "#1"},
				"west": {"uv": [0, 0, 0, 1], "texture": "#1"},
				"up": {"uv": [0.5, 0, 0, 0], "texture": "#1"},
				"down": {"uv": [0.5, 0, 0, 0], "texture": "#1"}
			}
		},
		{
			"from": [7.95, 17.75, 8],
			"to": [9.95, 20.75, 8],
			"rotation": {"angle": 45, "axis": "z", "origin": [9.95, 20.75, 8]},
			"faces": {
				"north": {"uv": [7.75, 2, 8.25, 2.75], "texture": "#1"},
				"east": {"uv": [0, 0, 0, 0.75], "texture": "#1"},
				"south": {"uv": [7.75, 2.75, 8.25, 3.5], "texture": "#1"},
				"west": {"uv": [0, 0, 0, 0.75], "texture": "#1"},
				"up": {"uv": [0.5, 0, 0, 0], "texture": "#1"},
				"down": {"uv": [0.5, 0, 0, 0], "texture": "#1"}
			}
		},
		{
			"from": [6, 8.75, 7.5],
			"to": [10, 22.75, 8.5],
			"rotation": {"angle": 0, "axis": "y", "origin": [14.01, 9.24, 8.49]},
			"faces": {
				"north": {"uv": [0, 0, 1, 3.5], "texture": "#1"},
				"east": {"uv": [4.5, 5, 4.75, 8.5], "texture": "#1"},
				"south": {"uv": [1, 0, 2, 3.5], "texture": "#1"},
				"west": {"uv": [3, 5.25, 3.25, 8.75], "texture": "#1"},
				"up": {"uv": [6, 2, 5, 1.75], "texture": "#1"},
				"down": {"uv": [8.75, 7.75, 7.75, 8], "texture": "#1"}
			}
		},
		{
			"from": [5.5, 5.75, 7],
			"to": [10.5, 8.75, 9],
			"rotation": {"angle": 0, "axis": "y", "origin": [13.51, 6.24, 7.99]},
			"faces": {
				"north": {"uv": [0, 5.75, 1.25, 6.5], "texture": "#1"},
				"east": {"uv": [1.25, 7.75, 1.75, 8.5], "texture": "#1"},
				"south": {"uv": [5.75, 3, 7, 3.75], "texture": "#1"},
				"west": {"uv": [7.75, 1.25, 8.25, 2], "texture": "#1"},
				"up": {"uv": [7.25, 7.25, 6, 6.75], "texture": "#1"},
				"down": {"uv": [8, 6.25, 6.75, 6.75], "texture": "#1"}
			}
		},
		{
			"from": [5.499, 21.749, 7.499],
			"to": [8.501, 24.751, 8.501],
			"rotation": {"angle": 45, "axis": "z", "origin": [8, 24.25, 8]},
			"faces": {
				"north": {"uv": [5.5, 7.25, 6.25, 8], "texture": "#1"},
				"east": {"uv": [4.25, 7.75, 4.5, 8.5], "texture": "#1"},
				"south": {"uv": [6.25, 7.25, 7, 8], "texture": "#1"},
				"west": {"uv": [5.25, 7.75, 5.5, 8.5], "texture": "#1"},
				"up": {"uv": [0.75, 8.25, 0, 8], "texture": "#1"},
				"down": {"uv": [2.5, 8, 1.75, 8.25], "texture": "#1"}
			}
		},
		{
			"from": [3.5, 2.8, 7],
			"to": [12.5, 5.8, 9],
			"rotation": {"angle": 0, "axis": "y", "origin": [12.51, 3.29, 7.99]},
			"faces": {
				"north": {"uv": [3.5, 3, 5.75, 3.75], "texture": "#1"},
				"east": {"uv": [3.5, 7.75, 4, 8.5], "texture": "#1"},
				"south": {"uv": [3.75, 0, 6, 0.75], "texture": "#1"},
				"west": {"uv": [7.75, 3.5, 8.25, 4.25], "texture": "#1"},
				"up": {"uv": [6, 2.5, 3.75, 2], "texture": "#1"},
				"down": {"uv": [6, 2.5, 3.75, 3], "texture": "#1"}
			}
		},
		{
			"from": [0.64805, 3.02836, 8],
			"to": [4.64805, 6.02836, 8],
			"rotation": {"angle": 22.5, "axis": "z", "origin": [4.64805, 3.02836, 8]},
			"faces": {
				"north": {"uv": [6.75, 0, 7.75, 0.75], "texture": "#1"},
				"east": {"uv": [0, 0, 0, 0.75], "texture": "#1"},
				"south": {"uv": [6.75, 0.75, 7.75, 1.5], "texture": "#1"},
				"west": {"uv": [0, 0, 0, 0.75], "texture": "#1"},
				"up": {"uv": [1, 0, 0, 0], "texture": "#1"},
				"down": {"uv": [1, 0, 0, 0], "texture": "#1"}
			}
		},
		{
			"from": [11.35195, 3.02836, 8],
			"to": [15.35195, 6.02836, 8],
			"rotation": {"angle": -22.5, "axis": "z", "origin": [11.35195, 3.02836, 8]},
			"faces": {
				"north": {"uv": [6.75, 1.5, 7.75, 2.25], "texture": "#1"},
				"east": {"uv": [0, 0, 0, 0.75], "texture": "#1"},
				"south": {"uv": [6.75, 5.5, 7.75, 6.25], "texture": "#1"},
				"west": {"uv": [0, 0, 0, 0.75], "texture": "#1"},
				"up": {"uv": [1, 0, 0, 0], "texture": "#1"},
				"down": {"uv": [1, 0, 0, 0], "texture": "#1"}
			}
		}
	],
	"gui_light": "front",
	"display": {
		"thirdperson_righthand": {
			"rotation": [0, -90, 0],
			"translation": [0, 4.5, 1.25],
			"scale": [0.6, 0.6, 0.6]
		},
		"thirdperson_lefthand": {
			"rotation": [0, 90, 0],
			"translation": [0, 4.5, 1.25],
			"scale": [0.6, 0.6, 0.6]
		},
		"firstperson_righthand": {
			"rotation": [20, -90, 0],
			"translation": [2, 0.25, -0.25],
			"scale": [0.6, 0.6, 0.6]
		},
		"firstperson_lefthand": {
			"rotation": [20, 90, 0],
			"translation": [2, 0.25, -0.25],
			"scale": [0.6, 0.6, 0.6]
		},
		"ground": {
			"rotation": [0, 0, -45],
			"translation": [2.5, 7, 0],
			"scale": [0.5, 0.5, 0.5]
		},
		"gui": {
			"rotation": [0, 0, -45],
			"translation": [0.75, 0.75, -0.75],
			"scale": [0.5, 0.5, 0.5]
		},
		"head": {
			"rotation": [0, 0, -180],
			"translation": [0, 11, 0],
			"scale": [0.6, 0.6, 0.6]
		},
		"fixed": {
			"rotation": [0, -180, -45],
			"translation": [-1, 0.75, -0.75],
			"scale": [0.6, 0.6, 0.6]
		}
	},
	"groups": [
		{
			"name": "sword",
			"origin": [8, 8, 8],
			"color": 0,
			"children": [
				{
					"name": "pommel",
					"origin": [8, 8, 8],
					"color": 0,
					"children": [0]
				},
				{
					"name": "grip",
					"origin": [8, 8, 8],
					"color": 0,
					"children": [1, 2, 3,
						{
							"name": "handle",
							"origin": [8, 8, 8],
							"color": 0,
							"children": [4]
						}
					]
				},
				{
					"name": "guard",
					"origin": [8, 8, 8],
					"color": 0,
					"children": [
						{
							"name": "gem",
							"origin": [8, 8, 8],
							"color": 0,
							"children": [5, 6]
						},
						{
							"name": "blade",
							"origin": [8, 8, 8],
							"color": 0,
							"children": [7, 8, 9, 10, 11, 12]
						},
						{
							"name": "back-blade",
							"origin": [8, 8, 8],
							"color": 0,
							"children": []
						},
						{
							"name": "cross-guard",
							"origin": [8, 8, 8],
							"color": 0,
							"children": [13, 14, 15]
						}
					]
				}
			]
		}
	]
}