{
	"credit": "Made with Blockbench",
	"texture_size": [32, 32],
	"textures": {
		"1": "furniture/blocks/dark_oak_planks",
		"2": "furniture/blocks/barrel_side",
		"particle": "cupboard/barrel_top_open"
	},
	"elements": [
		{
			"from": [5, 1, 5],
			"to": [11, 10, 11],
			"faces": {
				"north": {"uv": [0, 0, 13, 16], "texture": "#2"},
				"east": {"uv": [0, 0, 13, 16], "texture": "#2"},
				"south": {"uv": [0, 0, 13, 16], "texture": "#2"},
				"west": {"uv": [0, 0, 13, 16], "texture": "#2"},
				"up": {"uv": [0, 0, 3, 3], "texture": "#2"},
				"down": {"uv": [0, 0, 3, 3], "texture": "#2"}
			}
		},
		{
			"from": [1, 11, 1],
			"to": [15, 12, 15],
			"faces": {
				"north": {"uv": [0, 0, 7, 0.5], "texture": "#1"},
				"east": {"uv": [0, 0, 7, 0.5], "texture": "#1"},
				"south": {"uv": [0, 0, 7, 0.5], "texture": "#1"},
				"west": {"uv": [0, 0, 7, 0.5], "texture": "#1"},
				"up": {"uv": [0, 0, 16, 16], "texture": "#1"},
				"down": {"uv": [0, 0, 16, 16], "texture": "#1"}
			}
		},
		{
			"from": [1, 11, 1],
			"to": [15, 12, 15],
			"faces": {
				"north": {"uv": [0, 0, 7, 0.5], "texture": "#1"},
				"east": {"uv": [0, 0, 7, 0.5], "texture": "#1"},
				"south": {"uv": [0, 0, 7, 0.5], "texture": "#1"},
				"west": {"uv": [0, 0, 7, 0.5], "texture": "#1"},
				"up": {"uv": [0, 0, 16, 16], "texture": "#1"},
				"down": {"uv": [0, 0, 16, 16], "texture": "#1"}
			}
		},
		{
			"from": [0, 11, 2],
			"to": [1, 12, 14],
			"faces": {
				"north": {"uv": [0, 0, 0.5, 0.5], "texture": "#1"},
				"east": {"uv": [0, 0, 6, 0.5], "texture": "#1"},
				"south": {"uv": [0, 0, 0.5, 0.5], "texture": "#1"},
				"west": {"uv": [0, 0, 6, 0.5], "texture": "#1"},
				"up": {"uv": [0, 0, 16, 16], "texture": "#1"},
				"down": {"uv": [0, 0, 16, 16], "texture": "#1"}
			}
		},
		{
			"from": [15, 11, 2],
			"to": [16, 12, 14],
			"faces": {
				"north": {"uv": [0, 0, 0.5, 0.5], "texture": "#1"},
				"east": {"uv": [0, 0, 6, 0.5], "texture": "#1"},
				"south": {"uv": [0, 0, 0.5, 0.5], "texture": "#1"},
				"west": {"uv": [0, 0, 6, 0.5], "texture": "#1"},
				"up": {"uv": [0, 0, 7.5, 16], "texture": "#1"},
				"down": {"uv": [0, 0, 16, 16], "texture": "#1"}
			}
		},
		{
			"from": [2, 11, 15],
			"to": [14, 12, 16],
			"faces": {
				"north": {"uv": [0, 0, 6, 0.5], "texture": "#1"},
				"east": {"uv": [0, 0, 0.5, 0.5], "texture": "#1"},
				"south": {"uv": [0, 0, 6, 0.5], "texture": "#1"},
				"west": {"uv": [0, 0, 0.5, 0.5], "texture": "#1"},
				"up": {"uv": [0, 0, 16, 16], "rotation": 270, "texture": "#1"},
				"down": {"uv": [0, 0, 16, 16], "rotation": 90, "texture": "#1"}
			}
		},
		{
			"from": [2, 11, 0],
			"to": [14, 12, 1],
			"faces": {
				"north": {"uv": [0, 0, 6, 0.5], "texture": "#1"},
				"east": {"uv": [0, 0, 0.5, 0.5], "texture": "#1"},
				"south": {"uv": [0, 0, 6, 0.5], "texture": "#1"},
				"west": {"uv": [0, 0, 0.5, 0.5], "texture": "#1"},
				"up": {"uv": [0, 0, 16, 16], "rotation": 270, "texture": "#1"},
				"down": {"uv": [0, 0, 16, 16], "rotation": 90, "texture": "#1"}
			}
		},
		{
			"from": [3, 11, -1],
			"to": [13, 12, 0],
			"faces": {
				"north": {"uv": [0, 3, 16, 5], "texture": "#2"},
				"east": {"uv": [0, 3, 2, 5], "texture": "#2"},
				"south": {"uv": [0, 0, 5, 0.5], "texture": "#2"},
				"west": {"uv": [0, 3, 2, 5], "texture": "#2"},
				"up": {"uv": [0, 3, 16, 5], "rotation": 270, "texture": "#2"},
				"down": {"uv": [0, 3, 16, 5], "rotation": 90, "texture": "#2"}
			}
		},
		{
			"from": [3, 11, 16],
			"to": [13, 12, 17],
			"faces": {
				"north": {"uv": [0, 3, 16, 5], "texture": "#2"},
				"east": {"uv": [0, 3, 2, 5], "texture": "#2"},
				"south": {"uv": [0, 3, 16, 5], "texture": "#2"},
				"west": {"uv": [0, 3, 2, 5], "texture": "#2"},
				"up": {"uv": [0, 3, 16, 5], "rotation": 270, "texture": "#2"},
				"down": {"uv": [0, 3, 16, 5], "rotation": 90, "texture": "#2"}
			}
		},
		{
			"from": [-1, 11, 3],
			"to": [0, 12, 13],
			"faces": {
				"north": {"uv": [0, 3, 2, 5], "texture": "#2"},
				"east": {"uv": [0, 3, 16, 5], "texture": "#2"},
				"south": {"uv": [0, 3, 2, 5], "texture": "#2"},
				"west": {"uv": [0, 3, 16, 5], "texture": "#2"},
				"up": {"uv": [0, 3, 16, 5], "texture": "#2"},
				"down": {"uv": [0, 3, 16, 5], "texture": "#2"}
			}
		},
		{
			"from": [16, 11, 3],
			"to": [17, 12, 13],
			"faces": {
				"north": {"uv": [0, 3, 2, 5], "texture": "#2"},
				"east": {"uv": [0, 3, 16, 5], "texture": "#2"},
				"south": {"uv": [0, 3, 2, 5], "texture": "#2"},
				"west": {"uv": [0, 3, 16, 5], "texture": "#2"},
				"up": {"uv": [0, 3, 16, 5], "texture": "#2"},
				"down": {"uv": [0, 3, 16, 5], "texture": "#2"}
			}
		},
		{
			"from": [4, 0, 4],
			"to": [12, 2, 12],
			"faces": {
				"north": {"uv": [0, 3, 16, 5], "texture": "#2"},
				"east": {"uv": [0, 3, 16, 5], "texture": "#2"},
				"south": {"uv": [0, 3, 16, 5], "texture": "#2"},
				"west": {"uv": [0, 3, 16, 5], "texture": "#2"},
				"up": {"uv": [0, 3, 16, 5], "texture": "#2"},
				"down": {"uv": [0, 3, 16, 5], "texture": "#2"}
			}
		},
		{
			"from": [4, 9, 4],
			"to": [12, 11, 12],
			"faces": {
				"north": {"uv": [0, 3, 16, 5], "texture": "#2"},
				"east": {"uv": [0, 3, 16, 5], "texture": "#2"},
				"south": {"uv": [0, 3, 16, 5], "texture": "#2"},
				"west": {"uv": [0, 3, 16, 5], "texture": "#2"},
				"up": {"uv": [0, 0, 4, 4], "texture": "#2"},
				"down": {"uv": [0, 3, 16, 5], "texture": "#2"}
			}
		}
	],
	"display": {
		"thirdperson_righthand": {
			"scale": [0.25, 0.25, 0.25]
		},
		"thirdperson_lefthand": {
			"scale": [0.25, 0.25, 0.25]
		},
		"firstperson_righthand": {
			"scale": [0.4, 0.4, 0.4]
		},
		"firstperson_lefthand": {
			"scale": [0.4, 0.4, 0.4]
		},
		"ground": {
			"scale": [0.25, 0.25, 0.25]
		},
		"gui": {
			"rotation": [0, 44, 24],
			"scale": [0.6, 0.6, 0.6]
		},
		"fixed": {
			"rotation": [-90, 0, 0],
			"translation": [0, 0, -22],
			"scale": [4, 2.89, 4]
		}
	}
}