{"__comment":"DesignedbyPlagForOraxen","textures":{"0":"furniture/cart"},"elements":[{"from":[2,4,-5],"to":[3,13,9],"faces":{"down":{"uv":[1.5,10.5,1.25,14],"texture":"#0"},"up":{"uv":[1.25,14,1,10.5],"texture":"#0"},"north":{"uv":[3,11.5,3.25,13.75],"texture":"#0"},"south":{"uv":[3.25,11.5,3.5,13.75],"texture":"#0"},"west":{"uv":[0,2.25,3.5,4.5],"texture":"#0"},"east":{"uv":[0,0,3.5,2.25],"texture":"#0"}}},{"from":[-1,2.9,-1],"to":[17,4.9,1],"faces":{"down":{"uv":[12,6,7.5,6.5],"texture":"#0"},"up":{"uv":[12,6,7.5,5.5],"texture":"#0"},"north":{"uv":[7.5,4.5,12,5],"texture":"#0"},"south":{"uv":[7.5,5,12,5.5],"texture":"#0"},"west":{"uv":[12,10,12.5,10.5],"texture":"#0"},"east":{"uv":[11.5,4,12,4.5],"texture":"#0"}}},{"from":[13,4,-5],"to":[14,13,9],"faces":{"down":{"uv":[2,10.5,1.75,14],"texture":"#0"},"up":{"uv":[1.75,14,1.5,10.5],"texture":"#0"},"north":{"uv":[4,11.5,4.25,13.75],"texture":"#0"},"south":{"uv":[4.25,11.5,4.5,13.75],"texture":"#0"},"west":{"uv":[3.5,2.25,7,4.5],"texture":"#0"},"east":{"uv":[3.5,0,7,2.25],"texture":"#0"}}},{"from":[13,13,-6],"to":[15,14,10],"faces":{"down":{"uv":[5,7.5,4.5,11.5],"texture":"#0"},"up":{"uv":[4.5,11.5,4,7.5],"texture":"#0"},"north":{"uv":[13,10.5,13.5,10.75],"texture":"#0"},"south":{"uv":[13.25,8.75,13.75,9],"texture":"#0"},"west":{"uv":[9.5,1.25,13.5,1.5],"texture":"#0"},"east":{"uv":[9.5,1,13.5,1.25],"texture":"#0"}}},{"from":[1,13,-6],"to":[3,14,10],"faces":{"down":{"uv":[1,9,0.5,13],"texture":"#0"},"up":{"uv":[0.5,13,0,9],"texture":"#0"},"north":{"uv":[13.5,6.25,14,6.5],"texture":"#0"},"south":{"uv":[7.25,13.5,7.75,13.75],"texture":"#0"},"west":{"uv":[9.5,1.75,13.5,2],"texture":"#0"},"east":{"uv":[9.5,1.5,13.5,1.75],"texture":"#0"}}},{"from":[3,13,-6],"to":[13,14,-4],"faces":{"down":{"uv":[7.5,9,5,9.5],"texture":"#0"},"up":{"uv":[3.5,9.5,1,9],"texture":"#0"},"north":{"uv":[10.75,7.75,13.25,8],"texture":"#0"},"south":{"uv":[10.75,8,13.25,8.25],"texture":"#0"},"west":{"uv":[8.25,13.5,8.75,13.75],"texture":"#0"},"east":{"uv":[7.75,13.5,8.25,13.75],"texture":"#0"}}},{"from":[4.25,11.25,-10.75],"to":[5.75,12.75,-5.25],"faces":{"down":{"uv":[7,10.5,6.5,12],"texture":"#0"},"up":{"uv":[3,12,2.5,10.5],"texture":"#0"},"north":{"uv":[13,0.5,13.5,1],"texture":"#0"},"south":{"uv":[2.25,13,2.75,13.5],"texture":"#0"},"west":{"uv":[5,10.5,6.5,11],"texture":"#0"},"east":{"uv":[10.25,9,11.75,9.5],"texture":"#0"}}},{"from":[4,11,-12.4],"to":[6,13,-10.4],"faces":{"down":{"uv":[13.5,5.5,13,6],"texture":"#0"},"up":{"uv":[13.5,5.5,13,5],"texture":"#0"},"north":{"uv":[13,3,13.5,3.5],"texture":"#0"},"south":{"uv":[13,4,13.5,4.5],"texture":"#0"},"west":{"uv":[13,4.5,13.5,5],"texture":"#0"},"east":{"uv":[13,3.5,13.5,4],"texture":"#0"}}},{"from":[2,12,-12.4],"to":[4,13,-11.4],"faces":{"down":{"uv":[14,10.75,13.5,11],"texture":"#0"},"up":{"uv":[14,10.75,13.5,10.5],"texture":"#0"},"north":{"uv":[13.5,10,14,10.25],"texture":"#0"},"south":{"uv":[13.5,10.25,14,10.5],"texture":"#0"},"west":{"uv":[3.25,13.75,3.5,14],"texture":"#0"},"east":{"uv":[3,13.75,3.25,14],"texture":"#0"}}},{"from":[6,12,-12.4],"to":[7,13,-11.4],"faces":{"down":{"uv":[14,4.25,13.75,4.5],"texture":"#0"},"up":{"uv":[4.5,14,4.25,13.75],"texture":"#0"},"north":{"uv":[13.75,3.5,14,3.75],"texture":"#0"},"south":{"uv":[4,13.75,4.25,14],"texture":"#0"},"west":{"uv":[13.75,4,14,4.25],"texture":"#0"},"east":{"uv":[13.75,3.75,14,4],"texture":"#0"}}},{"from":[10.25,11.25,-10.75],"to":[11.75,12.75,-5.25],"faces":{"down":{"uv":[6.5,10.5,7,12],"texture":"#0"},"up":{"uv":[2.5,12,3,10.5],"texture":"#0"},"north":{"uv":[13.5,0.5,13,1],"texture":"#0"},"south":{"uv":[2.75,13,2.25,13.5],"texture":"#0"},"west":{"uv":[11.75,9,10.25,9.5],"texture":"#0"},"east":{"uv":[6.5,10.5,5,11],"texture":"#0"}}},{"from":[9,12,-12.4],"to":[10,13,-11.4],"faces":{"down":{"uv":[13.75,4.25,14,4.5],"texture":"#0"},"up":{"uv":[4.25,14,4.5,13.75],"texture":"#0"},"north":{"uv":[14,3.5,13.75,3.75],"texture":"#0"},"south":{"uv":[4.25,13.75,4,14],"texture":"#0"},"west":{"uv":[14,3.75,13.75,4],"texture":"#0"},"east":{"uv":[14,4,13.75,4.25],"texture":"#0"}}},{"from":[10,11,-12.4],"to":[12,13,-10.4],"faces":{"down":{"uv":[13,5.5,13.5,6],"texture":"#0"},"up":{"uv":[13,5.5,13.5,5],"texture":"#0"},"north":{"uv":[13.5,3,13,3.5],"texture":"#0"},"south":{"uv":[13.5,4,13,4.5],"texture":"#0"},"west":{"uv":[13.5,3.5,13,4],"texture":"#0"},"east":{"uv":[13.5,4.5,13,5],"texture":"#0"}}},{"from":[12,12,-12.4],"to":[14,13,-11.4],"faces":{"down":{"uv":[13.5,10.75,14,11],"texture":"#0"},"up":{"uv":[13.5,10.75,14,10.5],"texture":"#0"},"north":{"uv":[14,10,13.5,10.25],"texture":"#0"},"south":{"uv":[14,10.25,13.5,10.5],"texture":"#0"},"west":{"uv":[3.25,13.75,3,14],"texture":"#0"},"east":{"uv":[3.5,13.75,3.25,14],"texture":"#0"}}},{"from":[3,13,8],"to":[13,14,10],"faces":{"down":{"uv":[12,0.5,9.5,1],"texture":"#0"},"up":{"uv":[12,0.5,9.5,0],"texture":"#0"},"north":{"uv":[10.75,8.25,13.25,8.5],"texture":"#0"},"south":{"uv":[10.75,8.5,13.25,8.75],"texture":"#0"},"west":{"uv":[13.5,11.25,14,11.5],"texture":"#0"},"east":{"uv":[13.5,11,14,11.25],"texture":"#0"}}},{"from":[3,4,8],"to":[13,13,9],"faces":{"down":{"uv":[13.5,10.75,11,11],"texture":"#0"},"up":{"uv":[13.25,9,10.75,8.75],"texture":"#0"},"north":{"uv":[5,4.5,7.5,6.75],"texture":"#0"},"south":{"uv":[5,6.75,7.5,9],"texture":"#0"},"west":{"uv":[4.75,11.5,5,13.75],"texture":"#0"},"east":{"uv":[4.5,11.5,4.75,13.75],"texture":"#0"}}},{"from":[4,4,9],"to":[12,10,10],"faces":{"down":{"uv":[13.5,2.75,11.5,3],"texture":"#0"},"up":{"uv":[13.5,2.75,11.5,2.5],"texture":"#0"},"north":{"uv":[0,7.5,2,9],"texture":"#0"},"south":{"uv":[2,7.5,4,9],"texture":"#0"},"west":{"uv":[12.75,9,13,10.5],"texture":"#0"},"east":{"uv":[12.5,9,12.75,10.5],"texture":"#0"}}},{"from":[10,11,8.599999],"to":[11,14,19.6],"rotation":{"origin":[0,8,-6.4],"axis":"x","angle":22.5},"faces":{"down":{"uv":[6,11,5.75,13.75],"texture":"#0"},"up":{"uv":[5.75,13.75,5.5,11],"texture":"#0"},"north":{"uv":[13.5,5.5,13.75,6.25],"texture":"#0"},"south":{"uv":[6.5,13.5,6.75,14.25],"texture":"#0"},"west":{"uv":[7.5,7.25,10.25,8],"texture":"#0"},"east":{"uv":[7.5,6.5,10.25,7.25],"texture":"#0"}}},{"from":[5,11,8.599999],"to":[6,14,19.6],"rotation":{"origin":[-5,8,-6.4],"axis":"x","angle":22.5},"faces":{"down":{"uv":[6,11,5.75,13.75],"texture":"#0"},"up":{"uv":[5.75,13.75,5.5,11],"texture":"#0"},"north":{"uv":[13.5,5.5,13.75,6.25],"texture":"#0"},"south":{"uv":[6.5,13.5,6.75,14.25],"texture":"#0"},"west":{"uv":[7.5,7.25,10.25,8],"texture":"#0"},"east":{"uv":[7.5,6.5,10.25,7.25],"texture":"#0"}}},{"from":[4.1,2,17.1],"to":[11.9,3.8,18.9],"faces":{"down":{"uv":[11.5,3,9.5,3.5],"texture":"#0"},"up":{"uv":[11.5,3,9.5,2.5],"texture":"#0"},"north":{"uv":[1,9.5,3,10],"texture":"#0"},"south":{"uv":[9.5,2,11.5,2.5],"texture":"#0"},"west":{"uv":[13,9.5,13.5,10],"texture":"#0"},"east":{"uv":[13,9,13.5,9.5],"texture":"#0"}}},{"from":[3,4,-5],"to":[13,13,-4],"faces":{"down":{"uv":[13.5,11.25,11,11.5],"texture":"#0"},"up":{"uv":[13.5,11.25,11,11],"texture":"#0"},"north":{"uv":[7,0,9.5,2.25],"texture":"#0"},"south":{"uv":[7,2.25,9.5,4.5],"texture":"#0"},"west":{"uv":[9.25,11.5,9.5,13.75],"texture":"#0"},"east":{"uv":[9,11.5,9.25,13.75],"texture":"#0"}}},{"from":[3,4,-4],"to":[13,5,8],"faces":{"down":{"uv":[5,4.5,2.5,7.5],"texture":"#0"},"up":{"uv":[2.5,7.5,0,4.5],"texture":"#0"},"north":{"uv":[11.5,2,14,2.25],"texture":"#0"},"south":{"uv":[11.5,2.25,14,2.5],"texture":"#0"},"west":{"uv":[10.75,7.5,13.75,7.75],"texture":"#0"},"east":{"uv":[10,10.5,13,10.75],"texture":"#0"}}},{"from":[14,5.9,-4],"to":[16,7.9,4],"faces":{"down":{"uv":[8,10,7.5,12],"texture":"#0"},"up":{"uv":[7.5,12,7,10],"texture":"#0"},"north":{"uv":[10,13.25,10.5,13.75],"texture":"#0"},"south":{"uv":[12.5,13.25,13,13.75],"texture":"#0"},"west":{"uv":[5,10,7,10.5],"texture":"#0"},"east":{"uv":[1,10,3,10.5],"texture":"#0"}}},{"from":[14,1.9,-4],"to":[16,5.9,-2],"faces":{"down":{"uv":[14,1,13.5,1.5],"texture":"#0"},"up":{"uv":[14,1,13.5,0.5],"texture":"#0"},"north":{"uv":[12,3,12.5,4],"texture":"#0"},"south":{"uv":[12,5,12.5,6],"texture":"#0"},"west":{"uv":[6.5,12,7,13],"texture":"#0"},"east":{"uv":[12,4,12.5,5],"texture":"#0"}}},{"from":[14.5,3.4,-0.5],"to":[15.5,10.4,0.5],"rotation":{"origin":[14.5,5.4,4],"axis":"x","angle":-45},"faces":{"down":{"uv":[14,5.25,13.75,5.5],"texture":"#0"},"up":{"uv":[14,5.25,13.75,5],"texture":"#0"},"north":{"uv":[9.75,12.5,10,14.25],"texture":"#0"},"south":{"uv":[11.25,12.5,11.5,14.25],"texture":"#0"},"west":{"uv":[11.5,12.5,11.75,14.25],"texture":"#0"},"east":{"uv":[11,12.5,11.25,14.25],"texture":"#0"}}},{"from":[14.5,3.4,-0.5],"to":[15.5,10.4,0.5],"rotation":{"origin":[14.5,5.4,-4],"axis":"x","angle":45},"faces":{"down":{"uv":[14,5.5,13.75,5.75],"texture":"#0"},"up":{"uv":[5.75,14,5.5,13.75],"texture":"#0"},"north":{"uv":[12.5,11.5,12.75,13.25],"texture":"#0"},"south":{"uv":[12,12.5,12.25,14.25],"texture":"#0"},"west":{"uv":[12.25,12.5,12.5,14.25],"texture":"#0"},"east":{"uv":[11.75,12.5,12,14.25],"texture":"#0"}}},{"from":[14,1.9,2],"to":[16,5.9,4],"faces":{"down":{"uv":[2.75,13.5,2.25,14],"texture":"#0"},"up":{"uv":[14,2,13.5,1.5],"texture":"#0"},"north":{"uv":[7,12,7.5,13],"texture":"#0"},"south":{"uv":[8,12,8.5,13],"texture":"#0"},"west":{"uv":[8.5,12,9,13],"texture":"#0"},"east":{"uv":[7.5,12,8,13],"texture":"#0"}}},{"from":[14,-0.09999999,-4],"to":[16,1.9,4],"faces":{"down":{"uv":[9,10,8.5,12],"texture":"#0"},"up":{"uv":[8.5,12,8,10],"texture":"#0"},"north":{"uv":[13.5,2.5,14,3],"texture":"#0"},"south":{"uv":[13.5,3,14,3.5],"texture":"#0"},"west":{"uv":[10,10,12,10.5],"texture":"#0"},"east":{"uv":[10,9.5,12,10],"texture":"#0"}}},{"from":[0,5.9,-4],"to":[2,7.9,4],"faces":{"down":{"uv":[7.5,10,8,12],"texture":"#0"},"up":{"uv":[7,12,7.5,10],"texture":"#0"},"north":{"uv":[10.5,13.25,10,13.75],"texture":"#0"},"south":{"uv":[13,13.25,12.5,13.75],"texture":"#0"},"west":{"uv":[3,10,1,10.5],"texture":"#0"},"east":{"uv":[7,10,5,10.5],"texture":"#0"}}},{"from":[0,1.9,-4],"to":[2,5.9,-2],"faces":{"down":{"uv":[13.5,1,14,1.5],"texture":"#0"},"up":{"uv":[13.5,1,14,0.5],"texture":"#0"},"north":{"uv":[12.5,3,12,4],"texture":"#0"},"south":{"uv":[12.5,5,12,6],"texture":"#0"},"west":{"uv":[12.5,4,12,5],"texture":"#0"},"east":{"uv":[7,12,6.5,13],"texture":"#0"}}},{"from":[0.5,3.4,-0.5],"to":[1.5,10.4,0.5],"rotation":{"origin":[1.5,5.4,4],"axis":"x","angle":-45},"faces":{"down":{"uv":[13.75,5.25,14,5.5],"texture":"#0"},"up":{"uv":[13.75,5.25,14,5],"texture":"#0"},"north":{"uv":[10,12.5,9.75,14.25],"texture":"#0"},"south":{"uv":[11.5,12.5,11.25,14.25],"texture":"#0"},"west":{"uv":[11.25,12.5,11,14.25],"texture":"#0"},"east":{"uv":[11.75,12.5,11.5,14.25],"texture":"#0"}}},{"from":[0.5,3.4,-0.5],"to":[1.5,10.4,0.5],"rotation":{"origin":[1.5,5.4,-4],"axis":"x","angle":45},"faces":{"down":{"uv":[13.75,5.5,14,5.75],"texture":"#0"},"up":{"uv":[5.5,14,5.75,13.75],"texture":"#0"},"north":{"uv":[12.75,11.5,12.5,13.25],"texture":"#0"},"south":{"uv":[12.25,12.5,12,14.25],"texture":"#0"},"west":{"uv":[12,12.5,11.75,14.25],"texture":"#0"},"east":{"uv":[12.5,12.5,12.25,14.25],"texture":"#0"}}},{"from":[0,1.9,2],"to":[2,5.9,4],"faces":{"down":{"uv":[2.25,13.5,2.75,14],"texture":"#0"},"up":{"uv":[13.5,2,14,1.5],"texture":"#0"},"north":{"uv":[7.5,12,7,13],"texture":"#0"},"south":{"uv":[8.5,12,8,13],"texture":"#0"},"west":{"uv":[8,12,7.5,13],"texture":"#0"},"east":{"uv":[9,12,8.5,13],"texture":"#0"}}},{"from":[0,-0.09999999,-4],"to":[2,1.9,4],"faces":{"down":{"uv":[8.5,10,9,12],"texture":"#0"},"up":{"uv":[8,12,8.5,10],"texture":"#0"},"north":{"uv":[14,2.5,13.5,3],"texture":"#0"},"south":{"uv":[14,3,13.5,3.5],"texture":"#0"},"west":{"uv":[12,9.5,10,10],"texture":"#0"},"east":{"uv":[12,10,10,10.5],"texture":"#0"}}},{"from":[7,5,15],"to":[9,6,21],"faces":{"down":{"uv":[11,10.75,10.5,12.25],"texture":"#0"},"up":{"uv":[10.5,12.25,10,10.75],"texture":"#0"},"north":{"uv":[13.5,11.5,14,11.75],"texture":"#0"},"south":{"uv":[13.5,11.75,14,12],"texture":"#0"},"west":{"uv":[12.25,7.25,13.75,7.5],"texture":"#0"},"east":{"uv":[12.25,7,13.75,7.25],"texture":"#0"}}},{"from":[7,1,15],"to":[9,5,16],"faces":{"down":{"uv":[14,12.25,13.5,12.5],"texture":"#0"},"up":{"uv":[14,12.25,13.5,12],"texture":"#0"},"north":{"uv":[12,9,12.5,10],"texture":"#0"},"south":{"uv":[12,11.5,12.5,12.5],"texture":"#0"},"west":{"uv":[2.75,13,3,14],"texture":"#0"},"east":{"uv":[12.5,4.75,12.75,5.75],"texture":"#0"}}},{"from":[7.5,2.7,17.5],"to":[8.5,9.7,18.5],"rotation":{"origin":[7.5,4.7,22],"axis":"x","angle":-45},"faces":{"down":{"uv":[14,5.75,13.75,6],"texture":"#0"},"up":{"uv":[6,14,5.75,13.75],"texture":"#0"},"north":{"uv":[12.75,3,13,4.75],"texture":"#0"},"south":{"uv":[12.75,11.5,13,13.25],"texture":"#0"},"west":{"uv":[0,13,0.25,14.75],"texture":"#0"},"east":{"uv":[12.75,4.75,13,6.5],"texture":"#0"}}},{"from":[7.5,2.7,17.5],"to":[8.5,9.7,18.5],"rotation":{"origin":[7.5,4.7,14],"axis":"x","angle":45},"faces":{"down":{"uv":[14,6,13.75,6.25],"texture":"#0"},"up":{"uv":[6.25,14,6,13.75],"texture":"#0"},"north":{"uv":[0.25,13,0.5,14.75],"texture":"#0"},"south":{"uv":[0.75,13,1,14.75],"texture":"#0"},"west":{"uv":[2,13,2.25,14.75],"texture":"#0"},"east":{"uv":[0.5,13,0.75,14.75],"texture":"#0"}}},{"from":[7,1,20],"to":[9,5,21],"faces":{"down":{"uv":[14,12.75,13.5,13],"texture":"#0"},"up":{"uv":[14,12.75,13.5,12.5],"texture":"#0"},"north":{"uv":[12.25,6,12.75,7],"texture":"#0"},"south":{"uv":[10,12.25,10.5,13.25],"texture":"#0"},"west":{"uv":[13.5,4.5,13.75,5.5],"texture":"#0"},"east":{"uv":[13.5,3.5,13.75,4.5],"texture":"#0"}}},{"from":[7,0,15],"to":[9,1,21],"faces":{"down":{"uv":[5.5,11,5,12.5],"texture":"#0"},"up":{"uv":[4,12.5,3.5,11],"texture":"#0"},"north":{"uv":[13,13.5,13.5,13.75],"texture":"#0"},"south":{"uv":[13.5,13,14,13.25],"texture":"#0"},"west":{"uv":[12.5,0.25,14,0.5],"texture":"#0"},"east":{"uv":[12.5,0,14,0.25],"texture":"#0"}}}],"display":{"thirdperson_righthand":{"rotation":[75,45,0],"translation":[0,2.5,0],"scale":[0.375,0.375,0.375]},"thirdperson_lefthand":{"rotation":[75,45,0],"translation":[0,2.5,0],"scale":[0.375,0.375,0.375]},"firstperson_righthand":{"rotation":[0,45,0],"scale":[0.4,0.4,0.4]},"firstperson_lefthand":{"rotation":[0,225,0],"scale":[0.4,0.4,0.4]},"gui":{"rotation":[30,36,0],"translation":[1.75,-0.5,0],"scale":[0.57031,0.57031,0.57031]},"ground":{"translation":[0,3,0],"scale":[0.25,0.25,0.25]},"fixed":{"rotation":[-90,0,0],"translation":[0,12,-16],"scale":[2,2,2]}}}