{
	"credit": "Made with Blockbench",
	"texture_size": [32, 32],
	"textures": {
		"0": "furniture/blocks/mangrove_side",
		"1": "furniture/blocks/hedge",
		"2": "furniture/blocks/star",
		"3": "furniture/blocks/sphere",
		"4": "furniture/blocks/christmas-lights"
	},
	"elements": [
		{
			"from": [7, 1, 7],
			"to": [9, 7, 9],
			"faces": {
				"north": {"uv": [0, 0, 8, 16], "texture": "#0"},
				"east": {"uv": [0, 0, 8, 16], "texture": "#0"},
				"south": {"uv": [0, 0, 8, 16], "texture": "#0"},
				"west": {"uv": [0, 0, 8, 16], "texture": "#0"},
				"up": {"uv": [0, 0, 1, 1], "texture": "#0"},
				"down": {"uv": [0, 0, 16, 16], "texture": "#0"}
			}
		},
		{
			"from": [9, 3, 7],
			"to": [11, 10, 9],
			"rotation": {"angle": 22.5, "axis": "z", "origin": [0, 0, 0]},
			"faces": {
				"north": {"uv": [0, 0, 8, 16], "texture": "#0"},
				"east": {"uv": [0, 0, 8, 16], "texture": "#0"},
				"south": {"uv": [0, 0, 8, 16], "texture": "#0"},
				"west": {"uv": [0, 0, 8, 16], "texture": "#0"},
				"up": {"uv": [0, 0, 1, 1], "texture": "#0"},
				"down": {"uv": [0, 0, 1, 1], "texture": "#0"}
			}
		},
		{
			"from": [-1, 13, 7],
			"to": [1, 21, 9],
			"rotation": {"angle": -22.5, "axis": "z", "origin": [0, 0, 0]},
			"faces": {
				"north": {"uv": [0, 0, 8, 16], "texture": "#0"},
				"east": {"uv": [0, 0, 8, 16], "texture": "#0"},
				"south": {"uv": [0, 0, 8, 16], "texture": "#0"},
				"west": {"uv": [0, 0, 8, 16], "texture": "#0"},
				"up": {"uv": [0, 0, 16, 16], "texture": "#0"},
				"down": {"uv": [0, 0, 16, 16], "texture": "#0"}
			}
		},
		{
			"from": [7, 20, -1],
			"to": [9, 28, 1],
			"rotation": {"angle": 22.5, "axis": "x", "origin": [0, 0, 0]},
			"faces": {
				"north": {"uv": [0, 0, 8, 16], "texture": "#0"},
				"east": {"uv": [0, 0, 8, 16], "texture": "#0"},
				"south": {"uv": [0, 0, 8, 16], "texture": "#0"},
				"west": {"uv": [0, 0, 8, 16], "texture": "#0"},
				"up": {"uv": [0, 0, 16, 16], "texture": "#0"},
				"down": {"uv": [0, 0, 1, 1], "texture": "#0"}
			}
		},
		{
			"from": [6, 0, 6],
			"to": [10, 1, 10],
			"faces": {
				"north": {"uv": [0, 0, 16, 16], "texture": "#0"},
				"east": {"uv": [0, 0, 16, 16], "texture": "#0"},
				"south": {"uv": [0, 0, 16, 16], "texture": "#0"},
				"west": {"uv": [0, 0, 16, 16], "texture": "#0"},
				"up": {"uv": [0, 0, 16, 16], "texture": "#0"},
				"down": {"uv": [0, 0, 16, 16], "texture": "#0"}
			}
		},
		{
			"from": [10, 4, 7],
			"to": [18, 5, 8],
			"rotation": {"angle": 22.5, "axis": "z", "origin": [0, 0, 0]},
			"faces": {
				"north": {"uv": [0, 0, 8, 16], "rotation": 270, "texture": "#0"},
				"east": {"uv": [0, 0, 0.5, 0.5], "rotation": 90, "texture": "#0"},
				"south": {"uv": [0, 0, 8, 16], "rotation": 90, "texture": "#0"},
				"west": {"uv": [0, 0, 0.5, 0.5], "rotation": 90, "texture": "#0"},
				"up": {"uv": [0, 0, 8, 16], "rotation": 90, "texture": "#0"},
				"down": {"uv": [0, 0, 8, 16], "rotation": 90, "texture": "#0"}
			}
		},
		{
			"from": [6, 14, -5],
			"to": [7, 15, 3],
			"rotation": {"angle": 22.5, "axis": "x", "origin": [0, 0, 0]},
			"faces": {
				"north": {"uv": [0, 0, 0.5, 0.5], "rotation": 90, "texture": "#0"},
				"east": {"uv": [0, 0, 8, 16], "rotation": 270, "texture": "#0"},
				"south": {"uv": [0, 0, 0.5, 0.5], "rotation": 90, "texture": "#0"},
				"west": {"uv": [0, 0, 8, 16], "rotation": 90, "texture": "#0"},
				"up": {"uv": [0, 0, 8, 16], "rotation": 180, "texture": "#0"},
				"down": {"uv": [0, 0, 8, 16], "texture": "#0"}
			}
		},
		{
			"from": [7, 13, 14],
			"to": [8, 14, 22],
			"rotation": {"angle": -22.5, "axis": "x", "origin": [0, 0, 0]},
			"faces": {
				"north": {"uv": [0, 0, 0.5, 0.5], "rotation": 90, "texture": "#0"},
				"east": {"uv": [0, 0, 8, 16], "rotation": 270, "texture": "#0"},
				"south": {"uv": [0, 0, 0.5, 0.5], "rotation": 90, "texture": "#0"},
				"west": {"uv": [0, 0, 8, 16], "rotation": 90, "texture": "#0"},
				"up": {"uv": [0, 0, 8, 16], "rotation": 180, "texture": "#0"},
				"down": {"uv": [0, 0, 8, 16], "texture": "#0"}
			}
		},
		{
			"from": [3, 12, 5],
			"to": [13, 13, 12],
			"rotation": {"angle": -22.5, "axis": "z", "origin": [0, 0, 0]},
			"faces": {
				"north": {"uv": [0, 0, 5, 0], "texture": "#1"},
				"east": {"uv": [0, 0, 2.5, 0], "texture": "#1"},
				"south": {"uv": [0, 0, 5, 0], "texture": "#1"},
				"west": {"uv": [0, 0, 2.5, 0], "texture": "#1"},
				"up": {"uv": [0, 0, 16, 16], "texture": "#1"},
				"down": {"uv": [2.5, 0, 15, 16], "texture": "#1"}
			}
		},
		{
			"from": [0, 4, 5],
			"to": [10, 5, 12],
			"rotation": {"angle": 22.5, "axis": "z", "origin": [0, 0, 0]},
			"faces": {
				"north": {"uv": [0, 0, 5, 0], "texture": "#1"},
				"east": {"uv": [0, 0, 2.5, 0], "texture": "#1"},
				"south": {"uv": [0, 0, 5, 0], "texture": "#1"},
				"west": {"uv": [0, 0, 2.5, 0], "texture": "#1"},
				"up": {"uv": [0, 0, 16, 16], "texture": "#1"},
				"down": {"uv": [2.5, 0, 15, 16], "texture": "#1"}
			}
		},
		{
			"from": [1, 10, 5],
			"to": [11, 11, 12],
			"rotation": {"angle": 22.5, "axis": "z", "origin": [0, 0, 0]},
			"faces": {
				"north": {"uv": [0, 0, 16, 5], "texture": "#1"},
				"east": {"uv": [0, 0, 2.5, 0], "texture": "#1"},
				"south": {"uv": [0, 0, 5, 0], "texture": "#1"},
				"west": {"uv": [0, 0, 16, 7], "texture": "#1"},
				"up": {"uv": [0, 0, 16, 16], "texture": "#1"},
				"down": {"uv": [2.5, 0, 15, 16], "texture": "#1"}
			}
		},
		{
			"from": [6, 16, 5],
			"to": [16, 17, 12],
			"rotation": {"angle": 22.5, "axis": "z", "origin": [0, 0, 0]},
			"faces": {
				"north": {"uv": [0, 0, 5, 0], "texture": "#1"},
				"east": {"uv": [0, 0, 2.5, 0], "texture": "#1"},
				"south": {"uv": [0, 0, 5, 0], "texture": "#1"},
				"west": {"uv": [0, 0, 2.5, 0], "texture": "#1"},
				"up": {"uv": [0, 0, 16, 16], "texture": "#1"},
				"down": {"uv": [2.5, 0, 15, 16], "texture": "#1"}
			}
		},
		{
			"from": [0, 18, 6],
			"to": [11, 19, 12],
			"rotation": {"angle": -22.5, "axis": "z", "origin": [0, 0, 0]},
			"faces": {
				"north": {"uv": [0, 0, 16, 4], "texture": "#1"},
				"east": {"uv": [0, 0, 2.5, 0], "texture": "#1"},
				"south": {"uv": [0, 0, 5, 0], "texture": "#1"},
				"west": {"uv": [0, 0, 2.5, 0], "texture": "#1"},
				"up": {"uv": [0, 0, 16, 16], "texture": "#1"},
				"down": {"uv": [2.5, 0, 15, 16], "texture": "#1"}
			}
		},
		{
			"from": [-3, 26, 7],
			"to": [5, 27, 10],
			"rotation": {"angle": -22.5, "axis": "z", "origin": [0, 0, 0]},
			"faces": {
				"north": {"uv": [0, 0, 16, 8], "texture": "#1"},
				"east": {"uv": [0, 0, 16, 15], "texture": "#1"},
				"south": {"uv": [0, 0, 5, 0], "texture": "#1"},
				"west": {"uv": [0, 0, 2.5, 0], "texture": "#1"},
				"up": {"uv": [0, 0, 16, 16], "texture": "#1"},
				"down": {"uv": [2.5, 0, 15, 16], "texture": "#1"}
			}
		},
		{
			"from": [16, 13, 8],
			"to": [24, 14, 11],
			"rotation": {"angle": 45, "axis": "z", "origin": [0, 0, 0]},
			"faces": {
				"north": {"uv": [0, 0, 5, 0], "texture": "#1"},
				"east": {"uv": [0, 0, 2.5, 0], "texture": "#1"},
				"south": {"uv": [0, 0, 5, 0], "texture": "#1"},
				"west": {"uv": [0, 0, 2.5, 0], "texture": "#1"},
				"up": {"uv": [0, 0, 16, 16], "texture": "#1"},
				"down": {"uv": [2.5, 0, 15, 16], "texture": "#1"}
			}
		},
		{
			"from": [4, 5, 1],
			"to": [11, 6, 11],
			"rotation": {"angle": -22.5, "axis": "x", "origin": [0, 0, 0]},
			"faces": {
				"north": {"uv": [0, 0, 2.5, 0], "texture": "#1"},
				"east": {"uv": [0, 0, 5, 0], "texture": "#1"},
				"south": {"uv": [0, 0, 2.5, 0], "texture": "#1"},
				"west": {"uv": [0, 0, 16, 8.5], "texture": "#1"},
				"up": {"uv": [0, 0, 16, 16], "rotation": 270, "texture": "#1"},
				"down": {"uv": [2.5, 0, 15, 16], "rotation": 90, "texture": "#1"}
			}
		},
		{
			"from": [6, 10, 4],
			"to": [12, 11, 14],
			"rotation": {"angle": -22.5, "axis": "x", "origin": [0, 0, 0]},
			"faces": {
				"north": {"uv": [0, 0, 2.5, 0], "texture": "#1"},
				"east": {"uv": [0, 0, 5, 0], "texture": "#1"},
				"south": {"uv": [0, 0, 2.5, 0], "texture": "#1"},
				"west": {"uv": [0, 0, 5, 0], "texture": "#1"},
				"up": {"uv": [0, 0, 16, 16], "rotation": 270, "texture": "#1"},
				"down": {"uv": [2.5, 0, 15, 16], "rotation": 90, "texture": "#1"}
			}
		},
		{
			"from": [4, 19, -9],
			"to": [10, 20, 1],
			"rotation": {"angle": 45, "axis": "x", "origin": [0, 0, 0]},
			"faces": {
				"north": {"uv": [0, 0, 2.5, 0], "texture": "#1"},
				"east": {"uv": [0, 0, 5, 0], "texture": "#1"},
				"south": {"uv": [0, 0, 16, 6], "texture": "#1"},
				"west": {"uv": [0, 0, 16, 7.5], "texture": "#1"},
				"up": {"uv": [0, 0, 16, 16], "rotation": 270, "texture": "#1"},
				"down": {"uv": [2.5, 0, 15, 16], "rotation": 90, "texture": "#1"}
			}
		},
		{
			"from": [5, 25, -11],
			"to": [9, 26, -4],
			"rotation": {"angle": 45, "axis": "x", "origin": [0, 0, 0]},
			"faces": {
				"north": {"uv": [0, 0, 2.5, 0], "texture": "#1"},
				"east": {"uv": [0, 0, 16, 4], "texture": "#1"},
				"south": {"uv": [0, 0, 2.5, 0], "texture": "#1"},
				"west": {"uv": [0, 0, 5, 0], "texture": "#1"},
				"up": {"uv": [0, 0, 16, 16], "rotation": 270, "texture": "#1"},
				"down": {"uv": [2.5, 0, 15, 16], "rotation": 90, "texture": "#1"}
			}
		},
		{
			"from": [5, 16, 6],
			"to": [12, 17, 16],
			"rotation": {"angle": -22.5, "axis": "x", "origin": [0, 0, 0]},
			"faces": {
				"north": {"uv": [0, 0, 16, 4], "texture": "#1"},
				"east": {"uv": [0, 0, 16, 3.5], "texture": "#1"},
				"south": {"uv": [0, 0, 2.5, 0], "texture": "#1"},
				"west": {"uv": [0, 0, 5, 0], "texture": "#1"},
				"up": {"uv": [0, 0, 16, 16], "rotation": 270, "texture": "#1"},
				"down": {"uv": [2.5, 0, 15, 16], "rotation": 90, "texture": "#1"}
			}
		},
		{
			"from": [4, 13, -1],
			"to": [13, 14, 9],
			"rotation": {"angle": 45, "axis": "x", "origin": [0, 0, 0]},
			"faces": {
				"north": {"uv": [0, 0, 2.5, 0], "texture": "#1"},
				"east": {"uv": [0, 0, 5, 0], "texture": "#1"},
				"south": {"uv": [0, 0, 16, 5.5], "texture": "#1"},
				"west": {"uv": [0, 0, 5, 0], "texture": "#1"},
				"up": {"uv": [0, 0, 16, 16], "rotation": 270, "texture": "#1"},
				"down": {"uv": [2.5, 0, 15, 16], "rotation": 90, "texture": "#1"}
			}
		},
		{
			"from": [7, 26, 6],
			"to": [7, 32, 12],
			"faces": {
				"north": {"uv": [0, 0, 0, 3], "texture": "#2"},
				"east": {"uv": [0, 0, 16, 16], "texture": "#2"},
				"south": {"uv": [0, 0, 0, 3], "texture": "#2"},
				"west": {"uv": [0, 0, 16, 16], "texture": "#2"},
				"up": {"uv": [0, 0, 0, 2.5], "texture": "#2"},
				"down": {"uv": [0, 0, 0, 2.5], "texture": "#2"}
			}
		},
		{
			"from": [4, 26, 9],
			"to": [10, 32, 9],
			"faces": {
				"north": {"uv": [0, 0, 16, 16], "texture": "#2"},
				"east": {"uv": [0, 0, 0, 3], "texture": "#2"},
				"south": {"uv": [0, 0, 16, 16], "texture": "#2"},
				"west": {"uv": [0, 0, 0, 3], "texture": "#2"},
				"up": {"uv": [0, 0, 0, 2.5], "rotation": 90, "texture": "#2"},
				"down": {"uv": [0, 0, 0, 2.5], "rotation": 270, "texture": "#2"}
			}
		},
		{
			"from": [3, 1, 16],
			"to": [6, 4, 16],
			"faces": {
				"north": {"uv": [0, 0.5, 15.5, 15.5], "texture": "#3"},
				"east": {"uv": [0, 0, 0, 1.5], "texture": "#3"},
				"south": {"uv": [0, 0.5, 15.5, 15.5], "texture": "#3"},
				"west": {"uv": [0, 0, 0, 1.5], "texture": "#3"},
				"up": {"uv": [0, 0, 1.5, 0], "texture": "#3"},
				"down": {"uv": [0, 0, 1.5, 0], "texture": "#3"}
			}
		},
		{
			"from": [8, 11, 15],
			"to": [11, 14, 15],
			"faces": {
				"north": {"uv": [0, 0.5, 15.5, 15.5], "texture": "#3"},
				"east": {"uv": [0, 0, 0, 1.5], "texture": "#3"},
				"south": {"uv": [0, 0.5, 15.5, 15.5], "texture": "#3"},
				"west": {"uv": [0, 0, 0, 1.5], "texture": "#3"},
				"up": {"uv": [0, 0, 1.5, 0], "texture": "#3"},
				"down": {"uv": [0, 0, 1.5, 0], "texture": "#3"}
			}
		},
		{
			"from": [8, 10, -1],
			"to": [11, 13, -1],
			"faces": {
				"north": {"uv": [0, 0.5, 15.5, 15.5], "texture": "#3"},
				"east": {"uv": [0, 0, 0, 1.5], "texture": "#3"},
				"south": {"uv": [0, 0.5, 15.5, 15.5], "texture": "#3"},
				"west": {"uv": [0, 0, 0, 1.5], "texture": "#3"},
				"up": {"uv": [0, 0, 1.5, 0], "texture": "#3"},
				"down": {"uv": [0, 0, 1.5, 0], "texture": "#3"}
			}
		},
		{
			"from": [6, 3, -1],
			"to": [9, 6, -1],
			"faces": {
				"north": {"uv": [0, 0.5, 15.5, 15.5], "texture": "#3"},
				"east": {"uv": [0, 0, 0, 1.5], "texture": "#3"},
				"south": {"uv": [0, 0.5, 15.5, 15.5], "texture": "#3"},
				"west": {"uv": [0, 0, 0, 1.5], "texture": "#3"},
				"up": {"uv": [0, 0, 1.5, 0], "texture": "#3"},
				"down": {"uv": [0, 0, 1.5, 0], "texture": "#3"}
			}
		},
		{
			"from": [5, 18, 15],
			"to": [8, 21, 15],
			"faces": {
				"north": {"uv": [0, 0.5, 15.5, 15.5], "texture": "#3"},
				"east": {"uv": [0, 0, 0, 1.5], "texture": "#3"},
				"south": {"uv": [0, 0.5, 15.5, 15.5], "texture": "#3"},
				"west": {"uv": [0, 0, 0, 1.5], "texture": "#3"},
				"up": {"uv": [0, 0, 1.5, 0], "texture": "#3"},
				"down": {"uv": [0, 0, 1.5, 0], "texture": "#3"}
			}
		},
		{
			"from": [15, 20, 8],
			"to": [15, 23, 11],
			"faces": {
				"north": {"uv": [0, 0, 0, 1.5], "texture": "#3"},
				"east": {"uv": [0, 0.5, 15.5, 15.5], "texture": "#3"},
				"south": {"uv": [0, 0, 0, 1.5], "texture": "#3"},
				"west": {"uv": [0, 0.5, 15.5, 15.5], "texture": "#3"},
				"up": {"uv": [0, 0, 1.5, 0], "rotation": 270, "texture": "#3"},
				"down": {"uv": [0, 0, 1.5, 0], "rotation": 90, "texture": "#3"}
			}
		},
		{
			"from": [1, 19, 8],
			"to": [1, 22, 11],
			"faces": {
				"north": {"uv": [0, 0, 0, 1.5], "texture": "#3"},
				"east": {"uv": [0, 0.5, 15.5, 15.5], "texture": "#3"},
				"south": {"uv": [0, 0, 0, 1.5], "texture": "#3"},
				"west": {"uv": [0, 0.5, 15.5, 15.5], "texture": "#3"},
				"up": {"uv": [0, 0, 1.5, 0], "rotation": 270, "texture": "#3"},
				"down": {"uv": [0, 0, 1.5, 0], "rotation": 90, "texture": "#3"}
			}
		},
		{
			"from": [-2, 2, 8],
			"to": [-2, 5, 11],
			"faces": {
				"north": {"uv": [0, 0, 0, 1.5], "texture": "#3"},
				"east": {"uv": [0, 0.5, 15.5, 15.5], "texture": "#3"},
				"south": {"uv": [0, 0, 0, 1.5], "texture": "#3"},
				"west": {"uv": [0, 0.5, 15.5, 15.5], "texture": "#3"},
				"up": {"uv": [0, 0, 1.5, 0], "rotation": 270, "texture": "#3"},
				"down": {"uv": [0, 0, 1.5, 0], "rotation": 90, "texture": "#3"}
			}
		},
		{
			"from": [-2, 7, 4],
			"to": [-2, 10, 7],
			"faces": {
				"north": {"uv": [0, 0, 0, 1.5], "texture": "#3"},
				"east": {"uv": [0, 0.5, 15.5, 15.5], "texture": "#3"},
				"south": {"uv": [0, 0, 0, 1.5], "texture": "#3"},
				"west": {"uv": [0, 0.5, 15.5, 15.5], "texture": "#3"},
				"up": {"uv": [0, 0, 1.5, 0], "rotation": 270, "texture": "#3"},
				"down": {"uv": [0, 0, 1.5, 0], "rotation": 90, "texture": "#3"}
			}
		},
		{
			"from": [17, 10, 5],
			"to": [17, 13, 8],
			"faces": {
				"north": {"uv": [0, 0, 0, 1.5], "texture": "#3"},
				"east": {"uv": [0, 0.5, 15.5, 15.5], "texture": "#3"},
				"south": {"uv": [0, 0, 0, 1.5], "texture": "#3"},
				"west": {"uv": [0, 0.5, 15.5, 15.5], "texture": "#3"},
				"up": {"uv": [0, 0, 1.5, 0], "rotation": 270, "texture": "#3"},
				"down": {"uv": [0, 0, 1.5, 0], "rotation": 90, "texture": "#3"}
			}
		},
		{
			"from": [17, 4, 9],
			"to": [17, 7, 12],
			"faces": {
				"north": {"uv": [0, 0, 0, 1.5], "texture": "#3"},
				"east": {"uv": [0, 0.5, 15.5, 15.5], "texture": "#3"},
				"south": {"uv": [0, 0, 0, 1.5], "texture": "#3"},
				"west": {"uv": [0, 0.5, 15.5, 15.5], "texture": "#3"},
				"up": {"uv": [0, 0, 1.5, 0], "rotation": 270, "texture": "#3"},
				"down": {"uv": [0, 0, 1.5, 0], "rotation": 90, "texture": "#3"}
			}
		},
		{
			"from": [4, 2, -6],
			"to": [4, 7, 5],
			"rotation": {"angle": -45, "axis": "y", "origin": [0, 0, 0]},
			"faces": {
				"north": {"uv": [0, 0, 0, 3], "texture": "#4"},
				"east": {"uv": [0, 7.5, 12, 11.5], "texture": "#4"},
				"south": {"uv": [0, 0, 0, 3], "texture": "#4"},
				"west": {"uv": [0, 7.5, 12, 11.5], "texture": "#4"},
				"up": {"uv": [0, 0, 6, 0], "rotation": 270, "texture": "#4"},
				"down": {"uv": [0, 0, 6, 0], "rotation": 90, "texture": "#4"}
			}
		},
		{
			"from": [7, 4, -7],
			"to": [18, 9, -7],
			"rotation": {"angle": -45, "axis": "y", "origin": [0, 0, 0]},
			"faces": {
				"north": {"uv": [0, 8, 12, 12], "texture": "#4"},
				"east": {"uv": [0, 0, 0, 3], "texture": "#4"},
				"south": {"uv": [0, 8, 12, 12], "texture": "#4"},
				"west": {"uv": [0, 0, 0, 3], "texture": "#4"},
				"up": {"uv": [0, 0, 6, 0], "texture": "#4"},
				"down": {"uv": [0, 0, 6, 0], "texture": "#4"}
			}
		},
		{
			"from": [6, 14, -7],
			"to": [6, 20, 5],
			"rotation": {"angle": -45, "axis": "y", "origin": [0, 0, 0]},
			"faces": {
				"north": {"uv": [0, 0, 0, 3], "texture": "#4"},
				"east": {"uv": [0, 8, 12, 12], "texture": "#4"},
				"south": {"uv": [0, 0, 0, 3], "texture": "#4"},
				"west": {"uv": [0, 8, 12, 12], "texture": "#4"},
				"up": {"uv": [0, 0, 6, 0], "rotation": 270, "texture": "#4"},
				"down": {"uv": [0, 0, 6, 0], "rotation": 90, "texture": "#4"}
			}
		},
		{
			"from": [2, 10, 17],
			"to": [11, 15, 17],
			"rotation": {"angle": 22.5, "axis": "y", "origin": [0, 0, 0]},
			"faces": {
				"north": {"uv": [0, 8, 12, 12], "texture": "#4"},
				"east": {"uv": [0, 0, 0, 3], "texture": "#4"},
				"south": {"uv": [0, 8, 12, 12], "texture": "#4"},
				"west": {"uv": [0, 0, 0, 3], "texture": "#4"},
				"up": {"uv": [0, 0, 6, 0], "texture": "#4"},
				"down": {"uv": [0, 0, 6, 0], "texture": "#4"}
			}
		},
		{
			"from": [10, 18, 7],
			"to": [10, 22, 14],
			"faces": {
				"north": {"uv": [0, 0, 0, 3], "texture": "#4"},
				"east": {"uv": [0, 8, 12, 12], "texture": "#4"},
				"south": {"uv": [0, 0, 0, 3], "texture": "#4"},
				"west": {"uv": [0, 8, 12, 12], "texture": "#4"},
				"up": {"uv": [0, 0, 6, 0], "rotation": 270, "texture": "#4"},
				"down": {"uv": [0, 0, 6, 0], "rotation": 90, "texture": "#4"}
			}
		},
		{
			"from": [3, 2, 11],
			"to": [14, 7, 12],
			"rotation": {"angle": -22.5, "axis": "y", "origin": [0, 0, 0]},
			"faces": {
				"north": {"uv": [0, 8, 12, 12], "texture": "#4"},
				"east": {"uv": [0, 0, 0, 3], "texture": "#4"},
				"south": {"uv": [0, 8, 12, 12], "texture": "#4"},
				"west": {"uv": [0, 0, 0, 3], "texture": "#4"},
				"up": {"uv": [0, 0, 6, 0], "texture": "#4"},
				"down": {"uv": [0, 0, 6, 0], "texture": "#4"}
			}
		}
	],
	"display": {
		"thirdperson_righthand": {
			"translation": [0, 2, 0],
			"scale": [0.3, 0.3, 0.3]
		},
		"thirdperson_lefthand": {
			"translation": [0, 2, 0],
			"scale": [0.3, 0.3, 0.3]
		},
		"firstperson_righthand": {
			"scale": [0.5, 0.5, 0.5]
		},
		"firstperson_lefthand": {
			"scale": [0.5, 0.5, 0.5]
		},
		"ground": {
			"scale": [0.7, 0.7, 0.7]
		},
		"gui": {
			"rotation": [0, -23, 0],
			"translation": [0, -3.75, 0],
			"scale": [0.5, 0.5, 0.5]
		},
		"head": {
			"translation": [0, 15.5, 0]
		},
		"fixed": {
			"rotation": [-90, 0, 0],
			"translation": [0, 0, -29],
			"scale": [4, 4, 4]
		}
	}
}