{
	"credit": "Made with Blockbench",
	"texture_size": [32, 32],
	"textures": {
		"0": "furniture/blocks/birch_planks",
		"1": "furniture/blocks/cyan_wool",
		"2": "furniture/blocks/stripped_oak_log"
	},
	"elements": [
		{
			"from": [9, 6, 6],
			"to": [10, 10, 7],
			"rotation": {"angle": -22.5, "axis": "y", "origin": [0, 0, 0]},
			"faces": {
				"north": {"uv": [0, 0, 7, 9.5], "texture": "#2"},
				"east": {"uv": [0, 0, 7.5, 11], "texture": "#2"},
				"south": {"uv": [0, 0, 7.5, 11], "texture": "#2"},
				"west": {"uv": [0, 0, 8.5, 10.5], "texture": "#2"},
				"up": {"uv": [0, 0, 0.5, 0.5], "texture": "#2"},
				"down": {"uv": [0, 0, 6, 6.5], "texture": "#2"}
			}
		},
		{
			"from": [11, 6, 2],
			"to": [12, 10, 3],
			"rotation": {"angle": -22.5, "axis": "y", "origin": [0, 0, 0]},
			"faces": {
				"north": {"uv": [0, 0, 9.5, 13.5], "texture": "#2"},
				"east": {"uv": [0, 0, 8.5, 13], "texture": "#2"},
				"south": {"uv": [0, 0, 7, 12], "texture": "#2"},
				"west": {"uv": [0, 0, 8.5, 11], "texture": "#2"},
				"up": {"uv": [0, 0, 0.5, 0.5], "texture": "#2"},
				"down": {"uv": [0, 0, 7, 8.5], "texture": "#2"}
			}
		},
		{
			"from": [3, 6, 8],
			"to": [4, 10, 9],
			"rotation": {"angle": 22.5, "axis": "y", "origin": [0, 0, 0]},
			"faces": {
				"north": {"uv": [0, 0, 6.5, 11], "texture": "#2"},
				"east": {"uv": [0, 0, 8.5, 9.5], "texture": "#2"},
				"south": {"uv": [0, 0, 7.5, 11], "texture": "#2"},
				"west": {"uv": [0, 0, 9, 12.5], "texture": "#2"},
				"up": {"uv": [0, 0, 0.5, 0.5], "texture": "#2"},
				"down": {"uv": [0, 0, 6.5, 8.5], "texture": "#2"}
			}
		},
		{
			"from": [5, 6, 12],
			"to": [6, 10, 13],
			"rotation": {"angle": 22.5, "axis": "y", "origin": [0, 0, 0]},
			"faces": {
				"north": {"uv": [0, 0, 6.5, 11], "texture": "#2"},
				"east": {"uv": [0, 0, 9, 12.5], "texture": "#2"},
				"south": {"uv": [0, 0, 8.5, 12], "texture": "#2"},
				"west": {"uv": [0, 0, 6.5, 10], "texture": "#2"},
				"up": {"uv": [0, 0, 0.5, 0.5], "texture": "#2"},
				"down": {"uv": [0, 0, 8.5, 7.5], "texture": "#2"}
			}
		},
		{
			"from": [10, 0, 10],
			"to": [11, 7, 11],
			"faces": {
				"north": {"uv": [0, 0, 5, 15.5], "texture": "#2"},
				"east": {"uv": [0, 0, 6.5, 13], "texture": "#2"},
				"south": {"uv": [0, 0, 5.5, 15.5], "texture": "#2"},
				"west": {"uv": [0, 0, 5.5, 15.5], "texture": "#2"},
				"up": {"uv": [0, 0, 6, 8.5], "texture": "#2"},
				"down": {"uv": [0, 0, 5.5, 6], "texture": "#2"}
			}
		},
		{
			"from": [10, 0, 5],
			"to": [11, 7, 6],
			"faces": {
				"north": {"uv": [0, 0, 5, 15.5], "texture": "#2"},
				"east": {"uv": [0, 0, 6.5, 13], "texture": "#2"},
				"south": {"uv": [0, 0, 5.5, 15.5], "texture": "#2"},
				"west": {"uv": [0, 0, 5.5, 15.5], "texture": "#2"},
				"up": {"uv": [0, 0, 6, 8.5], "texture": "#2"},
				"down": {"uv": [0, 0, 5.5, 6], "texture": "#2"}
			}
		},
		{
			"from": [5, 0, 5],
			"to": [6, 7, 6],
			"faces": {
				"north": {"uv": [0, 0, 5, 15.5], "texture": "#2"},
				"east": {"uv": [0, 0, 6.5, 13], "texture": "#2"},
				"south": {"uv": [0, 0, 5.5, 15.5], "texture": "#2"},
				"west": {"uv": [0, 0, 5.5, 15.5], "texture": "#2"},
				"up": {"uv": [0, 0, 6, 8.5], "texture": "#2"},
				"down": {"uv": [0, 0, 5.5, 6], "texture": "#2"}
			}
		},
		{
			"from": [5, 0, 10],
			"to": [6, 7, 11],
			"faces": {
				"north": {"uv": [0, 0, 5, 15.5], "texture": "#2"},
				"east": {"uv": [0, 0, 6.5, 13], "texture": "#2"},
				"south": {"uv": [0, 0, 5.5, 15.5], "texture": "#2"},
				"west": {"uv": [0, 0, 5.5, 15.5], "texture": "#2"},
				"up": {"uv": [0, 0, 6, 8.5], "texture": "#2"},
				"down": {"uv": [0, 0, 5.5, 6], "texture": "#2"}
			}
		},
		{
			"from": [6, 3, 5],
			"to": [10, 4, 6],
			"faces": {
				"north": {"uv": [0, 0, 13.5, 7], "texture": "#0"},
				"east": {"uv": [0, 0, 0.5, 0.5], "texture": "#0"},
				"south": {"uv": [0, 0, 10, 6], "texture": "#0"},
				"west": {"uv": [0, 0, 0.5, 0.5], "texture": "#0"},
				"up": {"uv": [0, 0, 9, 5], "texture": "#0"},
				"down": {"uv": [0, 0, 9.5, 5.5], "texture": "#0"}
			}
		},
		{
			"from": [6, 3, 10],
			"to": [10, 4, 11],
			"faces": {
				"north": {"uv": [0, 0, 13.5, 7], "texture": "#0"},
				"east": {"uv": [0, 0, 0.5, 0.5], "texture": "#0"},
				"south": {"uv": [0, 0, 10, 6], "texture": "#0"},
				"west": {"uv": [0, 0, 0.5, 0.5], "texture": "#0"},
				"up": {"uv": [0, 0, 9, 5], "texture": "#0"},
				"down": {"uv": [0, 0, 9.5, 5.5], "texture": "#0"}
			}
		},
		{
			"from": [10, 3, 6],
			"to": [11, 4, 10],
			"faces": {
				"north": {"uv": [0, 0, 0.5, 0.5], "rotation": 90, "texture": "#0"},
				"east": {"uv": [0, 0, 9, 7], "rotation": 270, "texture": "#0"},
				"south": {"uv": [0, 0, 0.5, 0.5], "rotation": 270, "texture": "#0"},
				"west": {"uv": [0, 0, 11, 6], "rotation": 270, "texture": "#0"},
				"up": {"uv": [0, 0, 13, 6], "rotation": 270, "texture": "#0"},
				"down": {"uv": [0, 0, 11, 6], "rotation": 270, "texture": "#0"}
			}
		},
		{
			"from": [5, 3, 6],
			"to": [6, 4, 10],
			"faces": {
				"north": {"uv": [0, 0, 0.5, 0.5], "texture": "#0"},
				"east": {"uv": [0, 0, 13, 6], "texture": "#0"},
				"south": {"uv": [0, 0, 0.5, 0.5], "texture": "#0"},
				"west": {"uv": [0, 0, 11, 6], "texture": "#0"},
				"up": {"uv": [0, 0, 11, 6], "texture": "#0"},
				"down": {"uv": [0, 0, 9, 7], "texture": "#0"}
			}
		},
		{
			"from": [6, 10, 6],
			"to": [10, 11, 10],
			"faces": {
				"north": {"uv": [0, 0, 16, 5.5], "texture": "#0"},
				"east": {"uv": [0, 0, 16, 6.5], "texture": "#0"},
				"south": {"uv": [0, 0, 16, 7.5], "texture": "#0"},
				"west": {"uv": [0, 0, 16, 7], "texture": "#0"},
				"up": {"uv": [0, 0, 2, 2], "texture": "#0"},
				"down": {"uv": [0, 0, 16, 16], "texture": "#0"}
			}
		},
		{
			"from": [5, 11, 5],
			"to": [11, 12, 11],
			"faces": {
				"north": {"uv": [0, 0, 15.5, 6], "texture": "#2"},
				"east": {"uv": [0, 0, 11, 10], "texture": "#2"},
				"south": {"uv": [0, 0, 9, 9.5], "texture": "#2"},
				"west": {"uv": [0, 0, 15.5, 5.5], "texture": "#2"},
				"up": {"uv": [0, 0, 3, 3], "texture": "#2"},
				"down": {"uv": [0, 0, 15.5, 15.5], "texture": "#2"}
			}
		},
		{
			"from": [6, 11, 4],
			"to": [10, 12, 5],
			"faces": {
				"north": {"uv": [0, 0, 9.5, 2.5], "texture": "#2"},
				"east": {"uv": [0, 0, 8.5, 7.5], "texture": "#2"},
				"south": {"uv": [0, 0, 2, 0.5], "texture": "#2"},
				"west": {"uv": [0, 0, 7.5, 5.5], "texture": "#2"},
				"up": {"uv": [0, 0, 2, 0.5], "texture": "#2"},
				"down": {"uv": [0, 0, 10.5, 7.5], "texture": "#2"}
			}
		},
		{
			"from": [6, 11, 11],
			"to": [10, 12, 12],
			"faces": {
				"north": {"uv": [0, 0, 2, 0.5], "texture": "#2"},
				"east": {"uv": [0, 0, 9, 6], "texture": "#2"},
				"south": {"uv": [0, 0, 7.5, 1], "texture": "#2"},
				"west": {"uv": [0, 0, 5.5, 7], "texture": "#2"},
				"up": {"uv": [0, 0, 2, 0.5], "texture": "#2"},
				"down": {"uv": [0, 0, 13, 8], "texture": "#2"}
			}
		},
		{
			"from": [11, 11, 6],
			"to": [12, 12, 10],
			"faces": {
				"north": {"uv": [0, 0, 8.5, 6.5], "texture": "#2"},
				"east": {"uv": [0, 0, 10, 2], "texture": "#2"},
				"south": {"uv": [0, 0, 9.5, 7.5], "texture": "#2"},
				"west": {"uv": [0, 0, 2, 0.5], "texture": "#2"},
				"up": {"uv": [0, 0, 0.5, 2], "texture": "#2"},
				"down": {"uv": [0, 0, 2.5, 5.5], "texture": "#2"}
			}
		},
		{
			"from": [5, 12, 5],
			"to": [11, 13, 11],
			"faces": {
				"north": {"uv": [0, 0, 3, 0.5], "texture": "#1"},
				"east": {"uv": [0, 0, 3, 0.5], "texture": "#1"},
				"south": {"uv": [0, 0, 3, 0.5], "texture": "#1"},
				"west": {"uv": [0, 0, 3, 0.5], "texture": "#1"},
				"up": {"uv": [1, 1, 15, 15], "texture": "#1"},
				"down": {"uv": [0, 0, 3, 3], "texture": "#1"}
			}
		},
		{
			"from": [11, 12, 6],
			"to": [12, 13, 10],
			"faces": {
				"north": {"uv": [0, 0, 0.5, 0.5], "texture": "#1"},
				"east": {"uv": [0, 0, 2, 0.5], "texture": "#1"},
				"south": {"uv": [0, 0, 0.5, 0.5], "texture": "#1"},
				"west": {"uv": [0, 0, 2, 0.5], "texture": "#1"},
				"up": {"uv": [10.5, 0, 16, 16], "texture": "#1"},
				"down": {"uv": [0, 0, 0.5, 2], "texture": "#1"}
			}
		},
		{
			"from": [6, 12, 11],
			"to": [10, 13, 12],
			"faces": {
				"north": {"uv": [0, 0, 2, 0.5], "texture": "#1"},
				"east": {"uv": [0, 0, 0.5, 0.5], "texture": "#1"},
				"south": {"uv": [0, 0, 2, 0.5], "texture": "#1"},
				"west": {"uv": [0, 0, 0.5, 0.5], "texture": "#1"},
				"up": {"uv": [0, 12.5, 16, 16], "texture": "#1"},
				"down": {"uv": [0, 0, 2, 0.5], "texture": "#1"}
			}
		},
		{
			"from": [6, 12, 4],
			"to": [10, 13, 5],
			"faces": {
				"north": {"uv": [0, 0, 2, 0.5], "texture": "#1"},
				"east": {"uv": [0, 0, 0.5, 0.5], "texture": "#1"},
				"south": {"uv": [0, 0, 2, 0.5], "texture": "#1"},
				"west": {"uv": [0, 0, 0.5, 0.5], "texture": "#1"},
				"up": {"uv": [0, 0, 16, 5.5], "texture": "#1"},
				"down": {"uv": [0, 0, 2, 0.5], "texture": "#1"}
			}
		},
		{
			"from": [4, 10, 6],
			"to": [6, 11, 7],
			"faces": {
				"north": {"uv": [0, 0, 10.5, 10], "texture": "#0"},
				"east": {"uv": [0, 0, 0.5, 0.5], "texture": "#0"},
				"south": {"uv": [0, 0, 8, 9], "texture": "#0"},
				"west": {"uv": [0, 0, 8, 8.5], "texture": "#0"},
				"up": {"uv": [0, 0, 1, 0.5], "texture": "#0"},
				"down": {"uv": [0, 0, 8, 7.5], "texture": "#0"}
			}
		},
		{
			"from": [4, 10, 9],
			"to": [6, 11, 10],
			"faces": {
				"north": {"uv": [0, 0, 10.5, 10], "texture": "#0"},
				"east": {"uv": [0, 0, 0.5, 0.5], "texture": "#0"},
				"south": {"uv": [0, 0, 8, 9], "texture": "#0"},
				"west": {"uv": [0, 0, 8, 8.5], "texture": "#0"},
				"up": {"uv": [0, 0, 1, 0.5], "texture": "#0"},
				"down": {"uv": [0, 0, 8, 7.5], "texture": "#0"}
			}
		},
		{
			"from": [4, 11, 9],
			"to": [5, 15, 10],
			"faces": {
				"north": {"uv": [0, 0, 8.5, 13.5], "texture": "#0"},
				"east": {"uv": [0, 0, 8, 16], "texture": "#0"},
				"south": {"uv": [0, 0, 7, 10], "texture": "#0"},
				"west": {"uv": [0, 0, 7, 11.5], "texture": "#0"},
				"up": {"uv": [0, 0, 7.5, 10.5], "texture": "#0"},
				"down": {"uv": [0, 0, 0.5, 0.5], "texture": "#0"}
			}
		},
		{
			"from": [4, 11, 6],
			"to": [5, 15, 7],
			"faces": {
				"north": {"uv": [0, 0, 8.5, 13.5], "texture": "#0"},
				"east": {"uv": [0, 0, 8.5, 15.5], "texture": "#0"},
				"south": {"uv": [0, 0, 7, 10], "texture": "#0"},
				"west": {"uv": [0, 0, 7, 11.5], "texture": "#0"},
				"up": {"uv": [0, 0, 7.5, 10.5], "texture": "#0"},
				"down": {"uv": [0, 0, 0.5, 0.5], "texture": "#0"}
			}
		},
		{
			"from": [4, 15, 5],
			"to": [5, 22, 11],
			"faces": {
				"north": {"uv": [0, 0, 4, 8], "texture": "#2"},
				"east": {"uv": [0, 0, 3, 3], "texture": "#2"},
				"south": {"uv": [0, 0, 5, 7.5], "texture": "#2"},
				"west": {"uv": [0, 0, 12, 11], "texture": "#2"},
				"up": {"uv": [0, 0, 7.5, 10.5], "texture": "#2"},
				"down": {"uv": [0, 0, 4, 10.5], "texture": "#2"}
			}
		},
		{
			"from": [4, 22, 6],
			"to": [5, 23, 10],
			"faces": {
				"north": {"uv": [0, 0, 6, 9.5], "texture": "#2"},
				"east": {"uv": [0, 0, 2, 0.5], "texture": "#2"},
				"south": {"uv": [0, 0, 8, 9.5], "texture": "#2"},
				"west": {"uv": [0, 0, 8, 3.5], "texture": "#2"},
				"up": {"uv": [0, 0, 8, 11], "texture": "#2"},
				"down": {"uv": [0, 0, 0.5, 2], "texture": "#2"}
			}
		},
		{
			"from": [5, 15, 5],
			"to": [6, 22, 11],
			"faces": {
				"north": {"uv": [10.5, 0, 16, 16], "texture": "#1"},
				"east": {"uv": [0, 1, 15.5, 14.5], "texture": "#1"},
				"south": {"uv": [0, 0, 7, 16], "texture": "#1"},
				"west": {"uv": [0, 0, 3, 2.5], "texture": "#1"},
				"up": {"uv": [0, 0, 2, 15.5], "texture": "#1"},
				"down": {"uv": [0, 0, 0.5, 3], "texture": "#1"}
			}
		},
		{
			"from": [5, 22, 6],
			"to": [6, 23, 10],
			"faces": {
				"north": {"uv": [0, 0, 16, 16], "texture": "#1"},
				"east": {"uv": [0, 0, 16, 5], "texture": "#1"},
				"south": {"uv": [0, 0, 16, 16], "texture": "#1"},
				"west": {"uv": [0, 0, 2, 0.5], "texture": "#1"},
				"up": {"uv": [0, 0, 2.5, 16], "texture": "#1"},
				"down": {"uv": [0, 0, 0.5, 2], "texture": "#1"}
			}
		}
	],
	"display": {
		"thirdperson_righthand": {
			"rotation": [0, -172, 0],
			"scale": [0.4, 0.4, 0.4]
		},
		"thirdperson_lefthand": {
			"scale": [0.4, 0.4, 0.4]
		},
		"firstperson_righthand": {
			"rotation": [0, -154, 0],
			"scale": [0.5, 0.5, 0.5]
		},
		"firstperson_lefthand": {
			"rotation": [0, 23, 0],
			"scale": [0.5, 0.5, 0.5]
		},
		"ground": {
			"scale": [0.4, 0.4, 0.4]
		},
		"gui": {
			"rotation": [34, -134, 0],
			"translation": [0, -2, 0],
			"scale": [0.7, 0.7, 0.7]
		},
		"fixed": {
			"rotation": [-90, 90, 0],
			"translation": [0, 0, -18],
			"scale": [2.7, 2.2, 2.7]
		}
	}
}