{
	"credit": "Made with Blockbench",
	"texture_size": [32, 32],
	"textures": {
		"0": "furniture/blocks/dark_oak_planks",
		"1": "furniture/blocks/dark_oak_log"
	},
	"elements": [
		{
			"from": [13, 0, 5],
			"to": [14, 4, 6],
			"faces": {
				"north": {"uv": [0, 0, 8, 16], "texture": "#1"},
				"east": {"uv": [0, 0, 8.5, 16], "texture": "#1"},
				"south": {"uv": [0, 0, 8, 16], "texture": "#1"},
				"west": {"uv": [0, 0, 8, 16], "texture": "#1"},
				"up": {"uv": [0, 0, 0.5, 0.5], "texture": "#1"},
				"down": {"uv": [0, 0, 9.5, 8.5], "texture": "#1"}
			}
		},
		{
			"from": [13, 0, 12],
			"to": [14, 4, 13],
			"faces": {
				"north": {"uv": [0, 0, 8, 16], "texture": "#1"},
				"east": {"uv": [0, 0, 8.5, 16], "texture": "#1"},
				"south": {"uv": [0, 0, 8, 16], "texture": "#1"},
				"west": {"uv": [0, 0, 8, 16], "texture": "#1"},
				"up": {"uv": [0, 0, 0.5, 0.5], "texture": "#1"},
				"down": {"uv": [0, 0, 9.5, 8.5], "texture": "#1"}
			}
		},
		{
			"from": [1, 0, 12],
			"to": [2, 4, 13],
			"faces": {
				"north": {"uv": [0, 0, 8, 16], "texture": "#1"},
				"east": {"uv": [0, 0, 8.5, 16], "texture": "#1"},
				"south": {"uv": [0, 0, 8, 16], "texture": "#1"},
				"west": {"uv": [0, 0, 8, 16], "texture": "#1"},
				"up": {"uv": [0, 0, 0.5, 0.5], "texture": "#1"},
				"down": {"uv": [0, 0, 9.5, 8.5], "texture": "#1"}
			}
		},
		{
			"from": [1, 0, 5],
			"to": [2, 4, 6],
			"faces": {
				"north": {"uv": [0, 0, 8, 16], "texture": "#1"},
				"east": {"uv": [0, 0, 8.5, 16], "texture": "#1"},
				"south": {"uv": [0, 0, 8, 16], "texture": "#1"},
				"west": {"uv": [0, 0, 8, 16], "texture": "#1"},
				"up": {"uv": [0, 0, 0.5, 0.5], "texture": "#1"},
				"down": {"uv": [0, 0, 9.5, 8.5], "texture": "#1"}
			}
		},
		{
			"from": [0, 4, 4],
			"to": [15, 5, 6],
			"faces": {
				"north": {"uv": [0, 0, 16, 8], "texture": "#0"},
				"east": {"uv": [0, 0, 8, 8], "texture": "#0"},
				"south": {"uv": [0, 0, 16, 8], "texture": "#0"},
				"west": {"uv": [0, 0, 8, 7.5], "texture": "#0"},
				"up": {"uv": [0, 0, 16, 4], "texture": "#0"},
				"down": {"uv": [0, 0, 16, 4], "texture": "#0"}
			}
		},
		{
			"from": [0, 4, 7],
			"to": [15, 5, 9],
			"faces": {
				"north": {"uv": [0, 0, 16, 8], "texture": "#0"},
				"east": {"uv": [0, 0, 8, 8], "texture": "#0"},
				"south": {"uv": [0, 0, 16, 8], "texture": "#0"},
				"west": {"uv": [0, 0, 8, 7.5], "texture": "#0"},
				"up": {"uv": [0, 12, 16, 16], "texture": "#0"},
				"down": {"uv": [0, 0, 16, 4], "texture": "#0"}
			}
		},
		{
			"from": [0, 4, 10],
			"to": [15, 5, 12],
			"faces": {
				"north": {"uv": [0, 0, 16, 8], "texture": "#0"},
				"east": {"uv": [0, 0, 8, 8], "texture": "#0"},
				"south": {"uv": [0, 0, 16, 8], "texture": "#0"},
				"west": {"uv": [0, 0, 8, 7.5], "texture": "#0"},
				"up": {"uv": [0, 0, 16, 4], "texture": "#0"},
				"down": {"uv": [0, 0, 16, 4], "texture": "#0"}
			}
		},
		{
			"from": [0, 9, 9],
			"to": [15, 11, 10],
			"rotation": {"angle": 22.5, "axis": "x", "origin": [0, 0, 0]},
			"faces": {
				"north": {"uv": [0, 0, 16, 4], "rotation": 180, "texture": "#0"},
				"east": {"uv": [0, 0, 8, 8], "rotation": 90, "texture": "#0"},
				"south": {"uv": [0, 0, 16, 4], "texture": "#0"},
				"west": {"uv": [0, 0, 8, 8], "rotation": 270, "texture": "#0"},
				"up": {"uv": [0, 0, 16, 8], "texture": "#0"},
				"down": {"uv": [0, 0, 7.5, 0.5], "rotation": 180, "texture": "#0"}
			}
		},
		{
			"from": [0, 12, 9],
			"to": [15, 14, 10],
			"rotation": {"angle": 22.5, "axis": "x", "origin": [0, 0, 0]},
			"faces": {
				"north": {"uv": [0, 4, 16, 8], "rotation": 180, "texture": "#0"},
				"east": {"uv": [0, 0, 8, 8], "rotation": 90, "texture": "#0"},
				"south": {"uv": [0, 0, 16, 4], "texture": "#0"},
				"west": {"uv": [0, 0, 8, 8], "rotation": 270, "texture": "#0"},
				"up": {"uv": [0, 0, 16, 8], "texture": "#0"},
				"down": {"uv": [0, 0, 7.5, 0.5], "rotation": 180, "texture": "#0"}
			}
		},
		{
			"from": [0, 15, 9],
			"to": [15, 17, 10],
			"rotation": {"angle": 22.5, "axis": "x", "origin": [0, 0, 0]},
			"faces": {
				"north": {"uv": [0, 7.5, 16, 11.5], "rotation": 180, "texture": "#0"},
				"east": {"uv": [0, 0, 8, 8], "rotation": 90, "texture": "#0"},
				"south": {"uv": [0, 0, 16, 4], "texture": "#0"},
				"west": {"uv": [0, 0, 8, 8], "rotation": 270, "texture": "#0"},
				"up": {"uv": [0, 0, 16, 8], "texture": "#0"},
				"down": {"uv": [0, 0, 7.5, 0.5], "rotation": 180, "texture": "#0"}
			}
		},
		{
			"from": [12, 3, 5],
			"to": [13, 4, 13],
			"faces": {
				"north": {"uv": [0, 0, 10, 8.5], "texture": "#1"},
				"east": {"uv": [0, 0, 16, 9], "texture": "#1"},
				"south": {"uv": [0, 0, 9.5, 10.5], "texture": "#1"},
				"west": {"uv": [0, 0, 16, 4.5], "texture": "#1"},
				"up": {"uv": [0, 0, 0.5, 4], "texture": "#1"},
				"down": {"uv": [0, 0, 10, 16], "texture": "#1"}
			}
		},
		{
			"from": [2, 3, 5],
			"to": [3, 4, 13],
			"faces": {
				"north": {"uv": [0, 0, 10, 8.5], "texture": "#1"},
				"east": {"uv": [0, 0, 16, 9], "texture": "#1"},
				"south": {"uv": [0, 0, 9.5, 10.5], "texture": "#1"},
				"west": {"uv": [0, 0, 16, 4.5], "texture": "#1"},
				"up": {"uv": [0, 0, 0.5, 4], "texture": "#1"},
				"down": {"uv": [0, 0, 10, 16], "texture": "#1"}
			}
		},
		{
			"from": [2, 8, 10],
			"to": [3, 17, 11],
			"rotation": {"angle": 22.5, "axis": "x", "origin": [0, 0, 0]},
			"faces": {
				"north": {"uv": [0, 0, 0.5, 4], "rotation": 180, "texture": "#1"},
				"east": {"uv": [0, 0, 6.5, 16], "rotation": 90, "texture": "#1"},
				"south": {"uv": [0, 0, 8, 16], "texture": "#1"},
				"west": {"uv": [0, 0, 6, 16], "rotation": 270, "texture": "#1"},
				"up": {"uv": [0, 0, 11, 10], "texture": "#1"},
				"down": {"uv": [0, 0, 0.5, 0.5], "rotation": 180, "texture": "#1"}
			}
		},
		{
			"from": [12, 8, 10],
			"to": [13, 17, 11],
			"rotation": {"angle": 22.5, "axis": "x", "origin": [0, 0, 0]},
			"faces": {
				"north": {"uv": [0, 0, 0.5, 4], "rotation": 180, "texture": "#1"},
				"east": {"uv": [0, 0, 6.5, 16], "rotation": 90, "texture": "#1"},
				"south": {"uv": [0, 0, 8, 16], "texture": "#1"},
				"west": {"uv": [0, 0, 6, 16], "rotation": 270, "texture": "#1"},
				"up": {"uv": [0, 0, 11, 10], "texture": "#1"},
				"down": {"uv": [0, 0, 0.5, 0.5], "rotation": 180, "texture": "#1"}
			}
		}
	],
	"display": {
		"thirdperson_righthand": {
			"rotation": [-41, 0, 0],
			"translation": [0, 0, -2.25],
			"scale": [0.3, 0.3, 0.3]
		},
		"thirdperson_lefthand": {
			"rotation": [-41, 0, 0],
			"translation": [0, 0, -2.25],
			"scale": [0.3, 0.3, 0.3]
		},
		"firstperson_righthand": {
			"rotation": [-10, 25, 0],
			"translation": [0, 2.5, 0],
			"scale": [0.4, 0.4, 0.4]
		},
		"firstperson_lefthand": {
			"rotation": [-10, 25, 0],
			"translation": [0, 2.5, 0],
			"scale": [0.4, 0.4, 0.4]
		},
		"ground": {
			"scale": [0.4, 0.4, 0.4]
		},
		"gui": {
			"rotation": [15, -143, 0],
			"translation": [0, 0.75, 0],
			"scale": [0.7, 0.7, 0.7]
		},
		"fixed": {
			"rotation": [-90, 0, 0],
			"translation": [-13, -3.75, -24],
			"scale": [4, 3.31, 2.7]
		}
	}
}