{
	"credit": "Made with Blockbench",
	"texture_size": [32, 32],
	"textures": {
		"0": "furniture/blocks/mushroom_stem",
		"1": "furniture/blocks/birch_planks",
		"2": "furniture/blocks/acacia_log",
		"3": "furniture/blocks/gray_stained_glass",
		"particle": "furniture/blocks/mushroom_stem"
	},
	"elements": [
		{
			"from": [2, 0, -3],
			"to": [3, 1, -2],
			"faces": {
				"north": {"uv": [0, 0, 4, 4], "texture": "#2"},
				"east": {"uv": [0, 0, 4, 4], "texture": "#2"},
				"south": {"uv": [0, 0, 4, 4], "texture": "#2"},
				"west": {"uv": [0, 0, 4, 4], "texture": "#2"},
				"up": {"uv": [0, 0, 4, 4], "texture": "#2"},
				"down": {"uv": [0, 0, 4, 4], "texture": "#2"}
			}
		},
		{
			"from": [2, 0, 18],
			"to": [3, 1, 19],
			"faces": {
				"north": {"uv": [0, 0, 4, 4], "texture": "#2"},
				"east": {"uv": [0, 0, 4, 4], "texture": "#2"},
				"south": {"uv": [0, 0, 4, 4], "texture": "#2"},
				"west": {"uv": [0, 0, 4, 4], "texture": "#2"},
				"up": {"uv": [0, 0, 4, 4], "texture": "#2"},
				"down": {"uv": [0, 0, 4, 4], "texture": "#2"}
			}
		},
		{
			"from": [13, 0, 18],
			"to": [14, 1, 19],
			"faces": {
				"north": {"uv": [0, 0, 4, 4], "texture": "#2"},
				"east": {"uv": [0, 0, 4, 4], "texture": "#2"},
				"south": {"uv": [0, 0, 4, 4], "texture": "#2"},
				"west": {"uv": [0, 0, 4, 4], "texture": "#2"},
				"up": {"uv": [0, 0, 4, 4], "texture": "#2"},
				"down": {"uv": [0, 0, 4, 4], "texture": "#2"}
			}
		},
		{
			"from": [13, 0, -3],
			"to": [14, 1, -2],
			"faces": {
				"north": {"uv": [0, 0, 4, 4], "texture": "#2"},
				"east": {"uv": [0, 0, 4, 4], "texture": "#2"},
				"south": {"uv": [0, 0, 4, 4], "texture": "#2"},
				"west": {"uv": [0, 0, 4, 4], "texture": "#2"},
				"up": {"uv": [0, 0, 4, 4], "texture": "#2"},
				"down": {"uv": [0, 0, 4, 4], "texture": "#2"}
			}
		},
		{
			"from": [2, 12, -3],
			"to": [14, 13, 19],
			"faces": {
				"north": {"uv": [0, 0, 16, 3.5], "texture": "#0"},
				"east": {"uv": [0, 0, 16, 1.5], "texture": "#0"},
				"south": {"uv": [0, 0, 16, 4.5], "texture": "#0"},
				"west": {"uv": [0, 0, 16, 3], "texture": "#0"},
				"up": {"uv": [0, 0, 6, 11], "texture": "#0"},
				"down": {"uv": [0, 0, 16, 16], "texture": "#0"}
			}
		},
		{
			"from": [2, 1, -2],
			"to": [13, 5, 4],
			"faces": {
				"north": {"uv": [0, 0, 5.5, 2], "texture": "#0"},
				"east": {"uv": [0, 0, 3, 2], "texture": "#0"},
				"south": {"uv": [0, 0, 5.5, 2], "texture": "#0"},
				"west": {"uv": [0, 0, 16, 16], "texture": "#0"},
				"up": {"uv": [0, 0, 5.5, 3], "texture": "#0"},
				"down": {"uv": [0, 0, 16, 16], "texture": "#0"}
			}
		},
		{
			"from": [2, 1, 12],
			"to": [13, 5, 18],
			"faces": {
				"north": {"uv": [0, 0, 5.5, 2], "texture": "#0"},
				"east": {"uv": [0, 0, 3, 2], "texture": "#0"},
				"south": {"uv": [0, 0, 5.5, 2], "texture": "#0"},
				"west": {"uv": [0, 0, 16, 16], "texture": "#0"},
				"up": {"uv": [0, 0, 5.5, 3], "texture": "#0"},
				"down": {"uv": [0, 0, 16, 16], "texture": "#0"}
			}
		},
		{
			"from": [2, 8, -2],
			"to": [13, 9, 4],
			"faces": {
				"north": {"uv": [0, 0, 5.5, 0.5], "texture": "#0"},
				"east": {"uv": [0, 0, 3, 0.5], "texture": "#0"},
				"south": {"uv": [0, 0, 5.5, 0.5], "texture": "#0"},
				"west": {"uv": [0, 0, 3, 0.5], "texture": "#0"},
				"up": {"uv": [0, 0, 5.5, 3], "texture": "#0"},
				"down": {"uv": [0, 0, 5.5, 3], "texture": "#0"}
			}
		},
		{
			"from": [2, 8, 12],
			"to": [13, 9, 18],
			"faces": {
				"north": {"uv": [0, 0, 5.5, 0.5], "texture": "#0"},
				"east": {"uv": [0, 0, 3, 0.5], "texture": "#0"},
				"south": {"uv": [0, 0, 5.5, 0.5], "texture": "#0"},
				"west": {"uv": [0, 0, 3, 0.5], "texture": "#0"},
				"up": {"uv": [0, 0, 5.5, 3], "texture": "#0"},
				"down": {"uv": [0, 0, 5.5, 3], "texture": "#0"}
			}
		},
		{
			"from": [2, 1, 4],
			"to": [13, 12, 5],
			"faces": {
				"north": {"uv": [0, 0, 5.5, 5.5], "texture": "#0"},
				"east": {"uv": [0, 0, 0.5, 5.5], "texture": "#0"},
				"south": {"uv": [0, 0, 16, 16], "texture": "#0"},
				"west": {"uv": [0, 0, 8, 16], "texture": "#0"},
				"up": {"uv": [0, 0, 5.5, 0.5], "texture": "#0"},
				"down": {"uv": [0, 0, 16, 7], "texture": "#0"}
			}
		},
		{
			"from": [2, 1, 11],
			"to": [13, 12, 12],
			"faces": {
				"north": {"uv": [0, 0, 16, 16], "texture": "#0"},
				"east": {"uv": [0, 0, 0.5, 5.5], "texture": "#0"},
				"south": {"uv": [0, 0, 5.5, 5.5], "texture": "#0"},
				"west": {"uv": [0, 0, 8, 16], "texture": "#0"},
				"up": {"uv": [0, 0, 5.5, 0.5], "texture": "#0"},
				"down": {"uv": [0, 0, 16, 4.5], "texture": "#0"}
			}
		},
		{
			"from": [3, 9, -2],
			"to": [13, 12, 4],
			"faces": {
				"north": {"uv": [0, 0, 5.5, 1.5], "texture": "#1"},
				"east": {"uv": [0, 0, 3, 1.5], "texture": "#1"},
				"south": {"uv": [0, 0, 5.5, 1.5], "texture": "#1"},
				"west": {"uv": [0, 0, 16, 7.5], "texture": "#1"},
				"up": {"uv": [0, 0, 5.5, 3], "texture": "#1"},
				"down": {"uv": [0, 0, 5.5, 3], "texture": "#1"}
			}
		},
		{
			"from": [3, 5, -2],
			"to": [13, 8, 4],
			"faces": {
				"north": {"uv": [0, 0, 5.5, 1.5], "texture": "#1"},
				"east": {"uv": [0, 0, 3, 1.5], "texture": "#1"},
				"south": {"uv": [0, 0, 5.5, 1.5], "texture": "#1"},
				"west": {"uv": [0, 0, 16, 7.5], "texture": "#1"},
				"up": {"uv": [0, 0, 5.5, 3], "texture": "#1"},
				"down": {"uv": [0, 0, 5.5, 3], "texture": "#1"}
			}
		},
		{
			"from": [3, 9, 12],
			"to": [13, 12, 18],
			"faces": {
				"north": {"uv": [0, 0, 5.5, 1.5], "texture": "#1"},
				"east": {"uv": [0, 0, 3, 1.5], "texture": "#1"},
				"south": {"uv": [0, 0, 5.5, 1.5], "texture": "#1"},
				"west": {"uv": [0, 0, 16, 7.5], "texture": "#1"},
				"up": {"uv": [0, 0, 5.5, 3], "texture": "#1"},
				"down": {"uv": [0, 0, 5.5, 3], "texture": "#1"}
			}
		},
		{
			"from": [3, 5, 12],
			"to": [13, 8, 18],
			"faces": {
				"north": {"uv": [0, 0, 5.5, 1.5], "texture": "#1"},
				"east": {"uv": [0, 0, 3, 1.5], "texture": "#1"},
				"south": {"uv": [0, 0, 5.5, 1.5], "texture": "#1"},
				"west": {"uv": [0, 0, 16, 7.5], "texture": "#1"},
				"up": {"uv": [0, 0, 5.5, 3], "texture": "#1"},
				"down": {"uv": [0, 0, 5.5, 3], "texture": "#1"}
			}
		},
		{
			"from": [1, 13, -3],
			"to": [14, 14, 1],
			"faces": {
				"north": {"uv": [0, 0, 16, 7.5], "texture": "#1"},
				"east": {"uv": [0, 0, 9, 0.5], "texture": "#1"},
				"south": {"uv": [0, 0, 7, 0.5], "texture": "#1"},
				"west": {"uv": [0, 0, 8, 8], "texture": "#1"},
				"up": {"uv": [0, 2.5, 16, 8], "texture": "#1"},
				"down": {"uv": [0, 0, 7, 9], "texture": "#1"}
			}
		},
		{
			"from": [1, 13, 15],
			"to": [14, 14, 19],
			"faces": {
				"north": {"uv": [0, 0, 7, 0.5], "texture": "#1"},
				"east": {"uv": [0, 0, 9, 0.5], "texture": "#1"},
				"south": {"uv": [0, 0, 16, 8], "texture": "#1"},
				"west": {"uv": [7.5, 0, 15.5, 8], "texture": "#1"},
				"up": {"uv": [0, 4, 16, 9], "texture": "#1"},
				"down": {"uv": [0, 0, 7, 9], "texture": "#1"}
			}
		},
		{
			"from": [1, 13, 1],
			"to": [13, 14, 15],
			"faces": {
				"north": {"uv": [0, 0, 7, 0.5], "texture": "#1"},
				"east": {"uv": [0, 0, 9, 0.5], "texture": "#1"},
				"south": {"uv": [0, 0, 7, 0.5], "texture": "#1"},
				"west": {"uv": [0, 2.5, 16, 5], "texture": "#1"},
				"up": {"uv": [0, 0, 16, 16], "texture": "#1"},
				"down": {"uv": [0, 0, 7, 9], "texture": "#1"}
			}
		},
		{
			"from": [9, 19, 2],
			"to": [13, 20, 14],
			"faces": {
				"north": {"uv": [0, 0, 7, 0.5], "texture": "#1"},
				"east": {"uv": [0, 0, 9, 0.5], "texture": "#1"},
				"south": {"uv": [0, 0, 7, 0.5], "texture": "#1"},
				"west": {"uv": [0, 0, 16, 7.5], "texture": "#1"},
				"up": {"uv": [0, 0, 16, 16], "texture": "#1"},
				"down": {"uv": [0, 0, 7, 9], "texture": "#1"}
			}
		},
		{
			"from": [9, 25, 2],
			"to": [13, 26, 14],
			"faces": {
				"north": {"uv": [0, 0, 7, 0.5], "texture": "#1"},
				"east": {"uv": [0, 0, 9, 0.5], "texture": "#1"},
				"south": {"uv": [0, 0, 7, 0.5], "texture": "#1"},
				"west": {"uv": [0, 3.5, 16, 11.5], "texture": "#1"},
				"up": {"uv": [0, 0, 16, 16], "texture": "#1"},
				"down": {"uv": [0, 0, 7, 9], "texture": "#1"}
			}
		},
		{
			"from": [2, 1, -3],
			"to": [14, 12, -2],
			"faces": {
				"north": {"uv": [0, 0, 16, 16], "texture": "#0"},
				"east": {"uv": [0, 0, 4, 16], "texture": "#0"},
				"south": {"uv": [0, 0, 6, 5.5], "texture": "#0"},
				"west": {"uv": [0, 0, 8, 16], "texture": "#0"},
				"up": {"uv": [0, 0, 6, 0.5], "texture": "#0"},
				"down": {"uv": [0, 0, 16, 5], "texture": "#0"}
			}
		},
		{
			"from": [8, 13, 1],
			"to": [14, 30, 2],
			"faces": {
				"north": {"uv": [0, 0, 16, 16], "texture": "#0"},
				"east": {"uv": [0, 0, 4, 15.5], "texture": "#0"},
				"south": {"uv": [0, 0, 16, 16], "texture": "#0"},
				"west": {"uv": [0, 0, 4, 15.5], "texture": "#0"},
				"up": {"uv": [0, 0, 16, 3], "texture": "#0"},
				"down": {"uv": [0, 0, 3, 0.5], "texture": "#0"}
			}
		},
		{
			"from": [8, 13, 14],
			"to": [14, 30, 15],
			"faces": {
				"north": {"uv": [0, 0, 16, 16], "texture": "#0"},
				"east": {"uv": [0, 0, 4, 15.5], "texture": "#0"},
				"south": {"uv": [0, 0, 16, 16], "texture": "#0"},
				"west": {"uv": [0, 0, 4, 15.5], "texture": "#0"},
				"up": {"uv": [0, 0, 16, 3], "texture": "#0"},
				"down": {"uv": [0, 0, 3, 0.5], "texture": "#0"}
			}
		},
		{
			"from": [2, 1, 18],
			"to": [14, 12, 19],
			"faces": {
				"north": {"uv": [0, 0, 6, 5.5], "texture": "#0"},
				"east": {"uv": [0, 0, 4, 16], "texture": "#0"},
				"south": {"uv": [0, 0, 16, 16], "texture": "#0"},
				"west": {"uv": [0, 0, 8, 16], "texture": "#0"},
				"up": {"uv": [0, 0, 6, 0.5], "texture": "#0"},
				"down": {"uv": [0, 0, 16, 4], "texture": "#0"}
			}
		},
		{
			"from": [13, 1, -2],
			"to": [14, 12, 18],
			"faces": {
				"north": {"uv": [0, 0, 0.5, 5.5], "texture": "#0"},
				"east": {"uv": [0, 0, 16, 16], "texture": "#0"},
				"south": {"uv": [0, 0, 0.5, 5.5], "texture": "#0"},
				"west": {"uv": [0, 0, 16, 16], "texture": "#0"},
				"up": {"uv": [0, 0, 0.5, 10], "texture": "#0"},
				"down": {"uv": [0, 0, 15.5, 12], "texture": "#0"}
			}
		},
		{
			"from": [2, 10, 0],
			"to": [3, 11, 2],
			"faces": {
				"north": {"uv": [0, 0, 0.5, 0.5], "texture": "#2"},
				"east": {"uv": [0, 0, 1, 0.5], "texture": "#2"},
				"south": {"uv": [0, 0, 0.5, 0.5], "texture": "#2"},
				"west": {"uv": [0, 0, 8, 8], "texture": "#2"},
				"up": {"uv": [0, 0, 0.5, 1], "texture": "#2"},
				"down": {"uv": [0, 0, 0.5, 1], "texture": "#2"}
			}
		},
		{
			"from": [2, 10, 14],
			"to": [3, 11, 16],
			"faces": {
				"north": {"uv": [0, 0, 0.5, 0.5], "texture": "#2"},
				"east": {"uv": [0, 0, 1, 0.5], "texture": "#2"},
				"south": {"uv": [0, 0, 0.5, 0.5], "texture": "#2"},
				"west": {"uv": [0, 0, 8, 8], "texture": "#2"},
				"up": {"uv": [0, 0, 0.5, 1], "texture": "#2"},
				"down": {"uv": [0, 0, 0.5, 1], "texture": "#2"}
			}
		},
		{
			"from": [2, 6, 14],
			"to": [3, 7, 16],
			"faces": {
				"north": {"uv": [0, 0, 0.5, 0.5], "texture": "#2"},
				"east": {"uv": [0, 0, 1, 0.5], "texture": "#2"},
				"south": {"uv": [0, 0, 0.5, 0.5], "texture": "#2"},
				"west": {"uv": [0, 0, 8, 8], "texture": "#2"},
				"up": {"uv": [0, 0, 0.5, 1], "texture": "#2"},
				"down": {"uv": [0, 0, 0.5, 1], "texture": "#2"}
			}
		},
		{
			"from": [2, 6, 0],
			"to": [3, 7, 2],
			"faces": {
				"north": {"uv": [0, 0, 0.5, 0.5], "texture": "#2"},
				"east": {"uv": [0, 0, 1, 0.5], "texture": "#2"},
				"south": {"uv": [0, 0, 0.5, 0.5], "texture": "#2"},
				"west": {"uv": [0, 0, 8, 8], "texture": "#2"},
				"up": {"uv": [0, 0, 0.5, 1], "texture": "#2"},
				"down": {"uv": [0, 0, 0.5, 1], "texture": "#2"}
			}
		},
		{
			"from": [8, 29, 2],
			"to": [14, 31, 14],
			"faces": {
				"north": {"uv": [0, 0, 16, 4], "texture": "#0"},
				"east": {"uv": [0, 0, 16, 5], "texture": "#0"},
				"south": {"uv": [0, 0, 16, 2], "texture": "#0"},
				"west": {"uv": [0, 0, 16, 6], "texture": "#0"},
				"up": {"uv": [0, 0, 16, 16], "texture": "#0"},
				"down": {"uv": [0, 0, 3, 6], "texture": "#0"}
			}
		},
		{
			"from": [8, 31, 3],
			"to": [14, 32, 13],
			"faces": {
				"north": {"uv": [0, 0, 16, 2], "texture": "#0"},
				"east": {"uv": [0, 0, 15.5, 4], "texture": "#0"},
				"south": {"uv": [0, 0, 16, 3.5], "texture": "#0"},
				"west": {"uv": [0, 0, 16, 3], "texture": "#0"},
				"up": {"uv": [0, 0, 16, 16], "texture": "#0"},
				"down": {"uv": [0, 0, 3, 5], "texture": "#0"}
			}
		},
		{
			"from": [13, 13, 2],
			"to": [14, 30, 14],
			"faces": {
				"north": {"uv": [0, 0, 0.5, 8.5], "texture": "#0"},
				"east": {"uv": [0, 0, 16, 16], "texture": "#0"},
				"south": {"uv": [0, 0, 0.5, 8.5], "texture": "#0"},
				"west": {"uv": [0, 0, 16, 16], "texture": "#0"},
				"up": {"uv": [0, 0, 0.5, 6], "texture": "#0"},
				"down": {"uv": [0, 0, 0.5, 6], "texture": "#0"}
			}
		},
		{
			"from": [8, 14, 2],
			"to": [8, 29, 14],
			"faces": {
				"north": {"uv": [0, 0, 0, 8.5], "texture": "#3"},
				"east": {"uv": [0, 0, 5, 8.5], "texture": "#3"},
				"south": {"uv": [0, 0, 0, 8.5], "texture": "#3"},
				"west": {"uv": [0.5, 0.5, 15.5, 15.5], "texture": "#3"},
				"up": {"uv": [0, 0, 16, 16], "texture": "#3"},
				"down": {"uv": [0, 0, 0, 5], "texture": "#3"}
			}
		}
	],
	"display": {
		"thirdperson_righthand": {
			"translation": [0, 0, -2.75],
			"scale": [0.3, 0.3, 0.3]
		},
		"thirdperson_lefthand": {
			"rotation": [0, -180, 0],
			"translation": [0, 0, -2.75],
			"scale": [0.3, 0.3, 0.3]
		},
		"firstperson_righthand": {
			"translation": [1.75, 0, 0],
			"scale": [0.3, 0.3, 0.3]
		},
		"firstperson_lefthand": {
			"rotation": [0, -180, 0],
			"translation": [2.75, 0, 0],
			"scale": [0.3, 0.3, 0.3]
		},
		"ground": {
			"scale": [0.3, 0.3, 0.3]
		},
		"gui": {
			"rotation": [0, 48, -9],
			"translation": [0, -2.25, 0],
			"scale": [0.4, 0.4, 0.4]
		},
		"fixed": {
			"rotation": [-90, -90, 0],
			"translation": [-16, 0, -18],
			"scale": [2.37, 2.4, 2.84]
		}
	}
}