{
	"credit": "Made with Blockbench",
	"texture_size": [32, 32],
	"textures": {
		"0": "furniture/blocks/gifts"
	},
	"elements": [
		{
			"from": [4, 0, 4],
			"to": [12, 7, 12],
			"faces": {
				"north": {"uv": [0.66667, 0.66667, 4.83333, 5.16667], "texture": "#0"},
				"east": {"uv": [0.5, 0.5, 4.83333, 5.16667], "texture": "#0"},
				"south": {"uv": [0.5, 0.5, 4.66667, 5.16667], "texture": "#0"},
				"west": {"uv": [0.5, 0.66667, 4.83333, 5.16667], "texture": "#0"},
				"up": {"uv": [0, 0, 4, 4], "texture": "#0"},
				"down": {"uv": [0, 0, 0.16667, 0.33333], "texture": "#0"}
			}
		},
		{
			"from": [3, 7, 3],
			"to": [13, 9, 13],
			"faces": {
				"north": {"uv": [0, 0, 5, 0.16667], "texture": "#0"},
				"east": {"uv": [0.16667, 0, 5.16667, 0.33333], "texture": "#0"},
				"south": {"uv": [0, 0, 5, 0.33333], "texture": "#0"},
				"west": {"uv": [0, 0, 5, 0.33333], "texture": "#0"},
				"up": {"uv": [0.33333, 0, 5.33333, 0.5], "texture": "#0"},
				"down": {"uv": [0, 0, 5, 0], "texture": "#0"}
			}
		},
		{
			"from": [-1, 9, 11],
			"to": [9, 14, 11],
			"rotation": {"angle": 22.5, "axis": "y", "origin": [0, 0, 0]},
			"faces": {
				"north": {"uv": [1, 10.66667, 3.83333, 13.33333], "texture": "#0"},
				"east": {"uv": [0, 0, 0, 2], "texture": "#0"},
				"south": {"uv": [1, 10.83333, 3.83333, 13.33333], "texture": "#0"},
				"west": {"uv": [0, 0, 0, 2], "texture": "#0"},
				"up": {"uv": [0, 0, 0, 5], "rotation": 90, "texture": "#0"},
				"down": {"uv": [0, 0, 0, 5], "rotation": 270, "texture": "#0"}
			}
		},
		{
			"from": [4, 9, 6],
			"to": [4, 14, 16],
			"rotation": {"angle": 22.5, "axis": "y", "origin": [0, 0, 0]},
			"faces": {
				"north": {"uv": [0, 0, 0, 2], "texture": "#0"},
				"east": {"uv": [1, 10.66667, 3.83333, 13.33333], "texture": "#0"},
				"south": {"uv": [0, 0, 0, 2], "texture": "#0"},
				"west": {"uv": [1, 10.83333, 3.83333, 13.33333], "texture": "#0"},
				"up": {"uv": [0, 0, 0, 5], "rotation": 180, "texture": "#0"},
				"down": {"uv": [0, 0, 0, 5], "rotation": 180, "texture": "#0"}
			}
		}
	],
	"display": {
		"thirdperson_righthand": {
			"translation": [0, 2, -2],
			"scale": [0.5, 0.5, 0.5]
		},
		"thirdperson_lefthand": {
			"translation": [0, 2, -2],
			"scale": [0.5, 0.5, 0.5]
		},
		"ground": {
			"scale": [0.5, 0.5, 0.5]
		},
		"gui": {
			"rotation": [0, 39, 0],
			"scale": [0.75, 0.75, 0.75]
		},
		"head": {
			"translation": [0, 16.25, 0],
			"scale": [1.2, 1.2, 1.2]
		},
		"fixed": {
			"rotation": [-90, 0, 0],
			"translation": [0, 0, -20],
			"scale": [2.6, 2.6, 2.6]
		}
	}
}