{
	"credit": "Made with Blockbench",
	"texture_size": [32, 32],
	"textures": {
		"0": "furniture/blocks/gifts"
	},
	"elements": [
		{
			"from": [2, 0, 0],
			"to": [14, 8, 16],
			"faces": {
				"north": {"uv": [6.66667, 0, 10.5, 4.83333], "texture": "#0"},
				"east": {"uv": [5.5, 0, 10.66667, 4.83333], "texture": "#0"},
				"south": {"uv": [5.83333, 0, 8.66667, 4.83333], "texture": "#0"},
				"west": {"uv": [5.33333, 0, 10.5, 4.83333], "texture": "#0"},
				"up": {"uv": [6.16667, 0, 10.33333, 0.16667], "texture": "#0"},
				"down": {"uv": [5.5, 0.33333, 5.83333, 0], "texture": "#0"}
			}
		},
		{
			"from": [1, 8, -1],
			"to": [15, 9, 17],
			"faces": {
				"north": {"uv": [6.5, 0, 7, 0.66667], "texture": "#0"},
				"east": {"uv": [5.83333, 0, 9, 0.33333], "texture": "#0"},
				"south": {"uv": [6, 0, 7, 0.5], "texture": "#0"},
				"west": {"uv": [8, 0, 9, 0.83333], "texture": "#0"},
				"up": {"uv": [5.83333, 4.33333, 8.33333, 5], "texture": "#0"},
				"down": {"uv": [5.33333, 4.33333, 10.16667, 4.83333], "texture": "#0"}
			}
		},
		{
			"from": [12, 9, -8],
			"to": [12, 14, 8],
			"rotation": {"angle": -45, "axis": "y", "origin": [0, 0, 0]},
			"faces": {
				"north": {"uv": [0, 0, 0, 2.5], "texture": "#0"},
				"east": {"uv": [5.83333, 11.33333, 10.16667, 13.83333], "texture": "#0"},
				"south": {"uv": [0, 0, 0, 2.5], "texture": "#0"},
				"west": {"uv": [5.83333, 11.33333, 10.16667, 13.83333], "texture": "#0"},
				"up": {"uv": [0, 0, 0, 6.5], "texture": "#0"},
				"down": {"uv": [0, 0, 0, 6.5], "texture": "#0"}
			}
		},
		{
			"from": [4, 9, 0],
			"to": [20, 14, 0],
			"rotation": {"angle": -45, "axis": "y", "origin": [0, 0, 0]},
			"faces": {
				"north": {"uv": [5.83333, 11.33333, 10.16667, 13.83333], "texture": "#0"},
				"east": {"uv": [0, 0, 0, 2.5], "texture": "#0"},
				"south": {"uv": [5.83333, 11.33333, 10.16667, 13.83333], "texture": "#0"},
				"west": {"uv": [0, 0, 0, 2.5], "texture": "#0"},
				"up": {"uv": [0, 0, 0, 6.5], "rotation": 90, "texture": "#0"},
				"down": {"uv": [0, 0, 0, 6.5], "rotation": 270, "texture": "#0"}
			}
		}
	],
	"display": {
		"thirdperson_righthand": {
			"translation": [0, 2, -2],
			"scale": [0.5, 0.5, 0.5]
		},
		"thirdperson_lefthand": {
			"translation": [0, 2, -2],
			"scale": [0.5, 0.5, 0.5]
		},
		"ground": {
			"scale": [0.5, 0.5, 0.5]
		},
		"gui": {
			"rotation": [28, -22, 0],
			"translation": [0, 1.5, 0],
			"scale": [0.7, 0.7, 0.94]
		},
		"head": {
			"translation": [0, 9.75, 0],
			"scale": [0.75, 0.75, 0.75]
		},
		"fixed": {
			"rotation": [-90, 0, 0],
			"translation": [0, 0, -9.75],
			"scale": [1.2, 1.4, 1.2]
		}
	}
}