{
	"credit": "Made with Blockbench",
	"texture_size": [32, 32],
	"textures": {
		"0": "furniture/blocks/gifts"
	},
	"elements": [
		{
			"from": [7, 0, 1],
			"to": [15, 8, 9],
			"rotation": {"angle": 0, "axis": "y", "origin": [1, 0, 1]},
			"faces": {
				"north": {"uv": [10.66667, 0, 14.83333, 4.83333], "texture": "#0"},
				"east": {"uv": [10.66667, 0, 14.83333, 4.83333], "texture": "#0"},
				"south": {"uv": [10.66667, 0, 14.83333, 4.83333], "texture": "#0"},
				"west": {"uv": [10.66667, 0, 14.83333, 4.83333], "texture": "#0"},
				"up": {"uv": [14.5, 5.33333, 16, 3.5], "texture": "#0"},
				"down": {"uv": [11.33333, 0.33333, 13.33333, 0], "texture": "#0"}
			}
		},
		{
			"from": [6, 8, 0],
			"to": [16, 9, 10],
			"rotation": {"angle": 0, "axis": "y", "origin": [1, 0, 1]},
			"faces": {
				"north": {"uv": [10.66667, 4.33333, 15.66667, 4.83333], "texture": "#0"},
				"east": {"uv": [11, 0, 16, 0.5], "texture": "#0"},
				"south": {"uv": [11, 4.33333, 16, 4.66667], "texture": "#0"},
				"west": {"uv": [11, 0, 16, 0.5], "texture": "#0"},
				"up": {"uv": [14.5, 0, 16, 4.66667], "texture": "#0"},
				"down": {"uv": [10.83333, 4.33333, 15.83333, 4.66667], "texture": "#0"}
			}
		},
		{
			"from": [1, 8, 11],
			"to": [9, 13, 11],
			"rotation": {"angle": 45, "axis": "y", "origin": [1, 0, 1]},
			"faces": {
				"north": {"uv": [6, 11.16667, 10, 13.83333], "texture": "#0"},
				"east": {"uv": [0, 0, 0, 2.5], "texture": "#0"},
				"south": {"uv": [6, 11, 10, 13.83333], "texture": "#0"},
				"west": {"uv": [0, 0, 0, 2.5], "texture": "#0"},
				"up": {"uv": [0, 0, 4, 0], "texture": "#0"},
				"down": {"uv": [0, 0, 4, 0], "texture": "#0"}
			}
		},
		{
			"from": [5, 8, 7],
			"to": [5, 13, 15],
			"rotation": {"angle": 45, "axis": "y", "origin": [1, 0, 1]},
			"faces": {
				"north": {"uv": [0, 0, 0, 2.5], "texture": "#0"},
				"east": {"uv": [6, 11.16667, 10, 13.83333], "texture": "#0"},
				"south": {"uv": [0, 0, 0, 2.5], "texture": "#0"},
				"west": {"uv": [6, 11, 10, 13.83333], "texture": "#0"},
				"up": {"uv": [0, 0, 4, 0], "rotation": 90, "texture": "#0"},
				"down": {"uv": [0, 0, 4, 0], "rotation": 270, "texture": "#0"}
			}
		},
		{
			"from": [4, 6, 7],
			"to": [4, 10, 16],
			"rotation": {"angle": 0, "axis": "y", "origin": [-3, 0, 2]},
			"faces": {
				"north": {"uv": [0, 0, 0, 2], "texture": "#0"},
				"east": {"uv": [0.66667, 10.83333, 4, 13.33333], "texture": "#0"},
				"south": {"uv": [0, 0, 0, 2], "texture": "#0"},
				"west": {"uv": [0.5, 10.83333, 4, 13.33333], "texture": "#0"},
				"up": {"uv": [0, 0, 0, 4.5], "rotation": 180, "texture": "#0"},
				"down": {"uv": [0, 0, 0, 4.5], "rotation": 180, "texture": "#0"}
			}
		},
		{
			"from": [2, 6, 8],
			"to": [11, 10, 8],
			"rotation": {"angle": -22.5, "axis": "y", "origin": [-3, 0, 2]},
			"faces": {
				"north": {"uv": [0.5, 10.83333, 4, 13.33333], "texture": "#0"},
				"east": {"uv": [0, 0, 0, 2], "texture": "#0"},
				"south": {"uv": [0.66667, 10.83333, 4, 13.33333], "texture": "#0"},
				"west": {"uv": [0, 0, 0, 2], "texture": "#0"},
				"up": {"uv": [0, 0, 0, 4.5], "rotation": 270, "texture": "#0"},
				"down": {"uv": [0, 0, 0, 4.5], "rotation": 90, "texture": "#0"}
			}
		},
		{
			"from": [3, 5, 1],
			"to": [13, 6, 7],
			"rotation": {"angle": -45, "axis": "y", "origin": [-3, 0, 2]},
			"faces": {
				"north": {"uv": [0, 0, 5, 0.5], "texture": "#0"},
				"east": {"uv": [0, 0, 3, 0.5], "texture": "#0"},
				"south": {"uv": [0, 0, 5, 0.5], "texture": "#0"},
				"west": {"uv": [0, 0, 3, 0.5], "texture": "#0"},
				"up": {"uv": [11.5, 10.16667, 16, 10.66667], "texture": "#0"},
				"down": {"uv": [11, 5.33333, 16, 5.83333], "texture": "#0"}
			}
		},
		{
			"from": [4, 0, 2],
			"to": [12, 5, 6],
			"rotation": {"angle": -45, "axis": "y", "origin": [-3, 0, 2]},
			"faces": {
				"north": {"uv": [10.83333, 5.5, 15.83333, 7.83333], "texture": "#0"},
				"east": {"uv": [11.16667, 5.5, 13.16667, 8.16667], "texture": "#0"},
				"south": {"uv": [10.83333, 5.5, 15.83333, 8], "texture": "#0"},
				"west": {"uv": [13.5, 5.5, 15.33333, 8], "texture": "#0"},
				"up": {"uv": [10.66667, 8.5, 14.66667, 10.5], "texture": "#0"},
				"down": {"uv": [12, 10.33333, 16, 10.66667], "texture": "#0"}
			}
		}
	],
	"display": {
		"thirdperson_righthand": {
			"translation": [0, 2, -2],
			"scale": [0.5, 0.5, 0.5]
		},
		"thirdperson_lefthand": {
			"translation": [0, 2, -2],
			"scale": [0.5, 0.5, 0.5]
		},
		"ground": {
			"scale": [0.5, 0.5, 0.5]
		},
		"gui": {
			"rotation": [28, -22, 0],
			"translation": [0, 1.5, 0],
			"scale": [0.7, 0.7, 0.94]
		},
		"head": {
			"translation": [0, 9.75, 0],
			"scale": [0.75, 0.75, 0.75]
		},
		"fixed": {
			"rotation": [-90, 0, 0],
			"translation": [0, 0, -9.75],
			"scale": [1.2, 1.4, 1.2]
		}
	},
	"groups": [
		0,
		1,
		2,
		3,
		{
			"name": "group",
			"origin": [0, 0, 0],
			"color": 0,
			"children": [4, 5, 6, 7]
		}
	]
}