{
	"credit": "Made with Blockbench",
	"texture_size": [32, 32],
	"textures": {
		"0": "furniture/blocks/gifts"
	},
	"elements": [
		{
			"from": [1, 0, 1],
			"to": [9, 6, 6],
			"faces": {
				"north": {"uv": [5.5, 5.33333, 9.16667, 10.33333], "texture": "#0"},
				"east": {"uv": [5.5, 5.33333, 8, 10.16667], "texture": "#0"},
				"south": {"uv": [5.5, 5.33333, 8, 10], "texture": "#0"},
				"west": {"uv": [5.5, 5.33333, 8, 10], "texture": "#0"},
				"up": {"uv": [9.33333, 5.33333, 10.66667, 6], "texture": "#0"},
				"down": {"uv": [5.33333, 7.33333, 8, 9.83333], "texture": "#0"}
			}
		},
		{
			"from": [0, 6, 0],
			"to": [10, 7, 7],
			"faces": {
				"north": {"uv": [5.5, 5.5, 10.5, 6], "texture": "#0"},
				"east": {"uv": [6.16667, 5.5, 9.66667, 6], "texture": "#0"},
				"south": {"uv": [5.33333, 5.5, 10.33333, 6], "texture": "#0"},
				"west": {"uv": [6, 5.5, 9.5, 6], "texture": "#0"},
				"up": {"uv": [5.83333, 5.33333, 10, 5.83333], "texture": "#0"},
				"down": {"uv": [5.66667, 5.5, 10, 5.66667], "texture": "#0"}
			}
		},
		{
			"from": [-1, 7, 5],
			"to": [8, 11, 5],
			"rotation": {"angle": 22.5, "axis": "y", "origin": [0, 0, 0]},
			"faces": {
				"north": {"uv": [6, 11.5, 10.16667, 13.83333], "texture": "#0"},
				"east": {"uv": [0, 0, 0, 2], "texture": "#0"},
				"south": {"uv": [5.83333, 11.33333, 10.16667, 13.83333], "texture": "#0"},
				"west": {"uv": [0, 0, 0, 2], "texture": "#0"},
				"up": {"uv": [0, 0, 4.5, 0], "texture": "#0"},
				"down": {"uv": [0, 0, 4.5, 0], "texture": "#0"}
			}
		},
		{
			"from": [2, 7, 1],
			"to": [11, 11, 1],
			"rotation": {"angle": -22.5, "axis": "y", "origin": [0, 0, 0]},
			"faces": {
				"north": {"uv": [6, 11.5, 10.16667, 13.83333], "texture": "#0"},
				"east": {"uv": [0, 0, 0, 2], "texture": "#0"},
				"south": {"uv": [5.83333, 11.33333, 10.16667, 13.83333], "texture": "#0"},
				"west": {"uv": [0, 0, 0, 2], "texture": "#0"},
				"up": {"uv": [0, 0, 4.5, 0], "texture": "#0"},
				"down": {"uv": [0, 0, 4.5, 0], "texture": "#0"}
			}
		},
		{
			"from": [10, 13, 5],
			"to": [18, 17, 5],
			"rotation": {"angle": -22.5, "axis": "y", "origin": [0, 0, 0]},
			"faces": {
				"north": {"uv": [0.66667, 10.83333, 4.16667, 13.33333], "texture": "#0"},
				"east": {"uv": [0, 0, 0, 2], "texture": "#0"},
				"south": {"uv": [0.66667, 11, 4.16667, 13.33333], "texture": "#0"},
				"west": {"uv": [0, 0, 0, 2], "texture": "#0"},
				"up": {"uv": [0, 0, 4.5, 0], "texture": "#0"},
				"down": {"uv": [0, 0, 4.5, 0], "texture": "#0"}
			}
		},
		{
			"from": [11, 13, 6],
			"to": [11, 17, 14],
			"faces": {
				"north": {"uv": [0, 0, 0, 2], "texture": "#0"},
				"east": {"uv": [0.66667, 10.83333, 4.16667, 13.33333], "texture": "#0"},
				"south": {"uv": [0, 0, 0, 2], "texture": "#0"},
				"west": {"uv": [0.66667, 11, 4.16667, 13.33333], "texture": "#0"},
				"up": {"uv": [0, 0, 4.5, 0], "rotation": 90, "texture": "#0"},
				"down": {"uv": [0, 0, 4.5, 0], "rotation": 270, "texture": "#0"}
			}
		},
		{
			"from": [4, 1, 11],
			"to": [9, 11, 16],
			"rotation": {"angle": 22.5, "axis": "y", "origin": [0, 0, 0]},
			"faces": {
				"north": {"uv": [1.33333, 5.66667, 4.16667, 10.66667], "texture": "#0"},
				"east": {"uv": [1.16667, 5.66667, 4.16667, 10.66667], "texture": "#0"},
				"south": {"uv": [1.16667, 5.66667, 4.16667, 10.66667], "texture": "#0"},
				"west": {"uv": [1.33333, 5.66667, 4, 10.5], "texture": "#0"},
				"up": {"uv": [0.5, 5.33333, 1, 7.33333], "texture": "#0"},
				"down": {"uv": [1.66667, 7.16667, 4.16667, 9.66667], "texture": "#0"}
			}
		},
		{
			"from": [3, 11, 10],
			"to": [10, 13, 17],
			"rotation": {"angle": 22.5, "axis": "y", "origin": [0, 0, 0]},
			"faces": {
				"north": {"uv": [1.33333, 5.66667, 4.16667, 5.83333], "texture": "#0"},
				"east": {"uv": [1.16667, 5.66667, 4.16667, 5.5], "texture": "#0"},
				"south": {"uv": [1.16667, 5.5, 4.16667, 5.66667], "texture": "#0"},
				"west": {"uv": [1.33333, 5.66667, 4, 6], "texture": "#0"},
				"up": {"uv": [0.5, 5.33333, 1, 7.33333], "texture": "#0"},
				"down": {"uv": [1.66667, 5.66667, 4.16667, 5.5], "texture": "#0"}
			}
		},
		{
			"from": [4, 0, 11],
			"to": [9, 1, 16],
			"rotation": {"angle": 22.5, "axis": "y", "origin": [0, 0, 0]},
			"faces": {
				"north": {"uv": [1.33333, 5.66667, 4.16667, 5.83333], "texture": "#0"},
				"east": {"uv": [1.16667, 5.66667, 4.16667, 5.5], "texture": "#0"},
				"south": {"uv": [1.16667, 5.5, 4.16667, 5.66667], "texture": "#0"},
				"west": {"uv": [1.33333, 5.66667, 4, 6], "texture": "#0"},
				"up": {"uv": [0.5, 5.33333, 1, 7.33333], "texture": "#0"},
				"down": {"uv": [1.66667, 5.66667, 4.16667, 5.5], "texture": "#0"}
			}
		},
		{
			"from": [-12, 0, 7],
			"to": [-5, 6, 14],
			"rotation": {"angle": 45, "axis": "y", "origin": [0, 0, 0]},
			"faces": {
				"north": {"uv": [10.83333, 5.33333, 16, 10.66667], "texture": "#0"},
				"east": {"uv": [10.83333, 5.5, 16, 10.5], "texture": "#0"},
				"south": {"uv": [10.66667, 5.5, 16, 10.66667], "texture": "#0"},
				"west": {"uv": [10.66667, 5.5, 16, 10.83333], "texture": "#0"},
				"up": {"uv": [10.66667, 5.5, 16, 10.66667], "texture": "#0"},
				"down": {"uv": [11.5, 7.33333, 12.16667, 8.66667], "texture": "#0"}
			}
		},
		{
			"from": [-13, 6, 6],
			"to": [-4, 7, 15],
			"rotation": {"angle": 45, "axis": "y", "origin": [0, 0, 0]},
			"faces": {
				"north": {"uv": [10.83333, 5.33333, 16, 5.66667], "texture": "#0"},
				"east": {"uv": [10.83333, 5.5, 16, 5.5], "texture": "#0"},
				"south": {"uv": [10.66667, 5.5, 16, 5.66667], "texture": "#0"},
				"west": {"uv": [10.66667, 5.5, 16, 5.5], "texture": "#0"},
				"up": {"uv": [11.16667, 5.66667, 11, 6.16667], "texture": "#0"},
				"down": {"uv": [15.83333, 6.33333, 16, 7.66667], "texture": "#0"}
			}
		},
		{
			"from": [-4, 7, 13],
			"to": [7, 12, 13],
			"faces": {
				"north": {"uv": [0.66667, 10.83333, 4, 13.33333], "texture": "#0"},
				"east": {"uv": [3.83333, 10.83333, 0.66667, 13.33333], "texture": "#0"},
				"south": {"uv": [0.83333, 10.66667, 4, 13.33333], "texture": "#0"},
				"west": {"uv": [0, 0, 0, 2], "texture": "#0"},
				"up": {"uv": [0, 0, 5.5, 0], "texture": "#0"},
				"down": {"uv": [0, 0, 5.5, 0], "texture": "#0"}
			}
		}
	],
	"display": {
		"thirdperson_righthand": {
			"translation": [0, 2, -2],
			"scale": [0.5, 0.5, 0.5]
		},
		"thirdperson_lefthand": {
			"translation": [0, 2, -2],
			"scale": [0.5, 0.5, 0.5]
		},
		"ground": {
			"scale": [0.5, 0.5, 0.5]
		},
		"gui": {
			"rotation": [28, 33, 0],
			"translation": [0.75, 1.5, 0],
			"scale": [0.7, 0.7, 0.94]
		},
		"head": {
			"translation": [0, 9.75, 0],
			"scale": [0.75, 0.75, 0.75]
		},
		"fixed": {
			"rotation": [-90, 0, 0],
			"translation": [3.5, -1.25, -13.5],
			"scale": [1.85, 1.85, 1.85]
		}
	}
}