{
	"credit": "Made with Blockbench",
	"texture_size": [32, 32],
	"textures": {
		"0": "furniture/blocks/stripped_oak_log",
		"1": "furniture/blocks/redstone_lamp_on",
		"2": "furniture/blocks/white_wool",
		"3": "furniture/blocks/anvil",
		"4": "furniture/blocks/yellow_terracotta",
		"particle": "furniture/blocks/stripped_oak_log"
	},
	"elements": [
		{
			"from": [5, 0, 5],
			"to": [11, 3, 11],
			"faces": {
				"north": {"uv": [0, 0, 16, 8], "texture": "#0"},
				"east": {"uv": [0, 0, 16, 8], "texture": "#0"},
				"south": {"uv": [0, 0, 16, 8], "texture": "#0"},
				"west": {"uv": [0, 0, 16, 8], "texture": "#0"},
				"up": {"uv": [0, 0, 16, 16], "texture": "#0"},
				"down": {"uv": [0, 0, 16, 16], "texture": "#0"}
			}
		},
		{
			"from": [6, 3, 6],
			"to": [10, 6, 10],
			"faces": {
				"north": {"uv": [0, 0, 16, 8], "texture": "#0"},
				"east": {"uv": [0, 0, 16, 8], "texture": "#0"},
				"south": {"uv": [0, 0, 16, 8], "texture": "#0"},
				"west": {"uv": [0, 0, 16, 8], "texture": "#0"},
				"up": {"uv": [0, 0, 16, 16], "texture": "#0"},
				"down": {"uv": [0, 0, 2, 2], "texture": "#0"}
			}
		},
		{
			"from": [6, 7, 6],
			"to": [10, 8, 10],
			"faces": {
				"north": {"uv": [0, 0, 16, 8], "texture": "#0"},
				"east": {"uv": [0, 0, 16, 8], "texture": "#0"},
				"south": {"uv": [0, 0, 16, 8], "texture": "#0"},
				"west": {"uv": [0, 0, 16, 8], "texture": "#0"},
				"up": {"uv": [0, 0, 16, 16], "texture": "#0"},
				"down": {"uv": [0, 0, 16, 16], "texture": "#0"}
			}
		},
		{
			"from": [7, 3, 5],
			"to": [9, 4, 6],
			"faces": {
				"north": {"uv": [0, 0, 4, 3], "texture": "#0"},
				"east": {"uv": [0, 0, 2, 2], "texture": "#0"},
				"south": {"uv": [0, 0, 1, 0.5], "texture": "#0"},
				"west": {"uv": [0, 0, 2, 2], "texture": "#0"},
				"up": {"uv": [0, 0, 4, 3], "texture": "#0"},
				"down": {"uv": [0, 0, 1, 0.5], "texture": "#0"}
			}
		},
		{
			"from": [7, 3, 10],
			"to": [9, 4, 11],
			"faces": {
				"north": {"uv": [0, 0, 1, 0.5], "texture": "#0"},
				"east": {"uv": [0, 0, 2, 2], "texture": "#0"},
				"south": {"uv": [0, 0, 4.5, 3], "texture": "#0"},
				"west": {"uv": [0, 0, 2, 2], "texture": "#0"},
				"up": {"uv": [0, 0, 4.5, 3], "texture": "#0"},
				"down": {"uv": [0, 0, 1, 0.5], "texture": "#0"}
			}
		},
		{
			"from": [5, 3, 7],
			"to": [6, 4, 8],
			"faces": {
				"north": {"uv": [0, 0, 2, 2], "texture": "#0"},
				"east": {"uv": [0, 0, 1, 0.5], "texture": "#0"},
				"south": {"uv": [0, 0, 2, 2], "texture": "#0"},
				"west": {"uv": [0, 0, 4, 3], "texture": "#0"},
				"up": {"uv": [0, 0, 4, 3], "texture": "#0"},
				"down": {"uv": [0, 0, 0.5, 1], "texture": "#0"}
			}
		},
		{
			"from": [10, 3, 7],
			"to": [11, 4, 9],
			"faces": {
				"north": {"uv": [0, 0, 2, 2], "texture": "#0"},
				"east": {"uv": [0, 0, 4, 3], "texture": "#0"},
				"south": {"uv": [0, 0, 2, 2], "texture": "#0"},
				"west": {"uv": [0, 0, 1, 0.5], "texture": "#0"},
				"up": {"uv": [0, 0, 4, 3], "texture": "#0"},
				"down": {"uv": [0, 0, 0.5, 1], "texture": "#0"}
			}
		},
		{
			"from": [7, 6, 7],
			"to": [9, 16, 9],
			"faces": {
				"north": {"uv": [0, 0, 8, 16], "texture": "#3"},
				"east": {"uv": [0, 0, 8, 16], "texture": "#3"},
				"south": {"uv": [0, 0, 8, 16], "texture": "#3"},
				"west": {"uv": [0, 0, 8, 16], "texture": "#3"},
				"up": {"uv": [0, 0, 1, 1], "texture": "#3"},
				"down": {"uv": [0, 0, 1, 1], "texture": "#3"}
			}
		},
		{
			"from": [7, 16, 7],
			"to": [9, 18, 9],
			"faces": {
				"north": {"uv": [0, 0, 16, 16], "texture": "#1"},
				"east": {"uv": [0, 0, 16, 16], "texture": "#1"},
				"south": {"uv": [0, 0, 16, 16], "texture": "#1"},
				"west": {"uv": [0, 0, 16, 16], "texture": "#1"},
				"up": {"uv": [1, 1, 15, 15], "texture": "#1"},
				"down": {"uv": [0, 0, 1, 1], "texture": "#1"}
			}
		},
		{
			"from": [5, 13, 12],
			"to": [11, 19, 13],
			"faces": {
				"north": {"uv": [0, 0, 3, 5], "rotation": 180, "texture": "#2"},
				"east": {"uv": [3.5, 6.5, 8.5, 7], "rotation": 270, "texture": "#2"},
				"south": {"uv": [1, 1, 15, 16], "texture": "#2"},
				"west": {"uv": [3.5, 6.5, 8.5, 7], "rotation": 90, "texture": "#2"},
				"up": {"uv": [4.5, 6, 7.5, 6.5], "rotation": 180, "texture": "#2"},
				"down": {"uv": [0, 0, 3, 0.5], "texture": "#2"}
			}
		},
		{
			"from": [5, 13, 3],
			"to": [11, 19, 4],
			"faces": {
				"north": {"uv": [1, 1.5, 15, 16], "rotation": 180, "texture": "#2"},
				"east": {"uv": [3.5, 6, 8.5, 6.5], "rotation": 270, "texture": "#2"},
				"south": {"uv": [0, 0, 3, 5], "texture": "#2"},
				"west": {"uv": [3, 6, 8, 6.5], "rotation": 90, "texture": "#2"},
				"up": {"uv": [8, 8, 11, 8.5], "rotation": 180, "texture": "#2"},
				"down": {"uv": [0, 0, 3, 0.5], "texture": "#2"}
			}
		},
		{
			"from": [3, 13, 5],
			"to": [4, 19, 11],
			"faces": {
				"north": {"uv": [3.5, 7, 8.5, 7.5], "rotation": 270, "texture": "#2"},
				"east": {"uv": [0, 0, 3, 5], "texture": "#2"},
				"south": {"uv": [4, 6.5, 9, 7], "rotation": 90, "texture": "#2"},
				"west": {"uv": [1, 1, 15, 16], "rotation": 180, "texture": "#2"},
				"up": {"uv": [4.5, 6, 7.5, 6.5], "rotation": 90, "texture": "#2"},
				"down": {"uv": [0, 0, 3, 0.5], "rotation": 90, "texture": "#2"}
			}
		},
		{
			"from": [4, 19, 5],
			"to": [5, 21, 11],
			"faces": {
				"north": {"uv": [4, 6, 9, 6.5], "rotation": 270, "texture": "#2"},
				"east": {"uv": [0, 0, 3, 5], "texture": "#2"},
				"south": {"uv": [6, 7.5, 11, 8], "rotation": 90, "texture": "#2"},
				"west": {"uv": [1, 9, 15, 16], "rotation": 180, "texture": "#2"},
				"up": {"uv": [5, 5, 8, 5.5], "rotation": 90, "texture": "#2"},
				"down": {"uv": [0, 0, 3, 0.5], "rotation": 90, "texture": "#2"}
			}
		},
		{
			"from": [11, 19, 5],
			"to": [12, 21, 11],
			"faces": {
				"north": {"uv": [2.5, 5, 7.5, 5.5], "rotation": 270, "texture": "#2"},
				"east": {"uv": [1, 9, 15, 16], "texture": "#2"},
				"south": {"uv": [4, 6, 9, 6.5], "rotation": 90, "texture": "#2"},
				"west": {"uv": [1, 1, 15, 16], "rotation": 180, "texture": "#2"},
				"up": {"uv": [3.5, 5, 6.5, 5.5], "rotation": 90, "texture": "#2"},
				"down": {"uv": [0, 0, 3, 0.5], "rotation": 90, "texture": "#2"}
			}
		},
		{
			"from": [5, 19, 11],
			"to": [11, 21, 12],
			"faces": {
				"north": {"uv": [1, 1, 15, 16], "rotation": 180, "texture": "#2"},
				"east": {"uv": [3.5, 6.5, 8.5, 7], "rotation": 270, "texture": "#2"},
				"south": {"uv": [1, 9, 15, 16], "texture": "#2"},
				"west": {"uv": [3.5, 5, 8.5, 5.5], "rotation": 90, "texture": "#2"},
				"up": {"uv": [4.5, 6, 7.5, 6.5], "rotation": 180, "texture": "#2"},
				"down": {"uv": [0, 0, 3, 0.5], "texture": "#2"}
			}
		},
		{
			"from": [5, 19, 4],
			"to": [11, 21, 5],
			"faces": {
				"north": {"uv": [1, 9, 15, 16], "rotation": 180, "texture": "#2"},
				"east": {"uv": [4.5, 5.5, 9.5, 6], "rotation": 270, "texture": "#2"},
				"south": {"uv": [0, 0, 3, 5], "texture": "#2"},
				"west": {"uv": [3, 5.5, 8, 6], "rotation": 90, "texture": "#2"},
				"up": {"uv": [5.5, 6.5, 8.5, 7], "rotation": 180, "texture": "#2"},
				"down": {"uv": [0, 0, 3, 0.5], "texture": "#2"}
			}
		},
		{
			"from": [10, 13, 4],
			"to": [12, 19, 6],
			"faces": {
				"north": {"uv": [1, 1, 15, 16], "rotation": 270, "texture": "#2"},
				"east": {"uv": [1, 1, 15, 16], "texture": "#2"},
				"south": {"uv": [1, 1, 15, 16], "rotation": 90, "texture": "#2"},
				"west": {"uv": [1, 1, 15, 16], "rotation": 180, "texture": "#2"},
				"up": {"uv": [1, 1, 15, 16], "rotation": 90, "texture": "#2"},
				"down": {"uv": [0, 0, 1, 1], "rotation": 90, "texture": "#2"}
			}
		},
		{
			"from": [4, 13, 4],
			"to": [6, 19, 6],
			"faces": {
				"north": {"uv": [1, 1, 15, 16], "rotation": 270, "texture": "#2"},
				"east": {"uv": [1, 1, 15, 16], "texture": "#2"},
				"south": {"uv": [1, 1, 15, 16], "rotation": 90, "texture": "#2"},
				"west": {"uv": [1, 1, 15, 16], "rotation": 180, "texture": "#2"},
				"up": {"uv": [1, 1, 15, 16], "rotation": 90, "texture": "#2"},
				"down": {"uv": [0, 0, 1, 1], "rotation": 90, "texture": "#2"}
			}
		},
		{
			"from": [4, 13, 10],
			"to": [6, 19, 12],
			"faces": {
				"north": {"uv": [1, 1, 15, 16], "rotation": 270, "texture": "#2"},
				"east": {"uv": [1, 1, 15, 16], "texture": "#2"},
				"south": {"uv": [1, 1, 15, 16], "rotation": 90, "texture": "#2"},
				"west": {"uv": [1, 1, 15, 16], "rotation": 180, "texture": "#2"},
				"up": {"uv": [1, 1, 15, 16], "rotation": 90, "texture": "#2"},
				"down": {"uv": [0, 0, 1, 1], "rotation": 90, "texture": "#2"}
			}
		},
		{
			"from": [10, 13, 10],
			"to": [12, 19, 12],
			"faces": {
				"north": {"uv": [1, 1, 15, 16], "rotation": 270, "texture": "#2"},
				"east": {"uv": [1, 1, 15, 16], "texture": "#2"},
				"south": {"uv": [1, 1, 15, 16], "rotation": 90, "texture": "#2"},
				"west": {"uv": [1, 1, 15, 16], "rotation": 180, "texture": "#2"},
				"up": {"uv": [1, 1, 15, 16], "rotation": 90, "texture": "#2"},
				"down": {"uv": [0, 0, 1, 1], "rotation": 90, "texture": "#2"}
			}
		},
		{
			"from": [12, 13, 5],
			"to": [13, 19, 11],
			"faces": {
				"north": {"uv": [4, 7, 9, 7.5], "rotation": 270, "texture": "#2"},
				"east": {"uv": [1, 1, 15, 16], "texture": "#2"},
				"south": {"uv": [4, 6.5, 9, 7], "rotation": 90, "texture": "#2"},
				"west": {"uv": [0, 0, 3, 5], "rotation": 180, "texture": "#2"},
				"up": {"uv": [4, 6, 7, 6.5], "rotation": 90, "texture": "#2"},
				"down": {"uv": [0, 0, 3, 0.5], "rotation": 90, "texture": "#2"}
			}
		},
		{
			"from": [9, 20, 5],
			"to": [10, 21, 11],
			"faces": {
				"north": {"uv": [0, 0, 8, 16], "texture": "#0"},
				"east": {"uv": [0, 0, 8, 16], "texture": "#0"},
				"south": {"uv": [0, 0, 8, 16], "texture": "#0"},
				"west": {"uv": [0, 0, 8, 16], "texture": "#0"},
				"up": {"uv": [0, 0, 8, 16], "rotation": 90, "texture": "#0"},
				"down": {"uv": [0, 0, 8, 16], "rotation": 270, "texture": "#0"}
			}
		},
		{
			"from": [6, 20, 5],
			"to": [7, 21, 11],
			"faces": {
				"north": {"uv": [0, 0, 8, 16], "texture": "#0"},
				"east": {"uv": [0, 0, 8, 16], "texture": "#0"},
				"south": {"uv": [0, 0, 8, 16], "texture": "#0"},
				"west": {"uv": [0, 0, 8, 16], "texture": "#0"},
				"up": {"uv": [0, 0, 8, 16], "rotation": 90, "texture": "#0"},
				"down": {"uv": [0, 0, 8, 16], "rotation": 270, "texture": "#0"}
			}
		},
		{
			"from": [5, 20, 6],
			"to": [11, 21, 7],
			"faces": {
				"north": {"uv": [0, 0, 8, 16], "texture": "#0"},
				"east": {"uv": [0, 0, 8, 16], "texture": "#0"},
				"south": {"uv": [0, 0, 8, 16], "texture": "#0"},
				"west": {"uv": [0, 0, 8, 16], "texture": "#0"},
				"up": {"uv": [0, 0, 8, 16], "texture": "#0"},
				"down": {"uv": [0, 0, 8, 16], "texture": "#0"}
			}
		},
		{
			"from": [5, 20, 9],
			"to": [11, 21, 10],
			"faces": {
				"north": {"uv": [0, 0, 8, 16], "texture": "#0"},
				"east": {"uv": [0, 0, 8, 16], "texture": "#0"},
				"south": {"uv": [0, 0, 8, 16], "texture": "#0"},
				"west": {"uv": [0, 0, 8, 16], "texture": "#0"},
				"up": {"uv": [0, 0, 8, 16], "texture": "#0"},
				"down": {"uv": [0, 0, 8, 16], "texture": "#0"}
			}
		},
		{
			"from": [9, 12, 8],
			"to": [12, 13, 9],
			"faces": {
				"north": {"uv": [0, 0, 8, 16], "texture": "#0"},
				"east": {"uv": [0, 0, 8, 16], "texture": "#0"},
				"south": {"uv": [0, 0, 8, 16], "texture": "#0"},
				"west": {"uv": [0, 0, 8, 16], "texture": "#0"},
				"up": {"uv": [0, 0, 8, 16], "texture": "#0"},
				"down": {"uv": [0, 0, 8, 16], "texture": "#0"}
			}
		},
		{
			"from": [8, 12, 4],
			"to": [9, 13, 7],
			"faces": {
				"north": {"uv": [0, 0, 8, 16], "texture": "#0"},
				"east": {"uv": [0, 0, 8, 16], "texture": "#0"},
				"south": {"uv": [0, 0, 8, 16], "texture": "#0"},
				"west": {"uv": [0, 0, 8, 16], "texture": "#0"},
				"up": {"uv": [0, 0, 8, 16], "texture": "#0"},
				"down": {"uv": [0, 0, 8, 16], "texture": "#0"}
			}
		},
		{
			"from": [5, 12, 3],
			"to": [11, 13, 4],
			"faces": {
				"north": {"uv": [0, 0, 16, 16], "texture": "#4"},
				"east": {"uv": [0, 0, 16, 16], "texture": "#4"},
				"south": {"uv": [0, 0, 16, 16], "texture": "#4"},
				"west": {"uv": [0, 0, 16, 16], "texture": "#4"},
				"up": {"uv": [0, 0, 16, 16], "texture": "#4"},
				"down": {"uv": [0, 0, 16, 16], "texture": "#4"}
			}
		},
		{
			"from": [5, 12, 12],
			"to": [11, 13, 13],
			"faces": {
				"north": {"uv": [0, 0, 16, 16], "texture": "#4"},
				"east": {"uv": [0, 0, 16, 16], "texture": "#4"},
				"south": {"uv": [0, 0, 16, 16], "texture": "#4"},
				"west": {"uv": [0, 0, 16, 16], "texture": "#4"},
				"up": {"uv": [0, 0, 16, 16], "texture": "#4"},
				"down": {"uv": [0, 0, 16, 16], "texture": "#4"}
			}
		},
		{
			"from": [3, 12, 5],
			"to": [4, 13, 11],
			"faces": {
				"north": {"uv": [0, 0, 16, 16], "texture": "#4"},
				"east": {"uv": [0, 0, 16, 16], "texture": "#4"},
				"south": {"uv": [0, 0, 16, 16], "texture": "#4"},
				"west": {"uv": [0, 0, 16, 16], "texture": "#4"},
				"up": {"uv": [0, 0, 16, 16], "texture": "#4"},
				"down": {"uv": [0, 0, 16, 16], "texture": "#4"}
			}
		},
		{
			"from": [5, 21, 6],
			"to": [6, 22, 10],
			"faces": {
				"north": {"uv": [0, 0, 16, 16], "texture": "#4"},
				"east": {"uv": [0, 0, 16, 16], "texture": "#4"},
				"south": {"uv": [0, 0, 16, 16], "texture": "#4"},
				"west": {"uv": [0, 0, 16, 16], "texture": "#4"},
				"up": {"uv": [0, 0, 16, 16], "texture": "#4"},
				"down": {"uv": [0, 0, 16, 16], "texture": "#4"}
			}
		},
		{
			"from": [10, 21, 6],
			"to": [11, 22, 10],
			"faces": {
				"north": {"uv": [0, 0, 16, 16], "texture": "#4"},
				"east": {"uv": [0, 0, 16, 16], "texture": "#4"},
				"south": {"uv": [0, 0, 16, 16], "texture": "#4"},
				"west": {"uv": [0, 0, 16, 16], "texture": "#4"},
				"up": {"uv": [0, 0, 16, 16], "texture": "#4"},
				"down": {"uv": [0, 0, 16, 16], "texture": "#4"}
			}
		},
		{
			"from": [5, 21, 10],
			"to": [11, 22, 11],
			"faces": {
				"north": {"uv": [0, 0, 16, 16], "texture": "#4"},
				"east": {"uv": [0, 0, 16, 16], "texture": "#4"},
				"south": {"uv": [0, 0, 16, 16], "texture": "#4"},
				"west": {"uv": [0, 0, 16, 16], "texture": "#4"},
				"up": {"uv": [0, 0, 16, 16], "texture": "#4"},
				"down": {"uv": [0, 0, 16, 16], "texture": "#4"}
			}
		},
		{
			"from": [5, 21, 5],
			"to": [11, 22, 6],
			"faces": {
				"north": {"uv": [0, 0, 16, 16], "texture": "#4"},
				"east": {"uv": [0, 0, 16, 16], "texture": "#4"},
				"south": {"uv": [0, 0, 16, 16], "texture": "#4"},
				"west": {"uv": [0, 0, 16, 16], "texture": "#4"},
				"up": {"uv": [0, 0, 16, 16], "texture": "#4"},
				"down": {"uv": [0, 0, 16, 16], "texture": "#4"}
			}
		},
		{
			"from": [12, 12, 5],
			"to": [13, 13, 11],
			"faces": {
				"north": {"uv": [0, 0, 16, 16], "texture": "#4"},
				"east": {"uv": [0, 0, 16, 16], "texture": "#4"},
				"south": {"uv": [0, 0, 16, 16], "texture": "#4"},
				"west": {"uv": [0, 0, 16, 16], "texture": "#4"},
				"up": {"uv": [0, 0, 16, 16], "texture": "#4"},
				"down": {"uv": [0, 0, 16, 16], "texture": "#4"}
			}
		},
		{
			"from": [11, 12, 11],
			"to": [12, 13, 12],
			"faces": {
				"north": {"uv": [0, 0, 16, 16], "texture": "#4"},
				"east": {"uv": [0, 0, 16, 16], "texture": "#4"},
				"south": {"uv": [0, 0, 16, 16], "texture": "#4"},
				"west": {"uv": [0, 0, 16, 16], "texture": "#4"},
				"up": {"uv": [0, 0, 16, 16], "texture": "#4"},
				"down": {"uv": [0, 0, 16, 16], "texture": "#4"}
			}
		},
		{
			"from": [11, 12, 4],
			"to": [12, 13, 5],
			"faces": {
				"north": {"uv": [0, 0, 16, 16], "texture": "#4"},
				"east": {"uv": [0, 0, 16, 16], "texture": "#4"},
				"south": {"uv": [0, 0, 16, 16], "texture": "#4"},
				"west": {"uv": [0, 0, 16, 16], "texture": "#4"},
				"up": {"uv": [0, 0, 16, 16], "texture": "#4"},
				"down": {"uv": [0, 0, 16, 16], "texture": "#4"}
			}
		},
		{
			"from": [4, 12, 4],
			"to": [5, 13, 5],
			"faces": {
				"north": {"uv": [0, 0, 16, 16], "texture": "#4"},
				"east": {"uv": [0, 0, 16, 16], "texture": "#4"},
				"south": {"uv": [0, 0, 16, 16], "texture": "#4"},
				"west": {"uv": [0, 0, 16, 16], "texture": "#4"},
				"up": {"uv": [0, 0, 16, 16], "texture": "#4"},
				"down": {"uv": [0, 0, 16, 16], "texture": "#4"}
			}
		},
		{
			"from": [4, 12, 11],
			"to": [5, 13, 12],
			"faces": {
				"north": {"uv": [0, 0, 16, 16], "texture": "#4"},
				"east": {"uv": [0, 0, 16, 16], "texture": "#4"},
				"south": {"uv": [0, 0, 16, 16], "texture": "#4"},
				"west": {"uv": [0, 0, 16, 16], "texture": "#4"},
				"up": {"uv": [0, 0, 16, 16], "texture": "#4"},
				"down": {"uv": [0, 0, 16, 16], "texture": "#4"}
			}
		},
		{
			"from": [5, 3, 8],
			"to": [6, 4, 9],
			"faces": {
				"north": {"uv": [0, 0, 4, 4], "texture": "#3"},
				"east": {"uv": [0, 0, 4, 4], "texture": "#3"},
				"south": {"uv": [0, 0, 4, 4], "texture": "#3"},
				"west": {"uv": [0, 0, 4, 4], "texture": "#3"},
				"up": {"uv": [0, 0, 4, 4], "texture": "#3"},
				"down": {"uv": [0, 0, 4, 4], "texture": "#3"}
			}
		}
	],
	"display": {
		"thirdperson_righthand": {
			"translation": [0, 1, 0],
			"scale": [0.3, 0.3, 0.3]
		},
		"thirdperson_lefthand": {
			"translation": [0, 1, 0],
			"scale": [0.3, 0.3, 0.3]
		},
		"firstperson_righthand": {
			"translation": [2.75, 0.75, 0],
			"scale": [0.3, 0.3, 0.3]
		},
		"firstperson_lefthand": {
			"translation": [2.75, 0.75, 0],
			"scale": [0.3, 0.3, 0.3]
		},
		"ground": {
			"scale": [0.25, 0.25, 0.25]
		},
		"gui": {
			"rotation": [-19, -24, 0],
			"translation": [-0.5, -1, 0],
			"scale": [0.5, 0.5, 0.5]
		},
		"fixed": {
			"rotation": [-90, 0, 0],
			"translation": [0, 0, -9.25],
			"scale": [1.4, 1.1, 1.4]
		}
	}
}