{
	"credit": "Made with Blockbench",
	"texture_size": [32, 32],
	"textures": {
		"0": "furniture/blocks/log_dark_side",
		"1": "furniture/blocks/lime_wool",
		"2": "furniture/blocks/plank_dark"
	},
	"elements": [
		{
			"from": [2, -1, 11],
			"to": [3, 9, 12],
			"faces": {
				"north": {"uv": [0, 0, 6, 11], "texture": "#0"},
				"east": {"uv": [0, 0, 6, 11], "texture": "#0"},
				"south": {"uv": [0, 0, 6, 11], "texture": "#0"},
				"west": {"uv": [0, 0, 6, 11], "texture": "#0"},
				"up": {"uv": [0, 0, 0.5, 0.5], "texture": "#0"},
				"down": {"uv": [0, 0, 0.5, 0.5], "texture": "#0"}
			}
		},
		{
			"from": [2, -1, 4],
			"to": [3, 9, 5],
			"faces": {
				"north": {"uv": [0, 0, 6, 11], "texture": "#0"},
				"east": {"uv": [0, 0, 6, 11], "texture": "#0"},
				"south": {"uv": [0, 0, 6, 11], "texture": "#0"},
				"west": {"uv": [0, 0, 6, 11], "texture": "#0"},
				"up": {"uv": [0, 0, 0.5, 0.5], "texture": "#0"},
				"down": {"uv": [0, 0, 0.5, 0.5], "texture": "#0"}
			}
		},
		{
			"from": [13, -1, 4],
			"to": [14, 9, 5],
			"faces": {
				"north": {"uv": [0, 0, 6, 11], "texture": "#0"},
				"east": {"uv": [0, 0, 6, 11], "texture": "#0"},
				"south": {"uv": [0, 0, 6, 11], "texture": "#0"},
				"west": {"uv": [0, 0, 6, 11], "texture": "#0"},
				"up": {"uv": [0, 0, 0.5, 0.5], "texture": "#0"},
				"down": {"uv": [0, 0, 0.5, 0.5], "texture": "#0"}
			}
		},
		{
			"from": [13, -1, 11],
			"to": [14, 9, 12],
			"faces": {
				"north": {"uv": [0, 0, 6, 11], "texture": "#0"},
				"east": {"uv": [0, 0, 6, 11], "texture": "#0"},
				"south": {"uv": [0, 0, 6, 11], "texture": "#0"},
				"west": {"uv": [0, 0, 6, 11], "texture": "#0"},
				"up": {"uv": [0, 0, 0.5, 0.5], "texture": "#0"},
				"down": {"uv": [0, 0, 0.5, 0.5], "texture": "#0"}
			}
		},
		{
			"from": [1, 9, 4],
			"to": [15, 10, 12],
			"faces": {
				"north": {"uv": [0, 0, 7, 0.5], "texture": "#2"},
				"east": {"uv": [0, 0, 4, 0.5], "texture": "#2"},
				"south": {"uv": [0, 0, 7, 0.5], "texture": "#2"},
				"west": {"uv": [0, 0, 4, 0.5], "texture": "#2"},
				"up": {"uv": [0, 0, 7, 4], "texture": "#2"},
				"down": {"uv": [0, 0, 7, 4], "texture": "#2"}
			}
		},
		{
			"from": [14, 10, 3],
			"to": [16, 11, 13],
			"faces": {
				"north": {"uv": [0, 0, 8, 0.5], "texture": "#0"},
				"east": {"uv": [0, 0, 5, 0.5], "texture": "#0"},
				"south": {"uv": [0, 0, 8, 0.5], "texture": "#0"},
				"west": {"uv": [0, 0, 5, 0.5], "texture": "#0"},
				"up": {"uv": [0, 0, 5.5, 10], "texture": "#0"},
				"down": {"uv": [0, 0, 8, 5], "texture": "#0"}
			}
		},
		{
			"from": [0, 10, 3],
			"to": [2, 11, 13],
			"faces": {
				"north": {"uv": [0, 0, 8, 0.5], "texture": "#0"},
				"east": {"uv": [0, 0, 5, 0.5], "texture": "#0"},
				"south": {"uv": [0, 0, 8, 0.5], "texture": "#0"},
				"west": {"uv": [0, 0, 5, 0.5], "texture": "#0"},
				"up": {"uv": [0, 0, 5.5, 10], "texture": "#0"},
				"down": {"uv": [0, 0, 8, 5], "texture": "#0"}
			}
		},
		{
			"from": [2, 7, 5],
			"to": [3, 9, 11],
			"faces": {
				"north": {"uv": [0, 0, 0.5, 1], "texture": "#2"},
				"east": {"uv": [0, 0, 8, 8], "texture": "#2"},
				"south": {"uv": [0, 0, 0.5, 1], "texture": "#2"},
				"west": {"uv": [0, 0, 8, 8], "texture": "#2"},
				"up": {"uv": [0, 0, 0.5, 2], "texture": "#2"},
				"down": {"uv": [0, 0, 0.5, 2], "texture": "#2"}
			}
		},
		{
			"from": [13, 7, 5],
			"to": [14, 9, 11],
			"faces": {
				"north": {"uv": [0, 0, 0.5, 1], "texture": "#2"},
				"east": {"uv": [0, 0, 8, 7.5], "texture": "#2"},
				"south": {"uv": [0, 0, 0.5, 1], "texture": "#2"},
				"west": {"uv": [0, 0, 8, 8], "texture": "#2"},
				"up": {"uv": [0, 0, 0.5, 2], "texture": "#2"},
				"down": {"uv": [0, 0, 0.5, 2], "texture": "#2"}
			}
		},
		{
			"from": [2, 10, 3],
			"to": [14, 11, 13],
			"faces": {
				"north": {"uv": [0, 0, 8, 6.5], "texture": "#1"},
				"east": {"uv": [0, 0, 5, 0], "texture": "#1"},
				"south": {"uv": [0, 0, 6, 5.5], "texture": "#1"},
				"west": {"uv": [0, 0, 5, 0], "texture": "#1"},
				"up": {"uv": [0, 0, 16, 16], "texture": "#1"},
				"down": {"uv": [0, 0, 6, 5], "texture": "#1"}
			}
		},
		{
			"from": [2, 7, 3],
			"to": [14, 10, 3],
			"faces": {
				"north": {"uv": [0, 0, 12, 9], "texture": "#1"},
				"east": {"uv": [0, 0, 0, 1.5], "texture": "#1"},
				"south": {"uv": [0, 0, 6, 1.5], "texture": "#1"},
				"west": {"uv": [0, 0, 0, 1.5], "texture": "#1"},
				"up": {"uv": [0, 0, 6, 0], "texture": "#1"},
				"down": {"uv": [0, 0, 6, 0], "texture": "#1"}
			}
		},
		{
			"from": [2, 7, 13],
			"to": [14, 10, 13],
			"faces": {
				"north": {"uv": [0, 0, 6, 1.5], "texture": "#1"},
				"east": {"uv": [0, 0, 0, 1.5], "texture": "#1"},
				"south": {"uv": [0, 0, 10, 11], "texture": "#1"},
				"west": {"uv": [0, 0, 0, 1.5], "texture": "#1"},
				"up": {"uv": [0, 0, 6, 0], "texture": "#1"},
				"down": {"uv": [0, 0, 6, 0], "texture": "#1"}
			}
		},
		{
			"from": [13, 3, 5],
			"to": [14, 4, 11],
			"faces": {
				"north": {"uv": [0, 0, 9.5, 12], "texture": "#0"},
				"east": {"uv": [0, 0, 11, 11.5], "texture": "#0"},
				"south": {"uv": [0, 0, 10.5, 12.5], "texture": "#0"},
				"west": {"uv": [0, 0, 10.5, 13.5], "texture": "#0"},
				"up": {"uv": [0, 0, 0.5, 4], "texture": "#0"},
				"down": {"uv": [0, 0, 0.5, 4], "texture": "#0"}
			}
		},
		{
			"from": [2, 3, 5],
			"to": [3, 4, 11],
			"faces": {
				"north": {"uv": [0, 0, 9.5, 12], "texture": "#0"},
				"east": {"uv": [0, 0, 11, 11.5], "texture": "#0"},
				"south": {"uv": [0, 0, 10.5, 12.5], "texture": "#0"},
				"west": {"uv": [0, 0, 10.5, 13.5], "texture": "#0"},
				"up": {"uv": [0, 0, 0.5, 4], "texture": "#0"},
				"down": {"uv": [0, 0, 0.5, 4], "texture": "#0"}
			}
		}
	],
	"display": {
		"thirdperson_righthand": {
			"scale": [0.25, 0.25, 0.25]
		},
		"thirdperson_lefthand": {
			"scale": [0.25, 0.25, 0.25]
		},
		"firstperson_righthand": {
			"scale": [0.4, 0.4, 0.4]
		},
		"firstperson_lefthand": {
			"scale": [0.4, 0.4, 0.4]
		},
		"ground": {
			"scale": [0.25, 0.25, 0.25]
		},
		"gui": {
			"rotation": [0, 44, 24],
			"scale": [0.6, 0.6, 0.6]
		},
		"fixed": {
			"rotation": [-90, 0, 0],
			"translation": [-16, 0, -24],
			"scale": [4, 2.89, 3.43]
		}
	}
}