{
	"credit": "Made with Blockbench",
	"texture_size": [32, 32],
	"textures": {
		"0": "furniture/blocks/log_dark_side",
		"1": "furniture/blocks/plank_dark",
		"2": "furniture/blocks/log_dark_heart",
		"3": "furniture/blocks/gray_stained_glass"
	},
	"elements": [
		{
			"from": [1, 2, 1],
			"to": [15, 11, 10],
			"faces": {
				"north": {"uv": [0, 0, 7.5, 4.5], "texture": "#1"},
				"east": {"uv": [0, 0, 7, 16], "texture": "#1"},
				"south": {"uv": [0, 0, 7.5, 15.5], "texture": "#1"},
				"west": {"uv": [0, 0, 7.5, 15.5], "texture": "#1"},
				"up": {"uv": [0, 0, 7.5, 4.5], "texture": "#1"},
				"down": {"uv": [0, 0, 7.5, 4.5], "texture": "#1"}
			}
		},
		{
			"from": [1, 2, 0],
			"to": [15, 11, 1],
			"faces": {
				"north": {"uv": [0, 0, 7, 15.5], "texture": "#1"},
				"east": {"uv": [0, 0, 0.5, 4.5], "texture": "#1"},
				"south": {"uv": [0, 0, 7, 4.5], "texture": "#1"},
				"west": {"uv": [0, 0, 0.5, 4.5], "texture": "#1"},
				"up": {"uv": [0, 0, 7, 0.5], "texture": "#1"},
				"down": {"uv": [0, 0, 7, 0.5], "texture": "#1"}
			}
		},
		{
			"from": [1, 13, 2],
			"to": [15, 14, 6],
			"faces": {
				"north": {"uv": [0, 0, 7, 0.5], "texture": "#2"},
				"east": {"uv": [0, 0, 2, 0.5], "texture": "#2"},
				"south": {"uv": [0, 0, 7, 0.5], "texture": "#2"},
				"west": {"uv": [0, 0, 2, 0.5], "texture": "#2"},
				"up": {"uv": [0, 0, 16, 16], "texture": "#2"},
				"down": {"uv": [0, 0, 7, 2], "texture": "#2"}
			}
		},
		{
			"from": [1, 18, 2],
			"to": [15, 19, 6],
			"faces": {
				"north": {"uv": [0, 0, 7, 0.5], "texture": "#2"},
				"east": {"uv": [0, 0, 2, 0.5], "texture": "#2"},
				"south": {"uv": [0, 0, 7, 0.5], "texture": "#2"},
				"west": {"uv": [0, 0, 2, 0.5], "texture": "#2"},
				"up": {"uv": [0, 0, 16, 16], "texture": "#2"},
				"down": {"uv": [0, 0, 7, 2], "texture": "#2"}
			}
		},
		{
			"from": [1, 22, 2],
			"to": [15, 23, 6],
			"faces": {
				"north": {"uv": [0, 0, 7, 0.5], "texture": "#2"},
				"east": {"uv": [0, 0, 2, 0.5], "texture": "#2"},
				"south": {"uv": [0, 0, 9, 3], "texture": "#2"},
				"west": {"uv": [0, 0, 2, 0.5], "texture": "#2"},
				"up": {"uv": [0, 0, 16, 16], "texture": "#2"},
				"down": {"uv": [0, 0, 7, 2], "texture": "#2"}
			}
		},
		{
			"from": [0, 31, 0],
			"to": [16, 32, 9],
			"faces": {
				"north": {"uv": [0, 0, 8, 0.5], "texture": "#0"},
				"east": {"uv": [0, 0, 4.5, 0.5], "texture": "#0"},
				"south": {"uv": [0, 0, 8, 0.5], "texture": "#0"},
				"west": {"uv": [0, 0, 4.5, 0.5], "texture": "#0"},
				"up": {"uv": [0, 0, 16, 15.5], "texture": "#0"},
				"down": {"uv": [0, 0, 8, 4.5], "texture": "#0"}
			}
		},
		{
			"from": [3, 3, 10],
			"to": [7, 10, 11],
			"faces": {
				"north": {"uv": [0, 0, 2, 3.5], "texture": "#0"},
				"east": {"uv": [0, 0, 0.5, 3.5], "texture": "#0"},
				"south": {"uv": [0, 0, 12.5, 15], "texture": "#0"},
				"west": {"uv": [0, 0, 0.5, 3.5], "texture": "#0"},
				"up": {"uv": [0, 0, 2, 0.5], "texture": "#0"},
				"down": {"uv": [0, 0, 2, 0.5], "texture": "#0"}
			}
		},
		{
			"from": [9, 3, 10],
			"to": [13, 10, 11],
			"faces": {
				"north": {"uv": [0, 0, 2, 3.5], "texture": "#0"},
				"east": {"uv": [0, 0, 0.5, 3.5], "texture": "#0"},
				"south": {"uv": [0, 0, 11.5, 16], "texture": "#0"},
				"west": {"uv": [0, 0, 0.5, 3.5], "texture": "#0"},
				"up": {"uv": [0, 0, 2, 0.5], "texture": "#0"},
				"down": {"uv": [0, 0, 2, 0.5], "texture": "#0"}
			}
		},
		{
			"from": [7, 20, 7],
			"to": [9, 21, 8],
			"faces": {
				"north": {"uv": [0, 0, 1, 0.5], "texture": "#2"},
				"east": {"uv": [0, 0, 0.5, 0.5], "texture": "#2"},
				"south": {"uv": [0, 0, 1, 0.5], "texture": "#2"},
				"west": {"uv": [0, 0, 0.5, 0.5], "texture": "#2"},
				"up": {"uv": [0, 0, 1, 0.5], "texture": "#2"},
				"down": {"uv": [0, 0, 1, 0.5], "texture": "#2"}
			}
		},
		{
			"from": [10, 4, 11],
			"to": [12, 5, 12],
			"faces": {
				"north": {"uv": [0, 0, 1, 0.5], "texture": "#2"},
				"east": {"uv": [0, 0, 0.5, 0.5], "texture": "#2"},
				"south": {"uv": [0, 0, 1, 0.5], "texture": "#2"},
				"west": {"uv": [0, 0, 0.5, 0.5], "texture": "#2"},
				"up": {"uv": [0, 0, 1, 0.5], "texture": "#2"},
				"down": {"uv": [0, 0, 1, 0.5], "texture": "#2"}
			}
		},
		{
			"from": [4, 4, 11],
			"to": [6, 5, 12],
			"faces": {
				"north": {"uv": [0, 0, 1, 0.5], "texture": "#2"},
				"east": {"uv": [0, 0, 0.5, 0.5], "texture": "#2"},
				"south": {"uv": [0, 0, 1, 0.5], "texture": "#2"},
				"west": {"uv": [0, 0, 0.5, 0.5], "texture": "#2"},
				"up": {"uv": [0, 0, 1, 0.5], "texture": "#2"},
				"down": {"uv": [0, 0, 1, 0.5], "texture": "#2"}
			}
		},
		{
			"from": [0, 0, 10],
			"to": [1, 12, 11],
			"faces": {
				"north": {"uv": [0, 0, 1.5, 8.5], "texture": "#0"},
				"east": {"uv": [0, 0, 5.5, 9.5], "texture": "#0"},
				"south": {"uv": [0, 0, 2, 8], "texture": "#0"},
				"west": {"uv": [0, 0, 5.5, 10.5], "texture": "#0"},
				"up": {"uv": [0, 0, 7.5, 11], "texture": "#0"},
				"down": {"uv": [0, 0, 8, 10.5], "texture": "#0"}
			}
		},
		{
			"from": [15, 0, 0],
			"to": [16, 12, 1],
			"faces": {
				"north": {"uv": [0, 0, 1.5, 8.5], "texture": "#0"},
				"east": {"uv": [0, 0, 5.5, 9.5], "texture": "#0"},
				"south": {"uv": [0, 0, 2, 8], "texture": "#0"},
				"west": {"uv": [0, 0, 5.5, 10.5], "texture": "#0"},
				"up": {"uv": [0, 0, 7.5, 11], "texture": "#0"},
				"down": {"uv": [0, 0, 8, 10.5], "texture": "#0"}
			}
		},
		{
			"from": [15, 0, 10],
			"to": [16, 12, 11],
			"faces": {
				"north": {"uv": [0, 0, 1.5, 8.5], "texture": "#0"},
				"east": {"uv": [0, 0, 5.5, 9.5], "texture": "#0"},
				"south": {"uv": [0, 0, 2, 8], "texture": "#0"},
				"west": {"uv": [0, 0, 5.5, 10.5], "texture": "#0"},
				"up": {"uv": [0, 0, 7.5, 11], "texture": "#0"},
				"down": {"uv": [0, 0, 8, 10.5], "texture": "#0"}
			}
		},
		{
			"from": [0, 0, 0],
			"to": [1, 12, 1],
			"faces": {
				"north": {"uv": [0, 0, 1.5, 8.5], "texture": "#0"},
				"east": {"uv": [0, 0, 5.5, 9.5], "texture": "#0"},
				"south": {"uv": [0, 0, 2, 8], "texture": "#0"},
				"west": {"uv": [0, 0, 5.5, 10.5], "texture": "#0"},
				"up": {"uv": [0, 0, 7.5, 11], "texture": "#0"},
				"down": {"uv": [0, 0, 8, 10.5], "texture": "#0"}
			}
		},
		{
			"from": [1, 1, 0],
			"to": [15, 2, 1],
			"faces": {
				"north": {"uv": [0, 0, 1.5, 8.5], "rotation": 270, "texture": "#0"},
				"east": {"uv": [0, 0, 5.5, 9.5], "rotation": 90, "texture": "#0"},
				"south": {"uv": [0, 0, 2, 8], "rotation": 90, "texture": "#0"},
				"west": {"uv": [0, 0, 5.5, 10.5], "rotation": 90, "texture": "#0"},
				"up": {"uv": [0, 0, 7.5, 11], "rotation": 90, "texture": "#0"},
				"down": {"uv": [0, 0, 8, 10.5], "rotation": 90, "texture": "#0"}
			}
		},
		{
			"from": [1, 11, 0],
			"to": [15, 12, 1],
			"faces": {
				"north": {"uv": [0, 0, 4.5, 1], "rotation": 270, "texture": "#0"},
				"east": {"uv": [0, 0, 5.5, 9.5], "rotation": 90, "texture": "#0"},
				"south": {"uv": [0, 0, 2, 8], "rotation": 90, "texture": "#0"},
				"west": {"uv": [0, 0, 5.5, 10.5], "rotation": 90, "texture": "#0"},
				"up": {"uv": [0, 0, 7.5, 11], "rotation": 90, "texture": "#0"},
				"down": {"uv": [0, 0, 8, 10.5], "rotation": 90, "texture": "#0"}
			}
		},
		{
			"from": [1, 1, 10],
			"to": [15, 2, 11],
			"faces": {
				"north": {"uv": [0, 0, 1.5, 8.5], "rotation": 270, "texture": "#0"},
				"east": {"uv": [0, 0, 5.5, 9.5], "rotation": 90, "texture": "#0"},
				"south": {"uv": [0, 0, 2.5, 1], "rotation": 90, "texture": "#0"},
				"west": {"uv": [0, 0, 5.5, 10.5], "rotation": 90, "texture": "#0"},
				"up": {"uv": [0, 0, 7.5, 11], "rotation": 90, "texture": "#0"},
				"down": {"uv": [0, 0, 8, 10.5], "rotation": 90, "texture": "#0"}
			}
		},
		{
			"from": [1, 11, 10],
			"to": [15, 12, 11],
			"faces": {
				"north": {"uv": [0, 0, 1.5, 8.5], "rotation": 270, "texture": "#0"},
				"east": {"uv": [0, 0, 5.5, 9.5], "rotation": 90, "texture": "#0"},
				"south": {"uv": [0, 0, 2, 8], "rotation": 90, "texture": "#0"},
				"west": {"uv": [0, 0, 5.5, 10.5], "rotation": 90, "texture": "#0"},
				"up": {"uv": [0, 0, 7.5, 11], "rotation": 90, "texture": "#0"},
				"down": {"uv": [0, 0, 8, 10.5], "rotation": 90, "texture": "#0"}
			}
		},
		{
			"from": [0, 1, 1],
			"to": [1, 2, 10],
			"faces": {
				"north": {"uv": [0, 0, 1.5, 8.5], "rotation": 90, "texture": "#0"},
				"east": {"uv": [0, 0, 5.5, 9.5], "rotation": 270, "texture": "#0"},
				"south": {"uv": [0, 0, 2, 8], "rotation": 90, "texture": "#0"},
				"west": {"uv": [0, 0, 5.5, 10.5], "rotation": 90, "texture": "#0"},
				"up": {"uv": [0, 0, 7.5, 11], "rotation": 180, "texture": "#0"},
				"down": {"uv": [0, 0, 8, 10.5], "texture": "#0"}
			}
		},
		{
			"from": [0, 11, 1],
			"to": [1, 12, 10],
			"faces": {
				"north": {"uv": [0, 0, 1.5, 8.5], "rotation": 90, "texture": "#0"},
				"east": {"uv": [0, 0, 5.5, 9.5], "rotation": 270, "texture": "#0"},
				"south": {"uv": [0, 0, 2, 8], "rotation": 90, "texture": "#0"},
				"west": {"uv": [0, 0, 5.5, 10.5], "rotation": 90, "texture": "#0"},
				"up": {"uv": [0, 0, 7.5, 11], "rotation": 180, "texture": "#0"},
				"down": {"uv": [0, 0, 8, 10.5], "texture": "#0"}
			}
		},
		{
			"from": [15, 1, 1],
			"to": [16, 2, 10],
			"faces": {
				"north": {"uv": [0, 0, 1.5, 8.5], "rotation": 90, "texture": "#0"},
				"east": {"uv": [0, 0, 5.5, 9.5], "rotation": 270, "texture": "#0"},
				"south": {"uv": [0, 0, 2, 8], "rotation": 90, "texture": "#0"},
				"west": {"uv": [0, 0, 5.5, 10.5], "rotation": 90, "texture": "#0"},
				"up": {"uv": [0, 0, 7.5, 11], "rotation": 180, "texture": "#0"},
				"down": {"uv": [0, 0, 8, 10.5], "texture": "#0"}
			}
		},
		{
			"from": [15, 11, 1],
			"to": [16, 12, 10],
			"faces": {
				"north": {"uv": [0, 0, 1.5, 8.5], "rotation": 90, "texture": "#0"},
				"east": {"uv": [0, 0, 5.5, 9.5], "rotation": 270, "texture": "#0"},
				"south": {"uv": [0, 0, 2, 8], "rotation": 90, "texture": "#0"},
				"west": {"uv": [0, 0, 5.5, 10.5], "rotation": 90, "texture": "#0"},
				"up": {"uv": [0, 0, 7.5, 11], "rotation": 180, "texture": "#0"},
				"down": {"uv": [0, 0, 8, 10.5], "texture": "#0"}
			}
		},
		{
			"from": [8, 14, 6],
			"to": [9, 27, 7],
			"faces": {
				"north": {"uv": [0, 0, 14.5, 15], "rotation": 270, "texture": "#0"},
				"east": {"uv": [0, 0, 7, 11], "rotation": 90, "texture": "#0"},
				"south": {"uv": [0, 0, 8, 16], "rotation": 90, "texture": "#0"},
				"west": {"uv": [0, 0, 9, 12.5], "rotation": 90, "texture": "#0"},
				"up": {"uv": [0, 0, 7, 11.5], "rotation": 90, "texture": "#0"},
				"down": {"uv": [0, 0, 5, 11], "rotation": 90, "texture": "#0"}
			}
		},
		{
			"from": [1, 14, 6],
			"to": [2, 27, 7],
			"faces": {
				"north": {"uv": [0, 0, 14.5, 15], "rotation": 270, "texture": "#0"},
				"east": {"uv": [0, 0, 7, 11], "rotation": 90, "texture": "#0"},
				"south": {"uv": [0, 0, 8, 16], "rotation": 90, "texture": "#0"},
				"west": {"uv": [0, 0, 9, 12.5], "rotation": 90, "texture": "#0"},
				"up": {"uv": [0, 0, 7, 11.5], "rotation": 90, "texture": "#0"},
				"down": {"uv": [0, 0, 5, 11], "rotation": 90, "texture": "#0"}
			}
		},
		{
			"from": [14, 14, 6],
			"to": [15, 27, 7],
			"faces": {
				"north": {"uv": [0, 0, 14.5, 15], "rotation": 270, "texture": "#0"},
				"east": {"uv": [0, 0, 7, 11], "rotation": 90, "texture": "#0"},
				"south": {"uv": [0, 0, 8, 16], "rotation": 90, "texture": "#0"},
				"west": {"uv": [0, 0, 9, 12.5], "rotation": 90, "texture": "#0"},
				"up": {"uv": [0, 0, 7, 11.5], "rotation": 90, "texture": "#0"},
				"down": {"uv": [0, 0, 5, 11], "rotation": 90, "texture": "#0"}
			}
		},
		{
			"from": [7, 14, 6],
			"to": [8, 27, 7],
			"faces": {
				"north": {"uv": [0, 0, 14.5, 15], "rotation": 270, "texture": "#0"},
				"east": {"uv": [0, 0, 7, 11], "rotation": 90, "texture": "#0"},
				"south": {"uv": [8, 0, 16, 16], "rotation": 90, "texture": "#0"},
				"west": {"uv": [0, 0, 9, 12.5], "rotation": 90, "texture": "#0"},
				"up": {"uv": [0, 0, 7, 11.5], "rotation": 90, "texture": "#0"},
				"down": {"uv": [0, 0, 5, 11], "rotation": 90, "texture": "#0"}
			}
		},
		{
			"from": [1, 27, 6],
			"to": [15, 28, 7],
			"faces": {
				"north": {"uv": [0, 0, 14.5, 15], "texture": "#0"},
				"east": {"uv": [0, 0, 7, 11], "texture": "#0"},
				"south": {"uv": [0, 0, 16, 2.5], "texture": "#0"},
				"west": {"uv": [0, 0, 9, 12.5], "texture": "#0"},
				"up": {"uv": [0, 0, 7, 11.5], "texture": "#0"},
				"down": {"uv": [0, 0, 5, 11], "texture": "#0"}
			}
		},
		{
			"from": [1, 13, 6],
			"to": [15, 14, 7],
			"faces": {
				"north": {"uv": [0, 0, 14.5, 15], "texture": "#0"},
				"east": {"uv": [0, 0, 7, 11], "texture": "#0"},
				"south": {"uv": [0, 0, 16, 3], "texture": "#0"},
				"west": {"uv": [0, 0, 9, 12.5], "texture": "#0"},
				"up": {"uv": [0, 0, 7, 11.5], "texture": "#0"},
				"down": {"uv": [0, 0, 5, 11], "texture": "#0"}
			}
		},
		{
			"from": [1, 13, 1],
			"to": [15, 31, 1],
			"faces": {
				"north": {"uv": [0, 0, 7, 9], "texture": "#0"},
				"east": {"uv": [0, 0, 0, 9], "texture": "#0"},
				"south": {"uv": [0, 0, 7, 9], "texture": "#0"},
				"west": {"uv": [0, 0, 0, 9], "texture": "#0"},
				"up": {"uv": [0, 0, 0, 7], "rotation": 270, "texture": "#0"},
				"down": {"uv": [0, 0, 0, 7], "rotation": 90, "texture": "#0"}
			}
		},
		{
			"from": [0, 12, 0],
			"to": [16, 13, 12],
			"faces": {
				"north": {"uv": [0, 0, 16, 1], "texture": "#0"},
				"east": {"uv": [0, 0, 6, 0.5], "texture": "#0"},
				"south": {"uv": [0, 0, 8, 0.5], "texture": "#0"},
				"west": {"uv": [0, 0, 4, 1], "texture": "#0"},
				"up": {"uv": [0, 0, 16, 16], "texture": "#0"},
				"down": {"uv": [0, 0, 8, 6], "texture": "#0"}
			}
		},
		{
			"from": [0, 28, 7],
			"to": [16, 31, 8],
			"faces": {
				"north": {"uv": [0, 0, 16, 15.5], "texture": "#1"},
				"east": {"uv": [0, 0, 0.5, 1.5], "texture": "#1"},
				"south": {"uv": [0, 0, 15.5, 7.5], "texture": "#1"},
				"west": {"uv": [0, 0, 0.5, 1.5], "texture": "#1"},
				"up": {"uv": [0, 0, 8, 0.5], "texture": "#1"},
				"down": {"uv": [0, 0, 8, 0.5], "texture": "#1"}
			}
		},
		{
			"from": [0, 13, 1],
			"to": [1, 31, 6],
			"faces": {
				"north": {"uv": [0, 0, 11.5, 14.5], "texture": "#1"},
				"east": {"uv": [0, 0, 15.5, 15.5], "texture": "#1"},
				"south": {"uv": [0, 0, 10, 12.5], "texture": "#1"},
				"west": {"uv": [0, 0, 7.5, 16], "texture": "#1"},
				"up": {"uv": [0, 0, 0.5, 2.5], "texture": "#1"},
				"down": {"uv": [0, 0, 0.5, 2.5], "texture": "#1"}
			}
		},
		{
			"from": [15, 13, 1],
			"to": [16, 31, 6],
			"faces": {
				"north": {"uv": [0, 0, 0.5, 9], "texture": "#1"},
				"east": {"uv": [0, 0, 7, 15.5], "texture": "#1"},
				"south": {"uv": [0, 0, 0.5, 9], "texture": "#1"},
				"west": {"uv": [0, 0, 15.5, 15.5], "texture": "#1"},
				"up": {"uv": [0, 0, 0.5, 2.5], "texture": "#1"},
				"down": {"uv": [0, 0, 0.5, 2.5], "texture": "#1"}
			}
		},
		{
			"from": [0, 13, 0],
			"to": [1, 31, 1],
			"faces": {
				"north": {"uv": [0, 0, 4, 16], "texture": "#0"},
				"east": {"uv": [0, 0, 0.5, 9], "texture": "#0"},
				"south": {"uv": [0, 0, 0.5, 9], "texture": "#0"},
				"west": {"uv": [0, 0, 8, 15.5], "texture": "#0"},
				"up": {"uv": [0, 0, 0.5, 0.5], "texture": "#0"},
				"down": {"uv": [0, 0, 0.5, 0.5], "texture": "#0"}
			}
		},
		{
			"from": [15, 13, 0],
			"to": [16, 31, 1],
			"faces": {
				"north": {"uv": [0, 0, 4, 14], "texture": "#0"},
				"east": {"uv": [0, 0, 2, 16], "texture": "#0"},
				"south": {"uv": [0, 0, 0.5, 9], "texture": "#0"},
				"west": {"uv": [0, 0, 0.5, 9], "texture": "#0"},
				"up": {"uv": [0, 0, 0.5, 0.5], "texture": "#0"},
				"down": {"uv": [0, 0, 0.5, 0.5], "texture": "#0"}
			}
		},
		{
			"from": [15, 13, 6],
			"to": [16, 31, 7],
			"faces": {
				"north": {"uv": [0, 0, 0.5, 9], "texture": "#0"},
				"east": {"uv": [0, 0, 4, 16], "texture": "#0"},
				"south": {"uv": [0, 0, 11, 15.5], "texture": "#0"},
				"west": {"uv": [0, 0, 0.5, 9], "texture": "#0"},
				"up": {"uv": [0, 0, 0.5, 0.5], "texture": "#0"},
				"down": {"uv": [0, 0, 0.5, 0.5], "texture": "#0"}
			}
		},
		{
			"from": [0, 13, 6],
			"to": [1, 31, 7],
			"faces": {
				"north": {"uv": [0, 0, 0.5, 9], "texture": "#0"},
				"east": {"uv": [0, 0, 0.5, 9], "texture": "#0"},
				"south": {"uv": [0, 0, 7, 16], "texture": "#0"},
				"west": {"uv": [0, 0, 8.5, 15.5], "texture": "#0"},
				"up": {"uv": [0, 0, 0.5, 0.5], "texture": "#0"},
				"down": {"uv": [0, 0, 0.5, 0.5], "texture": "#0"}
			}
		},
		{
			"from": [1, 13, 0],
			"to": [15, 31, 0],
			"faces": {
				"north": {"uv": [0, 0, 7, 15.5], "texture": "#1"},
				"east": {"uv": [0, 0, 0, 9], "texture": "#1"},
				"south": {"uv": [0, 0, 7, 9], "texture": "#1"},
				"west": {"uv": [0, 0, 0, 9], "texture": "#1"},
				"up": {"uv": [0, 0, 0, 7], "rotation": 270, "texture": "#1"},
				"down": {"uv": [0, 0, 0, 7], "rotation": 90, "texture": "#1"}
			}
		},
		{
			"from": [2, 14, 7],
			"to": [7, 27, 7],
			"faces": {
				"north": {"uv": [0, 0, 2.5, 6.5], "texture": "#3"},
				"east": {"uv": [0, 0, 0.5, 6.5], "texture": "#3"},
				"south": {"uv": [0, 0, 15.5, 15.5], "texture": "#3"},
				"west": {"uv": [0, 0, 0.5, 6.5], "texture": "#3"},
				"up": {"uv": [0, 0, 2.5, 0.5], "texture": "#3"},
				"down": {"uv": [0, 0, 2.5, 0.5], "texture": "#3"}
			}
		},
		{
			"from": [9, 14, 7],
			"to": [14, 27, 7],
			"faces": {
				"north": {"uv": [0, 0, 2.5, 6.5], "texture": "#3"},
				"east": {"uv": [0, 0, 0.5, 6.5], "texture": "#3"},
				"south": {"uv": [0, 0, 15.5, 15.5], "texture": "#3"},
				"west": {"uv": [0, 0, 0.5, 6.5], "texture": "#3"},
				"up": {"uv": [0, 0, 2.5, 0.5], "texture": "#3"},
				"down": {"uv": [0, 0, 2.5, 0.5], "texture": "#3"}
			}
		}
	],
	"display": {
		"thirdperson_righthand": {
			"scale": [0.38, 0.38, 0.38]
		},
		"thirdperson_lefthand": {
			"scale": [0.38, 0.38, 0.38]
		},
		"firstperson_righthand": {
			"scale": [0.25, 0.25, 0.25]
		},
		"firstperson_lefthand": {
			"scale": [0.25, 0.25, 0.25]
		},
		"ground": {
			"scale": [0.23, 0.23, 0.23]
		},
		"gui": {
			"rotation": [-13, -41, 0],
			"translation": [-1.5, -3.75, 0],
			"scale": [0.45, 0.45, 0.45]
		},
		"fixed": {
			"rotation": [-90, -180, 0],
			"translation": [16, -6.5, -22],
			"scale": [3.8, 3, 2.8]
		}
	},
	"groups": [0, 1, 2, 3, 4, 5, 6, 7, 8, 9, 10,
		{
			"name": "madera",
			"origin": [8, 8, 8],
			"color": 0,
			"children": [11, 12, 13, 14, 15, 16, 17, 18, 19, 20, 21, 22, 23, 24, 25, 26, 27, 28, 29, 30]
		}, 31, 32, 33, 34, 35, 36, 37, 38, 39, 40]
}