{
	"credit": "Made with Blockbench",
	"texture_size": [32, 32],
	"textures": {
		"0": "furniture/blocks/log_dark_side",
		"1": "furniture/blocks/plank_dark",
		"2": "furniture/blocks/abandoned",
		"particle": "cupboard/log_dark_side"
	},
	"elements": [
		{
			"from": [4, 1, 0],
			"to": [12, 3, 16],
			"faces": {
				"north": {"uv": [0, 5.5, 16, 12.5], "texture": "#0"},
				"east": {"uv": [0, 8, 16, 12], "texture": "#0"},
				"south": {"uv": [0, 12, 16, 14.5], "texture": "#0"},
				"west": {"uv": [0, 8, 16, 13.5], "texture": "#0"},
				"up": {"uv": [0, 0, 16, 16], "texture": "#0"},
				"down": {"uv": [0, 0, 16, 16], "texture": "#0"}
			}
		},
		{
			"from": [4, 22, 0],
			"to": [12, 24, 16],
			"faces": {
				"north": {"uv": [0, 11.5, 16, 15.5], "texture": "#0"},
				"east": {"uv": [2, 0, 15.5, 3], "texture": "#0"},
				"south": {"uv": [0, 7, 16, 9], "texture": "#0"},
				"west": {"uv": [0, 0, 8, 1], "texture": "#0"},
				"up": {"uv": [0, 0, 16, 16], "texture": "#0"},
				"down": {"uv": [0, 0, 4, 8], "texture": "#0"}
			}
		},
		{
			"from": [4, 0, 15],
			"to": [5, 1, 16],
			"faces": {
				"north": {"uv": [0, 0, 8, 8], "texture": "#0"},
				"east": {"uv": [0, 0, 8, 8], "texture": "#0"},
				"south": {"uv": [0, 0, 8, 8], "texture": "#0"},
				"west": {"uv": [0, 0, 8, 8], "texture": "#0"},
				"up": {"uv": [0, 0, 8, 8], "texture": "#0"},
				"down": {"uv": [0, 0, 8, 8], "texture": "#0"}
			}
		},
		{
			"from": [4, 0, 0],
			"to": [5, 1, 1],
			"faces": {
				"north": {"uv": [0, 0, 8, 8], "texture": "#0"},
				"east": {"uv": [0, 0, 8, 8], "texture": "#0"},
				"south": {"uv": [0, 0, 8, 8], "texture": "#0"},
				"west": {"uv": [0, 0, 8, 8], "texture": "#0"},
				"up": {"uv": [0, 0, 8, 8], "texture": "#0"},
				"down": {"uv": [0, 0, 8, 8], "texture": "#0"}
			}
		},
		{
			"from": [11, 0, 0],
			"to": [12, 1, 1],
			"faces": {
				"north": {"uv": [0, 0, 8, 8], "texture": "#0"},
				"east": {"uv": [0, 0, 8, 8], "texture": "#0"},
				"south": {"uv": [0, 0, 8, 8], "texture": "#0"},
				"west": {"uv": [0, 0, 8, 8], "texture": "#0"},
				"up": {"uv": [0, 0, 8, 8], "texture": "#0"},
				"down": {"uv": [0, 0, 8, 8], "texture": "#0"}
			}
		},
		{
			"from": [11, 0, 15],
			"to": [12, 1, 16],
			"faces": {
				"north": {"uv": [0, 0, 8, 8], "texture": "#0"},
				"east": {"uv": [0, 0, 8, 8], "texture": "#0"},
				"south": {"uv": [0, 0, 8, 8], "texture": "#0"},
				"west": {"uv": [0, 0, 8, 8], "texture": "#0"},
				"up": {"uv": [0, 0, 8, 8], "texture": "#0"},
				"down": {"uv": [0, 0, 8, 8], "texture": "#0"}
			}
		},
		{
			"from": [4, 3, 0],
			"to": [12, 22, 1],
			"faces": {
				"north": {"uv": [0, 0, 16, 16], "texture": "#0"},
				"east": {"uv": [0, 0, 8, 16], "texture": "#0"},
				"south": {"uv": [0, 0, 16, 16], "texture": "#0"},
				"west": {"uv": [0, 0, 8, 16], "texture": "#0"},
				"up": {"uv": [0, 0, 4, 0.5], "texture": "#0"},
				"down": {"uv": [0, 0, 4, 0.5], "texture": "#0"}
			}
		},
		{
			"from": [4, 3, 15],
			"to": [12, 22, 16],
			"faces": {
				"north": {"uv": [0, 0, 16, 16], "texture": "#0"},
				"east": {"uv": [0, 0, 7.5, 16], "texture": "#0"},
				"south": {"uv": [0, 0, 16, 16], "texture": "#0"},
				"west": {"uv": [0, 0, 8, 16], "texture": "#0"},
				"up": {"uv": [0, 0, 4, 0.5], "texture": "#0"},
				"down": {"uv": [0, 0, 4, 0.5], "texture": "#0"}
			}
		},
		{
			"from": [11, 3, 1],
			"to": [12, 22, 15],
			"faces": {
				"north": {"uv": [0, 0, 0.5, 9.5], "texture": "#0"},
				"east": {"uv": [0, 3, 16, 16], "texture": "#0"},
				"south": {"uv": [0, 0, 0.5, 9.5], "texture": "#0"},
				"west": {"uv": [0, 0, 7, 9.5], "texture": "#0"},
				"up": {"uv": [0, 0, 0.5, 7], "texture": "#0"},
				"down": {"uv": [0, 0, 0.5, 7], "texture": "#0"}
			}
		},
		{
			"from": [5, 15, 1],
			"to": [11, 16, 15],
			"faces": {
				"north": {"uv": [0, 0, 3, 0.5], "texture": "#1"},
				"east": {"uv": [0, 0, 7, 0.5], "texture": "#1"},
				"south": {"uv": [0, 0, 3, 0.5], "texture": "#1"},
				"west": {"uv": [0, 0, 16, 6.5], "texture": "#1"},
				"up": {"uv": [0, 0, 16, 16], "texture": "#1"},
				"down": {"uv": [0, 0, 16, 16], "texture": "#1"}
			}
		},
		{
			"from": [5, 21, 1],
			"to": [11, 22, 15],
			"faces": {
				"north": {"uv": [0, 0, 3, 0.5], "texture": "#1"},
				"east": {"uv": [0, 0, 7, 0.5], "texture": "#1"},
				"south": {"uv": [0, 0, 3, 0.5], "texture": "#1"},
				"west": {"uv": [0, 0, 16, 6.5], "texture": "#1"},
				"up": {"uv": [0, 0, 16, 16], "texture": "#1"},
				"down": {"uv": [0, 0, 16, 16], "texture": "#1"}
			}
		},
		{
			"from": [5, 9, 1],
			"to": [11, 10, 15],
			"faces": {
				"north": {"uv": [0, 0, 3, 0.5], "texture": "#1"},
				"east": {"uv": [0, 0, 7, 0.5], "texture": "#1"},
				"south": {"uv": [0, 0, 3, 0.5], "texture": "#1"},
				"west": {"uv": [0, 0, 16, 6.5], "texture": "#1"},
				"up": {"uv": [0, 0, 16, 16], "texture": "#1"},
				"down": {"uv": [0, 0, 16, 16], "texture": "#1"}
			}
		},
		{
			"from": [5, 3, 1],
			"to": [11, 4, 15],
			"faces": {
				"north": {"uv": [0, 0, 3, 0.5], "texture": "#1"},
				"east": {"uv": [0, 0, 7, 0.5], "texture": "#1"},
				"south": {"uv": [0, 0, 3, 0.5], "texture": "#1"},
				"west": {"uv": [0, 0, 16, 6.5], "texture": "#1"},
				"up": {"uv": [0, 0, 16, 16], "texture": "#1"},
				"down": {"uv": [0, 0, 16, 16], "texture": "#1"}
			}
		},
		{
			"from": [6, 4, 1],
			"to": [10, 9, 15],
			"faces": {
				"north": {"uv": [0.5, 0.5, 1.5, 3.5], "texture": "#2"},
				"east": {"uv": [0.5, 0.5, 7.5, 1], "texture": "#2"},
				"south": {"uv": [6.5, 0.5, 7.5, 3.5], "texture": "#2"},
				"west": {"uv": [9, 8.5, 15.5, 11.5], "texture": "#2"},
				"up": {"uv": [1, 0.5, 7.5, 1], "texture": "#2"},
				"down": {"uv": [0.5, 0.5, 7.5, 1], "texture": "#2"}
			}
		},
		{
			"from": [6, 10, 1],
			"to": [10, 15, 15],
			"faces": {
				"north": {"uv": [0.5, 0.5, 1.5, 3.5], "texture": "#2"},
				"east": {"uv": [0.5, 0.5, 7.5, 1], "texture": "#2"},
				"south": {"uv": [2, 0.5, 3, 3.5], "texture": "#2"},
				"west": {"uv": [4.5, 12.5, 15.5, 15.5], "texture": "#2"},
				"up": {"uv": [1, 0.5, 7.5, 1], "texture": "#2"},
				"down": {"uv": [0.5, 0.5, 7.5, 1], "texture": "#2"}
			}
		},
		{
			"from": [6, 16, 1],
			"to": [10, 21, 15],
			"faces": {
				"north": {"uv": [0.5, 0.5, 1.5, 3.5], "texture": "#2"},
				"east": {"uv": [0.5, 0.5, 7.5, 1], "texture": "#2"},
				"south": {"uv": [2, 0.5, 3, 3.5], "texture": "#2"},
				"west": {"uv": [0.5, 0.5, 7.5, 3.5], "texture": "#2"},
				"up": {"uv": [1, 0.5, 7.5, 1], "texture": "#2"},
				"down": {"uv": [0.5, 0.5, 7.5, 1], "texture": "#2"}
			}
		}
	],
	"display": {
		"thirdperson_righthand": {
			"scale": [0.3, 0.3, 0.3]
		},
		"thirdperson_lefthand": {
			"scale": [0.3, 0.3, 0.3]
		},
		"firstperson_righthand": {
			"translation": [2.75, 0, 0],
			"scale": [0.3, 0.3, 0.3]
		},
		"firstperson_lefthand": {
			"translation": [-2.75, 0, 0],
			"scale": [0.3, 0.3, 0.3]
		},
		"ground": {
			"scale": [0.4, 0.4, 0.4]
		},
		"gui": {
			"rotation": [-16, 51, 0],
			"translation": [0, -2.25, 0],
			"scale": [0.6, 0.6, 0.6]
		},
		"fixed": {
			"rotation": [-90, -90, 0],
			"translation": [-16, -0.25, -31],
			"scale": [4, 4, 3.92]
		}
	}
}