{
	"credit": "Made with Blockbench",
	"texture_size": [32, 32],
	"textures": {
		"1": "furniture/blocks/green_wool",
		"2": "furniture/blocks/barrel_side",
		"3": "furniture/blocks/black",
		"particle": "block/black"
	},
	"elements": [
		{
			"from": [0, 8, -7],
			"to": [17, 9, 23],
			"faces": {
				"north": {"uv": [12, 9, 16, 13], "texture": "#2"},
				"east": {"uv": [12.5, 9.5, 16, 13.5], "texture": "#2"},
				"south": {"uv": [11, 9, 15.5, 13], "texture": "#2"},
				"west": {"uv": [11, 9.5, 16, 12.5], "texture": "#2"},
				"up": {"uv": [13, 8.5, 16, 13], "texture": "#2"},
				"down": {"uv": [0, 5, 16, 11], "texture": "#2"}
			}
		},
		{
			"from": [2, 9, 22],
			"to": [15, 12, 24],
			"faces": {
				"north": {"uv": [0, 3, 16, 5], "texture": "#2"},
				"east": {"uv": [0, 3, 2, 5], "texture": "#2"},
				"south": {"uv": [0, 3, 16, 5], "texture": "#2"},
				"west": {"uv": [0, 3, 1.5, 5], "texture": "#2"},
				"up": {"uv": [0, 3, 16, 5], "texture": "#2"},
				"down": {"uv": [0, 3, 16, 5], "texture": "#2"}
			}
		},
		{
			"from": [2, 9, -8],
			"to": [15, 12, -6],
			"faces": {
				"north": {"uv": [0, 3, 16, 5], "texture": "#2"},
				"east": {"uv": [0, 3, 2, 5], "texture": "#2"},
				"south": {"uv": [0, 3, 16, 5], "texture": "#2"},
				"west": {"uv": [0, 3, 1.5, 5], "texture": "#2"},
				"up": {"uv": [0, 3, 16, 5], "texture": "#2"},
				"down": {"uv": [0, 3, 16, 5], "texture": "#2"}
			}
		},
		{
			"from": [16, 9, -5],
			"to": [18, 12, 7],
			"faces": {
				"north": {"uv": [7, 3, 8, 4.5], "texture": "#2"},
				"east": {"uv": [0, 3, 16, 5], "texture": "#2"},
				"south": {"uv": [0, 0, 1, 1.5], "texture": "#2"},
				"west": {"uv": [0, 3, 16, 5], "texture": "#2"},
				"up": {"uv": [0, 3, 16, 5], "rotation": 90, "texture": "#2"},
				"down": {"uv": [0, 3, 16, 5], "rotation": 270, "texture": "#2"}
			}
		},
		{
			"from": [-1, 9, -5],
			"to": [1, 12, 7],
			"faces": {
				"north": {"uv": [7, 3, 8, 4.5], "texture": "#2"},
				"east": {"uv": [0, 3, 16, 5], "texture": "#2"},
				"south": {"uv": [0, 0, 1, 1.5], "texture": "#2"},
				"west": {"uv": [0, 3, 16, 5], "texture": "#2"},
				"up": {"uv": [0, 3, 16, 5], "rotation": 90, "texture": "#2"},
				"down": {"uv": [0, 3, 16, 5], "rotation": 270, "texture": "#2"}
			}
		},
		{
			"from": [17, 9, -8],
			"to": [18, 12, -5],
			"faces": {
				"north": {"uv": [7, 3, 8, 4.5], "texture": "#2"},
				"east": {"uv": [0, 3, 3.5, 5], "texture": "#2"},
				"south": {"uv": [0, 0, 1, 1.5], "texture": "#2"},
				"west": {"uv": [0, 3, 16, 5], "texture": "#2"},
				"up": {"uv": [0, 3, 16, 5], "rotation": 90, "texture": "#2"},
				"down": {"uv": [0, 3, 16, 5], "rotation": 270, "texture": "#2"}
			}
		},
		{
			"from": [-1, 9, -8],
			"to": [0, 12, -5],
			"faces": {
				"north": {"uv": [7, 3, 8, 4.5], "texture": "#2"},
				"east": {"uv": [0, 3, 3.5, 5], "texture": "#2"},
				"south": {"uv": [0, 0, 1, 1.5], "texture": "#2"},
				"west": {"uv": [0, 3, 2.5, 5], "texture": "#2"},
				"up": {"uv": [0, 3, 16, 5], "rotation": 90, "texture": "#2"},
				"down": {"uv": [0, 3, 16, 5], "rotation": 270, "texture": "#2"}
			}
		},
		{
			"from": [17, 9, 21],
			"to": [18, 12, 24],
			"faces": {
				"north": {"uv": [7, 3, 8, 4.5], "texture": "#2"},
				"east": {"uv": [0, 3, 3.5, 5], "texture": "#2"},
				"south": {"uv": [0, 3, 3, 5], "texture": "#2"},
				"west": {"uv": [0, 3, 16, 5], "texture": "#2"},
				"up": {"uv": [0, 3, 16, 5], "rotation": 90, "texture": "#2"},
				"down": {"uv": [0, 3, 16, 5], "rotation": 270, "texture": "#2"}
			}
		},
		{
			"from": [-1, 9, 21],
			"to": [0, 12, 24],
			"faces": {
				"north": {"uv": [7, 3, 8, 4.5], "texture": "#2"},
				"east": {"uv": [0, 3, 3.5, 5], "texture": "#2"},
				"south": {"uv": [0, 3, 3, 5], "texture": "#2"},
				"west": {"uv": [0, 3, 3, 5], "texture": "#2"},
				"up": {"uv": [0, 3, 16, 5], "rotation": 90, "texture": "#2"},
				"down": {"uv": [0, 3, 16, 5], "rotation": 270, "texture": "#2"}
			}
		},
		{
			"from": [17, 9, 7],
			"to": [18, 12, 9],
			"faces": {
				"north": {"uv": [7, 3, 8, 4.5], "texture": "#2"},
				"east": {"uv": [0, 3, 3.5, 5], "texture": "#2"},
				"south": {"uv": [0, 0, 1, 1.5], "texture": "#2"},
				"west": {"uv": [0, 3, 16, 5], "texture": "#2"},
				"up": {"uv": [0, 3, 16, 5], "rotation": 90, "texture": "#2"},
				"down": {"uv": [0, 3, 16, 5], "rotation": 270, "texture": "#2"}
			}
		},
		{
			"from": [-1, 9, 7],
			"to": [0, 12, 9],
			"faces": {
				"north": {"uv": [7, 3, 8, 4.5], "texture": "#2"},
				"east": {"uv": [0, 3, 3.5, 5], "texture": "#2"},
				"south": {"uv": [0, 0, 1, 1.5], "texture": "#2"},
				"west": {"uv": [0, 3, 16, 5], "texture": "#2"},
				"up": {"uv": [0, 3, 16, 5], "rotation": 90, "texture": "#2"},
				"down": {"uv": [0, 3, 16, 5], "rotation": 270, "texture": "#2"}
			}
		},
		{
			"from": [15, 9, -8],
			"to": [17, 12, -7],
			"faces": {
				"north": {"uv": [14, 3, 16, 5], "texture": "#2"},
				"east": {"uv": [12, 3, 15, 5], "texture": "#2"},
				"south": {"uv": [0, 3, 16, 5], "texture": "#2"},
				"west": {"uv": [7, 3, 8, 4.5], "texture": "#2"},
				"up": {"uv": [0, 3, 16, 5], "texture": "#2"},
				"down": {"uv": [0, 3, 16, 5], "texture": "#2"}
			}
		},
		{
			"from": [0, 9, -8],
			"to": [2, 12, -7],
			"faces": {
				"north": {"uv": [14, 3, 16, 5], "texture": "#2"},
				"east": {"uv": [12, 3, 15, 5], "texture": "#2"},
				"south": {"uv": [0, 3, 16, 5], "texture": "#2"},
				"west": {"uv": [7, 3, 8, 4.5], "texture": "#2"},
				"up": {"uv": [0, 3, 16, 5], "texture": "#2"},
				"down": {"uv": [0, 3, 16, 5], "texture": "#2"}
			}
		},
		{
			"from": [15, 9, 23],
			"to": [17, 12, 24],
			"faces": {
				"north": {"uv": [14, 3, 16, 5], "texture": "#2"},
				"east": {"uv": [12, 3, 15, 5], "texture": "#2"},
				"south": {"uv": [0, 3, 1.5, 5], "texture": "#2"},
				"west": {"uv": [7, 3, 8, 4.5], "texture": "#2"},
				"up": {"uv": [0, 3, 16, 5], "texture": "#2"},
				"down": {"uv": [0, 3, 16, 5], "texture": "#2"}
			}
		},
		{
			"from": [0, 9, 23],
			"to": [2, 12, 24],
			"faces": {
				"north": {"uv": [14, 3, 16, 5], "texture": "#2"},
				"east": {"uv": [12, 3, 15, 5], "texture": "#2"},
				"south": {"uv": [0, 3, 1.5, 5], "texture": "#2"},
				"west": {"uv": [7, 3, 8, 4.5], "texture": "#2"},
				"up": {"uv": [0, 3, 16, 5], "texture": "#2"},
				"down": {"uv": [0, 3, 16, 5], "texture": "#2"}
			}
		},
		{
			"from": [16, 9, 9],
			"to": [18, 12, 21],
			"faces": {
				"north": {"uv": [0, 0, 1, 1.5], "texture": "#2"},
				"east": {"uv": [0, 3, 16, 5], "texture": "#2"},
				"south": {"uv": [5, 3.5, 6, 5], "texture": "#2"},
				"west": {"uv": [0, 3, 16, 5], "texture": "#2"},
				"up": {"uv": [0, 3, 16, 5], "rotation": 90, "texture": "#2"},
				"down": {"uv": [0, 3, 16, 5], "rotation": 270, "texture": "#2"}
			}
		},
		{
			"from": [-1, 9, 9],
			"to": [1, 12, 21],
			"faces": {
				"north": {"uv": [0, 0, 1, 1.5], "texture": "#2"},
				"east": {"uv": [0, 3, 16, 5], "texture": "#2"},
				"south": {"uv": [5, 3.5, 6, 5], "texture": "#2"},
				"west": {"uv": [0, 3, 16, 5], "texture": "#2"},
				"up": {"uv": [0, 3, 16, 5], "rotation": 90, "texture": "#2"},
				"down": {"uv": [0, 3, 16, 5], "rotation": 270, "texture": "#2"}
			}
		},
		{
			"from": [0, 9, -6],
			"to": [17, 11, 22],
			"faces": {
				"north": {"uv": [0, 0, 8.5, 1], "texture": "#1"},
				"east": {"uv": [0, 0, 14, 1], "texture": "#1"},
				"south": {"uv": [0, 0, 8.5, 1], "texture": "#1"},
				"west": {"uv": [0, 0, 14, 1], "texture": "#1"},
				"up": {"uv": [0, 1, 16, 15], "rotation": 90, "texture": "#1"},
				"down": {"uv": [0, 0, 14, 8.5], "rotation": 270, "texture": "#1"}
			}
		},
		{
			"from": [14, 0, -6],
			"to": [16, 7, -4],
			"faces": {
				"north": {"uv": [0, 5, 6, 11], "texture": "#2"},
				"east": {"uv": [0, 5, 6, 11], "texture": "#2"},
				"south": {"uv": [0, 5, 6, 11], "texture": "#2"},
				"west": {"uv": [0, 5, 6, 11], "texture": "#2"},
				"up": {"uv": [0, 0, 1, 1], "texture": "#2"},
				"down": {"uv": [0, 0, 1, 1], "texture": "#2"}
			}
		},
		{
			"from": [1, 1, -6],
			"to": [3, 7, -4],
			"faces": {
				"north": {"uv": [0, 5, 6, 11], "texture": "#2"},
				"east": {"uv": [0, 5, 6, 11], "texture": "#2"},
				"south": {"uv": [0, 5, 6, 11], "texture": "#2"},
				"west": {"uv": [0, 5, 6, 11], "texture": "#2"},
				"up": {"uv": [0, 0, 1, 1], "texture": "#2"},
				"down": {"uv": [0, 0, 1, 1], "texture": "#2"}
			}
		},
		{
			"from": [0, 0, -7],
			"to": [4, 1, -3],
			"faces": {
				"north": {"uv": [0, 5, 6, 11], "texture": "#2"},
				"east": {"uv": [0, 5, 6, 11], "texture": "#2"},
				"south": {"uv": [0, 5, 6, 11], "texture": "#2"},
				"west": {"uv": [0, 5, 6, 11], "texture": "#2"},
				"up": {"uv": [0, 5, 6, 11], "texture": "#2"},
				"down": {"uv": [0, 5, 6, 11], "texture": "#2"}
			}
		},
		{
			"from": [0, 0, 19],
			"to": [4, 1, 23],
			"faces": {
				"north": {"uv": [0, 5, 6, 11], "texture": "#2"},
				"east": {"uv": [0, 5, 6, 11], "texture": "#2"},
				"south": {"uv": [0, 5, 6, 11], "texture": "#2"},
				"west": {"uv": [0, 5, 6, 11], "texture": "#2"},
				"up": {"uv": [0, 5, 6, 11], "texture": "#2"},
				"down": {"uv": [0, 5, 6, 11], "texture": "#2"}
			}
		},
		{
			"from": [13, 0, 19],
			"to": [17, 1, 23],
			"faces": {
				"north": {"uv": [0, 5, 6, 11], "texture": "#2"},
				"east": {"uv": [0, 5, 6, 11], "texture": "#2"},
				"south": {"uv": [0, 5, 6, 11], "texture": "#2"},
				"west": {"uv": [0, 5, 6, 11], "texture": "#2"},
				"up": {"uv": [0, 5, 6, 11], "texture": "#2"},
				"down": {"uv": [0, 5, 6, 11], "texture": "#2"}
			}
		},
		{
			"from": [13, 0, -7],
			"to": [17, 1, -3],
			"faces": {
				"north": {"uv": [0, 5, 6, 11], "texture": "#2"},
				"east": {"uv": [0, 5, 6, 11], "texture": "#2"},
				"south": {"uv": [0, 5, 6, 11], "texture": "#2"},
				"west": {"uv": [0, 5, 6, 11], "texture": "#2"},
				"up": {"uv": [0, 5, 6, 11], "texture": "#2"},
				"down": {"uv": [0, 5, 6, 11], "texture": "#2"}
			}
		},
		{
			"from": [1, 1, 20],
			"to": [3, 7, 22],
			"faces": {
				"north": {"uv": [0, 5, 6, 11], "texture": "#2"},
				"east": {"uv": [0, 5, 6, 11], "texture": "#2"},
				"south": {"uv": [0, 5, 6, 11], "texture": "#2"},
				"west": {"uv": [0, 5, 6, 11], "texture": "#2"},
				"up": {"uv": [0, 0, 1, 1], "texture": "#2"},
				"down": {"uv": [0, 0, 1, 1], "texture": "#2"}
			}
		},
		{
			"from": [14, 1, 20],
			"to": [16, 7, 22],
			"faces": {
				"north": {"uv": [0, 5, 6, 11], "texture": "#2"},
				"east": {"uv": [0, 5, 6, 11], "texture": "#2"},
				"south": {"uv": [0, 5, 6, 11], "texture": "#2"},
				"west": {"uv": [0, 5, 6, 11], "texture": "#2"},
				"up": {"uv": [0, 0, 1, 1], "texture": "#2"},
				"down": {"uv": [0, 0, 1, 1], "texture": "#2"}
			}
		},
		{
			"from": [0, 7, -7],
			"to": [4, 8, -3],
			"faces": {
				"north": {"uv": [0, 3, 16, 5], "texture": "#2"},
				"east": {"uv": [0, 3, 16, 5], "texture": "#2"},
				"south": {"uv": [0, 3, 16, 5], "texture": "#2"},
				"west": {"uv": [0, 3, 16, 5], "texture": "#2"},
				"up": {"uv": [0, 0, 2, 2], "texture": "#2"},
				"down": {"uv": [0, 3, 16, 5], "texture": "#2"}
			}
		},
		{
			"from": [0, 7, 19],
			"to": [4, 8, 23],
			"faces": {
				"north": {"uv": [0, 3, 16, 5], "texture": "#2"},
				"east": {"uv": [0, 3, 16, 5], "texture": "#2"},
				"south": {"uv": [0, 3, 16, 5], "texture": "#2"},
				"west": {"uv": [0, 3, 16, 5], "texture": "#2"},
				"up": {"uv": [0, 0, 2, 2], "texture": "#2"},
				"down": {"uv": [0, 3, 16, 5], "texture": "#2"}
			}
		},
		{
			"from": [13, 7, 19],
			"to": [17, 8, 23],
			"faces": {
				"north": {"uv": [0, 3, 16, 5], "texture": "#2"},
				"east": {"uv": [0, 3, 16, 5], "texture": "#2"},
				"south": {"uv": [0, 3, 16, 5], "texture": "#2"},
				"west": {"uv": [0, 3, 16, 5], "texture": "#2"},
				"up": {"uv": [0, 0, 2, 2], "texture": "#2"},
				"down": {"uv": [0, 3, 16, 5], "texture": "#2"}
			}
		},
		{
			"from": [13, 7, -7],
			"to": [17, 8, -3],
			"faces": {
				"north": {"uv": [0, 3, 16, 5], "texture": "#2"},
				"east": {"uv": [0, 3, 16, 5], "texture": "#2"},
				"south": {"uv": [0, 3, 16, 5], "texture": "#2"},
				"west": {"uv": [0, 3, 16, 5], "texture": "#2"},
				"up": {"uv": [0, 0, 2, 2], "texture": "#2"},
				"down": {"uv": [0, 3, 16, 5], "texture": "#2"}
			}
		},
		{
			"from": [16, 9, 7],
			"to": [17, 12, 9],
			"faces": {
				"north": {"uv": [14.5, 13.5, 15.5, 16], "texture": "#3"},
				"east": {"uv": [14.5, 14, 16, 16], "texture": "#3"},
				"south": {"uv": [15, 13.5, 16, 16], "texture": "#3"},
				"west": {"uv": [15, 13.5, 16, 16], "texture": "#3"},
				"up": {"uv": [15, 15, 16, 16], "texture": "#3"},
				"down": {"uv": [15, 15, 16, 16], "texture": "#3"}
			}
		},
		{
			"from": [0, 9, 7],
			"to": [1, 12, 9],
			"faces": {
				"north": {"uv": [14.5, 13.5, 15.5, 16], "texture": "#3"},
				"east": {"uv": [14.5, 14, 16, 16], "texture": "#3"},
				"south": {"uv": [15, 13.5, 16, 16], "texture": "#3"},
				"west": {"uv": [15, 13.5, 16, 16], "texture": "#3"},
				"up": {"uv": [15, 15, 16, 16], "texture": "#3"},
				"down": {"uv": [15, 15, 16, 16], "texture": "#3"}
			}
		},
		{
			"from": [15, 9, -7],
			"to": [17, 12, -5],
			"faces": {
				"north": {"uv": [14.5, 13.5, 15.5, 16], "texture": "#3"},
				"east": {"uv": [14.5, 14, 16, 16], "texture": "#3"},
				"south": {"uv": [15, 13.5, 16, 16], "texture": "#3"},
				"west": {"uv": [15, 13.5, 16, 16], "texture": "#3"},
				"up": {"uv": [15, 15, 16, 16], "texture": "#3"},
				"down": {"uv": [15, 15, 16, 16], "texture": "#3"}
			}
		},
		{
			"from": [0, 9, -7],
			"to": [2, 12, -5],
			"faces": {
				"north": {"uv": [14.5, 13.5, 15.5, 16], "texture": "#3"},
				"east": {"uv": [14.5, 14, 16, 16], "texture": "#3"},
				"south": {"uv": [15, 13.5, 16, 16], "texture": "#3"},
				"west": {"uv": [15, 13.5, 16, 16], "texture": "#3"},
				"up": {"uv": [15, 15, 16, 16], "texture": "#3"},
				"down": {"uv": [15, 15, 16, 16], "texture": "#3"}
			}
		},
		{
			"from": [0, 9, 21],
			"to": [2, 12, 23],
			"faces": {
				"north": {"uv": [14.5, 13.5, 15.5, 16], "texture": "#3"},
				"east": {"uv": [14.5, 14, 16, 16], "texture": "#3"},
				"south": {"uv": [15, 13.5, 16, 16], "texture": "#3"},
				"west": {"uv": [15, 13.5, 16, 16], "texture": "#3"},
				"up": {"uv": [15, 15, 16, 16], "texture": "#3"},
				"down": {"uv": [15, 15, 16, 16], "texture": "#3"}
			}
		},
		{
			"from": [15, 9, 21],
			"to": [17, 12, 23],
			"faces": {
				"north": {"uv": [14.5, 13.5, 15.5, 16], "texture": "#3"},
				"east": {"uv": [14.5, 14, 16, 16], "texture": "#3"},
				"south": {"uv": [15, 13.5, 16, 16], "texture": "#3"},
				"west": {"uv": [15, 13.5, 16, 16], "texture": "#3"},
				"up": {"uv": [15, 15, 16, 16], "texture": "#3"},
				"down": {"uv": [15, 15, 16, 16], "texture": "#3"}
			}
		},
		{
			"from": [7, 11, 16],
			"to": [9, 13, 18],
			"faces": {
				"north": {"uv": [9.5, 0, 14, 4.5], "texture": "#3"},
				"east": {"uv": [14.5, 15, 16, 16], "texture": "#3"},
				"south": {"uv": [9.5, 0, 14, 4.5], "texture": "#3"},
				"west": {"uv": [15, 15, 16, 16], "texture": "#3"},
				"up": {"uv": [15, 15, 16, 16], "texture": "#3"},
				"down": {"uv": [0, 0, 1, 1], "texture": "#3"}
			}
		},
		{
			"from": [4, 11, -3],
			"to": [5, 12, 11],
			"rotation": {"angle": 22.5, "axis": "y", "origin": [0, 0, 0]},
			"faces": {
				"north": {"uv": [1.5, 0, 6, 3], "texture": "#2"},
				"east": {"uv": [0, 0, 16, 3], "texture": "#2"},
				"south": {"uv": [0, 0, 0.5, 0.5], "texture": "#2"},
				"west": {"uv": [0, 0, 16, 1], "texture": "#2"},
				"up": {"uv": [0, 0, 6.5, 3], "texture": "#2"},
				"down": {"uv": [0, 0, 0.5, 7], "texture": "#2"}
			}
		},
		{
			"from": [4, 11, 11],
			"to": [5, 12, 12],
			"rotation": {"angle": 22.5, "axis": "y", "origin": [0, 0, 0]},
			"faces": {
				"north": {"uv": [0, 0, 0.5, 0.5], "texture": "#3"},
				"east": {"uv": [0, 0, 1, 1], "texture": "#3"},
				"south": {"uv": [0, 0, 0.5, 0.5], "texture": "#3"},
				"west": {"uv": [0, 0, 0.5, 0.5], "texture": "#3"},
				"up": {"uv": [0, 0, 0.5, 0.5], "texture": "#3"},
				"down": {"uv": [0, 0, 0.5, 0.5], "texture": "#3"}
			}
		}
	],
	"display": {
		"thirdperson_righthand": {
			"scale": [0.25, 0.25, 0.25]
		},
		"thirdperson_lefthand": {
			"scale": [0.25, 0.25, 0.25]
		},
		"firstperson_righthand": {
			"scale": [0.4, 0.4, 0.4]
		},
		"firstperson_lefthand": {
			"scale": [0.4, 0.4, 0.4]
		},
		"ground": {
			"scale": [0.25, 0.25, 0.25]
		},
		"gui": {
			"rotation": [0, 44, 24],
			"scale": [0.43, 0.43, 0.43]
		},
		"fixed": {
			"rotation": [-90, 0, 0],
			"translation": [-18, -48, -22],
			"scale": [3.35, 2.95, 4]
		}
	}
}