{
	"credit": "Made with Blockbench",
	"texture_size": [32, 32],
	"textures": {
		"0": "furniture/blocks/anvil",
		"1": "furniture/blocks/yellow_stained_glass",
		"2": "furniture/blocks/glow_item_frame",
		"3": "furniture/blocks/street_lamp"
	},
	"elements": [
		{
			"from": [6, -1, 6],
			"to": [10, 4, 10],
			"faces": {
				"north": {"uv": [0, 4, 16, 16], "texture": "#3"},
				"east": {"uv": [0, 5.5, 16, 16], "texture": "#3"},
				"south": {"uv": [0, 8.5, 16, 16], "texture": "#3"},
				"west": {"uv": [0, 6, 16, 16], "texture": "#3"},
				"up": {"uv": [0, 0, 2, 2], "texture": "#3"},
				"down": {"uv": [0, 0, 16, 16], "texture": "#3"}
			}
		},
		{
			"from": [7, 4, 7],
			"to": [9, 26, 9],
			"faces": {
				"north": {"uv": [0, 4.5, 8, 16], "texture": "#3"},
				"east": {"uv": [0, 0, 16, 16], "texture": "#3"},
				"south": {"uv": [0, 0, 16, 16], "texture": "#3"},
				"west": {"uv": [0, 0, 8.5, 15.5], "texture": "#3"},
				"up": {"uv": [0, 0, 1, 1], "texture": "#3"},
				"down": {"uv": [0, 0, 1, 1], "texture": "#3"}
			}
		},
		{
			"from": [5, -1, 6],
			"to": [6, 2, 10],
			"faces": {
				"north": {"uv": [0, 7, 7.5, 16], "texture": "#3"},
				"east": {"uv": [0, 0, 2, 1.5], "texture": "#3"},
				"south": {"uv": [0, 9.5, 8, 16], "texture": "#3"},
				"west": {"uv": [0, 9, 16, 16], "texture": "#3"},
				"up": {"uv": [0, 0, 16, 4.5], "texture": "#3"},
				"down": {"uv": [0, 0, 16, 8.5], "texture": "#3"}
			}
		},
		{
			"from": [10, -1, 6],
			"to": [11, 2, 10],
			"faces": {
				"north": {"uv": [0, 6, 8, 16], "texture": "#3"},
				"east": {"uv": [0, 12.5, 16, 16], "texture": "#3"},
				"south": {"uv": [0, 8.5, 8, 16], "texture": "#3"},
				"west": {"uv": [0, 0, 2, 1.5], "texture": "#3"},
				"up": {"uv": [0, 0, 16, 4.5], "texture": "#3"},
				"down": {"uv": [0, 0, 16, 15], "texture": "#3"}
			}
		},
		{
			"from": [6, -1, 10],
			"to": [10, 2, 11],
			"faces": {
				"north": {"uv": [0, 0, 2, 1.5], "texture": "#3"},
				"east": {"uv": [0, 6, 8, 16], "texture": "#3"},
				"south": {"uv": [0, 11.5, 16, 16], "texture": "#3"},
				"west": {"uv": [0, 9, 8, 16], "texture": "#3"},
				"up": {"uv": [0, 0, 16, 6], "texture": "#3"},
				"down": {"uv": [0, 0, 16, 10], "texture": "#3"}
			}
		},
		{
			"from": [6, -1, 5],
			"to": [10, 2, 6],
			"faces": {
				"north": {"uv": [0, 10.5, 16, 16], "texture": "#3"},
				"east": {"uv": [0, 7.5, 8, 16], "texture": "#3"},
				"south": {"uv": [0, 0, 2, 1.5], "texture": "#3"},
				"west": {"uv": [0, 8.5, 8, 16], "texture": "#3"},
				"up": {"uv": [0, 0, 16, 5.5], "texture": "#3"},
				"down": {"uv": [0, 0, 16, 11.5], "texture": "#3"}
			}
		},
		{
			"from": [7, 2, 5],
			"to": [9, 3, 6],
			"faces": {
				"north": {"uv": [0, 8, 16, 12], "texture": "#3"},
				"east": {"uv": [0, 0, 8, 8], "texture": "#3"},
				"south": {"uv": [0, 0, 1, 0.5], "texture": "#3"},
				"west": {"uv": [0, 0, 0.5, 0.5], "texture": "#3"},
				"up": {"uv": [0, 0, 16, 5.5], "texture": "#3"},
				"down": {"uv": [0, 0, 1, 0.5], "texture": "#3"}
			}
		},
		{
			"from": [7, 2, 10],
			"to": [9, 3, 11],
			"faces": {
				"north": {"uv": [0, 0, 1, 0.5], "texture": "#3"},
				"east": {"uv": [0, 0, 0.5, 0.5], "texture": "#3"},
				"south": {"uv": [0, 8, 16, 14], "texture": "#3"},
				"west": {"uv": [0, 8.5, 8, 16], "texture": "#3"},
				"up": {"uv": [0, 0, 16, 7], "texture": "#3"},
				"down": {"uv": [0, 0, 1, 0.5], "texture": "#3"}
			}
		},
		{
			"from": [5, 2, 7],
			"to": [6, 3, 9],
			"faces": {
				"north": {"uv": [0, 0, 0.5, 0.5], "texture": "#3"},
				"east": {"uv": [0, 0, 1, 0.5], "texture": "#3"},
				"south": {"uv": [0, 7.5, 8.5, 16], "texture": "#3"},
				"west": {"uv": [0, 6.5, 16, 10.5], "texture": "#3"},
				"up": {"uv": [0, 0, 16, 5.5], "texture": "#3"},
				"down": {"uv": [0, 0, 0.5, 1], "texture": "#3"}
			}
		},
		{
			"from": [10, 2, 7],
			"to": [11, 3, 9],
			"faces": {
				"north": {"uv": [0, 0, 0.5, 0.5], "texture": "#3"},
				"east": {"uv": [0, 8.5, 16, 13], "texture": "#3"},
				"south": {"uv": [0, 0, 8, 7.5], "texture": "#3"},
				"west": {"uv": [0, 0, 1, 0.5], "texture": "#3"},
				"up": {"uv": [0, 0, 16, 4], "texture": "#3"},
				"down": {"uv": [0, 0, 0.5, 1], "texture": "#3"}
			}
		},
		{
			"from": [7, 4, 6],
			"to": [9, 6, 7],
			"faces": {
				"north": {"uv": [0, 0, 16, 16], "texture": "#3"},
				"east": {"uv": [0, 0, 10, 9.5], "texture": "#3"},
				"south": {"uv": [0, 0, 1, 1], "texture": "#3"},
				"west": {"uv": [0, 0, 12, 10], "texture": "#3"},
				"up": {"uv": [0, 0, 1, 0.5], "texture": "#3"},
				"down": {"uv": [0, 0, 1, 0.5], "texture": "#3"}
			}
		},
		{
			"from": [7, 4, 9],
			"to": [9, 6, 10],
			"faces": {
				"north": {"uv": [0, 0, 1, 1], "texture": "#3"},
				"east": {"uv": [0, 2.5, 9, 16], "texture": "#3"},
				"south": {"uv": [0, 0, 16, 16], "texture": "#3"},
				"west": {"uv": [0, 0, 13, 8.5], "texture": "#3"},
				"up": {"uv": [0, 0, 1, 0.5], "texture": "#3"},
				"down": {"uv": [0, 0, 1, 0.5], "texture": "#3"}
			}
		},
		{
			"from": [6, 4, 7],
			"to": [7, 6, 9],
			"faces": {
				"north": {"uv": [0, 0, 11.5, 8.5], "texture": "#3"},
				"east": {"uv": [0, 0, 1, 1], "texture": "#3"},
				"south": {"uv": [0, 0, 8.5, 8], "texture": "#3"},
				"west": {"uv": [0, 0, 16, 16], "texture": "#3"},
				"up": {"uv": [0, 0, 0.5, 1], "texture": "#3"},
				"down": {"uv": [0, 0, 0.5, 1], "texture": "#3"}
			}
		},
		{
			"from": [9, 4, 7],
			"to": [10, 6, 9],
			"faces": {
				"north": {"uv": [0, 0, 12, 10.5], "texture": "#3"},
				"east": {"uv": [0, 0, 16, 16], "texture": "#3"},
				"south": {"uv": [0, 0, 7, 11.5], "texture": "#3"},
				"west": {"uv": [0, 0, 1, 1], "texture": "#3"},
				"up": {"uv": [0, 0, 0.5, 1], "texture": "#3"},
				"down": {"uv": [0, 0, 0.5, 1], "texture": "#3"}
			}
		},
		{
			"from": [6, 7, 6],
			"to": [10, 7, 10],
			"faces": {
				"north": {"uv": [0, 0, 2, 0], "texture": "#3"},
				"east": {"uv": [0, 0, 2, 0], "texture": "#3"},
				"south": {"uv": [0, 0, 2, 0], "texture": "#3"},
				"west": {"uv": [0, 0, 2, 0], "texture": "#3"},
				"up": {"uv": [0, 0, 16, 16], "texture": "#3"},
				"down": {"uv": [0, 9.5, 16, 16], "texture": "#3"}
			}
		},
		{
			"from": [6, 8, 6],
			"to": [10, 8, 10],
			"faces": {
				"north": {"uv": [0, 0, 2, 0], "texture": "#3"},
				"east": {"uv": [0, 0, 2, 0], "texture": "#3"},
				"south": {"uv": [0, 0, 2, 0], "texture": "#3"},
				"west": {"uv": [0, 0, 2, 0], "texture": "#3"},
				"up": {"uv": [0, 8.5, 16, 14], "texture": "#3"},
				"down": {"uv": [0, 12.5, 16, 16], "texture": "#3"}
			}
		},
		{
			"from": [7, 24, 10],
			"to": [9, 25, 11],
			"faces": {
				"north": {"uv": [0, 0, 1, 0.5], "texture": "#3"},
				"east": {"uv": [0, 0, 16, 16], "texture": "#3"},
				"south": {"uv": [0, 0, 16, 16], "texture": "#3"},
				"west": {"uv": [0, 0, 16, 16], "texture": "#3"},
				"up": {"uv": [0, 0, 1, 0.5], "texture": "#3"},
				"down": {"uv": [0, 0, 1, 0.5], "texture": "#3"}
			}
		},
		{
			"from": [6, 24, 6],
			"to": [10, 25, 10],
			"faces": {
				"north": {"uv": [0, 0, 16, 16], "texture": "#3"},
				"east": {"uv": [0, 0, 16, 16], "texture": "#3"},
				"south": {"uv": [0, 0, 16, 16], "texture": "#3"},
				"west": {"uv": [0, 0, 16, 16], "texture": "#3"},
				"up": {"uv": [0, 0, 2, 2], "texture": "#3"},
				"down": {"uv": [0, 12, 16, 16], "texture": "#3"}
			}
		},
		{
			"from": [7, 24, 5],
			"to": [9, 25, 6],
			"faces": {
				"north": {"uv": [0, 0, 16, 5.5], "texture": "#3"},
				"east": {"uv": [0, 0, 16, 16], "texture": "#3"},
				"south": {"uv": [0, 0, 1, 0.5], "texture": "#3"},
				"west": {"uv": [0, 0, 16, 16], "texture": "#3"},
				"up": {"uv": [0, 0, 1, 0.5], "texture": "#3"},
				"down": {"uv": [0, 0, 1, 0.5], "texture": "#3"}
			}
		},
		{
			"from": [7, 29, 5],
			"to": [9, 30, 6],
			"faces": {
				"north": {"uv": [0, 0, 16, 16], "texture": "#3"},
				"east": {"uv": [0, 0, 0.5, 0.5], "texture": "#3"},
				"south": {"uv": [0, 0, 1, 0.5], "texture": "#3"},
				"west": {"uv": [0, 0, 0.5, 0.5], "texture": "#3"},
				"up": {"uv": [0, 0, 16, 16], "texture": "#3"},
				"down": {"uv": [0, 0, 1, 0.5], "texture": "#3"}
			}
		},
		{
			"from": [7, 29, 10],
			"to": [9, 30, 11],
			"faces": {
				"north": {"uv": [0, 0, 1, 0.5], "texture": "#3"},
				"east": {"uv": [0, 0, 0.5, 0.5], "texture": "#3"},
				"south": {"uv": [0, 0, 16, 16], "texture": "#3"},
				"west": {"uv": [0, 0, 0.5, 0.5], "texture": "#3"},
				"up": {"uv": [0, 0, 16, 16], "texture": "#3"},
				"down": {"uv": [0, 0, 1, 0.5], "texture": "#3"}
			}
		},
		{
			"from": [5, 24, 7],
			"to": [6, 25, 9],
			"faces": {
				"north": {"uv": [0, 0, 16, 16], "texture": "#3"},
				"east": {"uv": [0, 0, 1, 0.5], "texture": "#3"},
				"south": {"uv": [0, 0, 16, 16], "texture": "#3"},
				"west": {"uv": [0, 0, 16, 16], "texture": "#3"},
				"up": {"uv": [0, 0, 0.5, 1], "texture": "#3"},
				"down": {"uv": [0, 0, 0.5, 1], "texture": "#3"}
			}
		},
		{
			"from": [10, 24, 7],
			"to": [11, 25, 9],
			"faces": {
				"north": {"uv": [0, 0, 16, 16], "texture": "#3"},
				"east": {"uv": [0, 0, 16, 16], "texture": "#3"},
				"south": {"uv": [0, 0, 16, 16], "texture": "#3"},
				"west": {"uv": [0, 0, 1, 0.5], "texture": "#3"},
				"up": {"uv": [0, 0, 0.5, 1], "texture": "#3"},
				"down": {"uv": [0, 0, 0.5, 1], "texture": "#3"}
			}
		},
		{
			"from": [10, 29, 7],
			"to": [11, 30, 9],
			"faces": {
				"north": {"uv": [0, 0, 0.5, 0.5], "texture": "#3"},
				"east": {"uv": [0, 0, 16, 16], "texture": "#3"},
				"south": {"uv": [0, 0, 0.5, 0.5], "texture": "#3"},
				"west": {"uv": [0, 0, 1, 0.5], "texture": "#3"},
				"up": {"uv": [0, 0, 16, 16], "texture": "#3"},
				"down": {"uv": [0, 0, 0.5, 1], "texture": "#3"}
			}
		},
		{
			"from": [5, 29, 7],
			"to": [6, 30, 9],
			"faces": {
				"north": {"uv": [0, 0, 0.5, 0.5], "texture": "#3"},
				"east": {"uv": [0, 0, 1, 0.5], "texture": "#3"},
				"south": {"uv": [0, 0, 0.5, 0.5], "texture": "#3"},
				"west": {"uv": [0, 0, 16, 16], "texture": "#3"},
				"up": {"uv": [0, 0, 16, 16], "texture": "#3"},
				"down": {"uv": [0, 0, 0.5, 1], "texture": "#3"}
			}
		},
		{
			"from": [9, 22, 7],
			"to": [10, 24, 9],
			"faces": {
				"north": {"uv": [0, 0, 8, 16], "texture": "#3"},
				"east": {"uv": [0, 3.5, 16, 10.5], "texture": "#3"},
				"south": {"uv": [0, 0, 8, 16], "texture": "#3"},
				"west": {"uv": [0, 0, 1, 1], "texture": "#3"},
				"up": {"uv": [0, 0, 0.5, 1], "texture": "#3"},
				"down": {"uv": [0, 0, 16, 16], "texture": "#3"}
			}
		},
		{
			"from": [6, 22, 7],
			"to": [7, 24, 9],
			"faces": {
				"north": {"uv": [0, 0, 8, 16], "texture": "#3"},
				"east": {"uv": [0, 0, 1, 1], "texture": "#3"},
				"south": {"uv": [0, 0, 8, 16], "texture": "#3"},
				"west": {"uv": [0, 4.5, 16, 12], "texture": "#3"},
				"up": {"uv": [0, 0, 0.5, 1], "texture": "#3"},
				"down": {"uv": [0, 0, 16, 16], "texture": "#3"}
			}
		},
		{
			"from": [7, 22, 9],
			"to": [9, 24, 10],
			"faces": {
				"north": {"uv": [0, 0, 1, 1], "texture": "#3"},
				"east": {"uv": [0, 0, 8, 16], "texture": "#3"},
				"south": {"uv": [0, 3.5, 16, 10.5], "texture": "#3"},
				"west": {"uv": [0, 4.5, 16, 16], "texture": "#3"},
				"up": {"uv": [0, 0, 1, 0.5], "texture": "#3"},
				"down": {"uv": [0, 0, 16, 16], "texture": "#3"}
			}
		},
		{
			"from": [7, 22, 6],
			"to": [9, 24, 7],
			"faces": {
				"north": {"uv": [0, 5, 16, 12], "texture": "#3"},
				"east": {"uv": [0, 0, 8, 16], "texture": "#3"},
				"south": {"uv": [0, 0, 1, 1], "texture": "#3"},
				"west": {"uv": [0, 0, 8, 16], "texture": "#3"},
				"up": {"uv": [0, 0, 1, 0.5], "texture": "#3"},
				"down": {"uv": [0, 0, 16, 16], "texture": "#3"}
			}
		},
		{
			"from": [7, 26, 7],
			"to": [9, 28, 9],
			"faces": {
				"north": {"uv": [0, 0, 16, 16], "texture": "#2"},
				"east": {"uv": [0, 0, 16, 16], "texture": "#2"},
				"south": {"uv": [0, 0, 16, 16], "texture": "#2"},
				"west": {"uv": [0, 0, 16, 16], "texture": "#2"},
				"up": {"uv": [0, 0, 1, 1], "texture": "#2"},
				"down": {"uv": [0, 0, 1, 1], "texture": "#2"}
			}
		},
		{
			"from": [6, 30, 7],
			"to": [10, 31, 9],
			"faces": {
				"north": {"uv": [0, 0, 16, 16], "texture": "#3"},
				"east": {"uv": [0, 0, 16, 16], "texture": "#3"},
				"south": {"uv": [0, 0, 16, 16], "texture": "#3"},
				"west": {"uv": [0, 0, 16, 16], "texture": "#3"},
				"up": {"uv": [0, 0, 16, 16], "texture": "#3"},
				"down": {"uv": [0, 0, 2, 1], "texture": "#3"}
			}
		},
		{
			"from": [7, 30, 9],
			"to": [9, 31, 10],
			"faces": {
				"north": {"uv": [0, 0, 1, 0.5], "texture": "#3"},
				"east": {"uv": [0, 0, 0.5, 0.5], "texture": "#3"},
				"south": {"uv": [0, 0, 16, 16], "texture": "#3"},
				"west": {"uv": [0, 0, 16, 16], "texture": "#3"},
				"up": {"uv": [0, 0, 16, 16], "texture": "#3"},
				"down": {"uv": [0, 0, 1, 0.5], "texture": "#3"}
			}
		},
		{
			"from": [7, 30, 6],
			"to": [9, 31, 7],
			"faces": {
				"north": {"uv": [0, 0, 16, 16], "texture": "#3"},
				"east": {"uv": [0, 0, 16, 16], "texture": "#3"},
				"south": {"uv": [0, 0, 1, 0.5], "texture": "#3"},
				"west": {"uv": [0, 0, 16, 16], "texture": "#3"},
				"up": {"uv": [0, 0, 16, 16], "texture": "#3"},
				"down": {"uv": [0, 0, 1, 0.5], "texture": "#3"}
			}
		},
		{
			"from": [7, 31, 7],
			"to": [9, 32, 9],
			"faces": {
				"north": {"uv": [0, 0, 16, 11], "texture": "#3"},
				"east": {"uv": [0, 0, 16, 11.5], "texture": "#3"},
				"south": {"uv": [0, 0, 16, 10.5], "texture": "#3"},
				"west": {"uv": [0, 0, 16, 11], "texture": "#3"},
				"up": {"uv": [0, 0, 16, 16], "texture": "#3"},
				"down": {"uv": [0, 0, 1, 1], "texture": "#3"}
			}
		},
		{
			"from": [6, 29, 6],
			"to": [10, 30, 10],
			"faces": {
				"north": {"uv": [0, 0, 16, 16], "texture": "#3"},
				"east": {"uv": [0, 0, 16, 16], "texture": "#3"},
				"south": {"uv": [0, 0, 16, 16], "texture": "#3"},
				"west": {"uv": [0, 0, 16, 16], "texture": "#3"},
				"up": {"uv": [13.5, 14, 15.5, 16], "texture": "#3"},
				"down": {"uv": [0, 0, 2, 2], "texture": "#3"}
			}
		},
		{
			"from": [6, 19, 6],
			"to": [10, 20, 10],
			"faces": {
				"north": {"uv": [0, 8, 16, 13], "texture": "#3"},
				"east": {"uv": [0, 8.5, 16, 14.5], "texture": "#3"},
				"south": {"uv": [0, 8.5, 16, 14], "texture": "#3"},
				"west": {"uv": [0, 10, 16, 14], "texture": "#3"},
				"up": {"uv": [0, 10, 16, 16], "texture": "#3"},
				"down": {"uv": [0, 5.5, 16, 16], "texture": "#3"}
			}
		},
		{
			"from": [10, 25, 7],
			"to": [11, 29, 9],
			"faces": {
				"north": {"uv": [0, 0, 0, 2], "texture": "#1"},
				"east": {"uv": [2, 0, 14, 16], "texture": "#1"},
				"south": {"uv": [0, 0, 0, 2], "texture": "#1"},
				"west": {"uv": [0, 0, 1, 2], "texture": "#1"},
				"up": {"uv": [0, 0, 0, 1], "texture": "#1"},
				"down": {"uv": [0, 0, 0, 1], "texture": "#1"}
			}
		},
		{
			"from": [6, 25, 6],
			"to": [7, 29, 7],
			"faces": {
				"north": {"uv": [0, 0, 0, 2], "texture": "#1"},
				"east": {"uv": [0, 0, 0.5, 2], "texture": "#1"},
				"south": {"uv": [0, 0, 0, 2], "texture": "#1"},
				"west": {"uv": [2, 0, 14, 16], "texture": "#1"},
				"up": {"uv": [0, 0, 0, 0.5], "texture": "#1"},
				"down": {"uv": [0, 0, 0, 0.5], "texture": "#1"}
			}
		},
		{
			"from": [5, 25, 7],
			"to": [6, 29, 9],
			"faces": {
				"north": {"uv": [0, 0, 0, 2], "texture": "#1"},
				"east": {"uv": [0, 0, 1, 2], "texture": "#1"},
				"south": {"uv": [0, 0, 0, 2], "texture": "#1"},
				"west": {"uv": [2, 0, 14, 16], "texture": "#1"},
				"up": {"uv": [0, 0, 0, 1], "texture": "#1"},
				"down": {"uv": [0, 0, 0, 1], "texture": "#1"}
			}
		},
		{
			"from": [7, 25, 10],
			"to": [9, 29, 11],
			"faces": {
				"north": {"uv": [0, 0, 1, 2], "texture": "#1"},
				"east": {"uv": [0, 0, 0, 2], "texture": "#1"},
				"south": {"uv": [2, 0, 14, 16], "texture": "#1"},
				"west": {"uv": [0, 0, 0, 2], "texture": "#1"},
				"up": {"uv": [0, 0, 1, 0], "texture": "#1"},
				"down": {"uv": [0, 0, 1, 0], "texture": "#1"}
			}
		},
		{
			"from": [7, 25, 5],
			"to": [9, 29, 6],
			"faces": {
				"north": {"uv": [2, 0, 14, 16], "texture": "#1"},
				"east": {"uv": [0, 0, 0, 2], "texture": "#1"},
				"south": {"uv": [0, 0, 1, 2], "texture": "#1"},
				"west": {"uv": [0, 0, 0, 2], "texture": "#1"},
				"up": {"uv": [0, 0, 1, 0], "texture": "#1"},
				"down": {"uv": [0, 0, 1, 0], "texture": "#1"}
			}
		},
		{
			"from": [9, 25, 6],
			"to": [10, 29, 7],
			"faces": {
				"north": {"uv": [2, 0, 14, 16], "texture": "#1"},
				"east": {"uv": [0, 0, 0, 2], "texture": "#1"},
				"south": {"uv": [0, 0, 0.5, 2], "texture": "#1"},
				"west": {"uv": [0, 0, 0, 2], "texture": "#1"},
				"up": {"uv": [0, 0, 0.5, 0], "texture": "#1"},
				"down": {"uv": [0, 0, 0.5, 0], "texture": "#1"}
			}
		},
		{
			"from": [6, 25, 9],
			"to": [7, 29, 10],
			"faces": {
				"north": {"uv": [0, 0, 0.5, 2], "texture": "#1"},
				"east": {"uv": [0, 0, 0, 2], "texture": "#1"},
				"south": {"uv": [2, 0, 14, 16], "texture": "#1"},
				"west": {"uv": [0, 0, 0, 2], "texture": "#1"},
				"up": {"uv": [0, 0, 0.5, 0], "texture": "#1"},
				"down": {"uv": [0, 0, 0.5, 0], "texture": "#1"}
			}
		},
		{
			"from": [9, 25, 9],
			"to": [10, 29, 10],
			"faces": {
				"north": {"uv": [0, 0, 0.5, 2], "texture": "#1"},
				"east": {"uv": [0, 0, 0, 2], "texture": "#1"},
				"south": {"uv": [2, 0, 14, 16], "texture": "#1"},
				"west": {"uv": [0, 0, 0, 2], "texture": "#1"},
				"up": {"uv": [0, 0, 0.5, 0], "texture": "#1"},
				"down": {"uv": [0, 0, 0.5, 0], "texture": "#1"}
			}
		},
		{
			"from": [7, 28, 7],
			"to": [9, 29, 9],
			"faces": {
				"north": {"uv": [0, 0, 1, 0.5], "texture": "#0"},
				"east": {"uv": [0, 0, 1, 0.5], "texture": "#0"},
				"south": {"uv": [0, 0, 1, 0.5], "texture": "#0"},
				"west": {"uv": [0, 0, 1, 0.5], "texture": "#0"},
				"up": {"uv": [0, 0, 1, 1], "texture": "#0"},
				"down": {"uv": [0, 0, 1, 1], "texture": "#0"}
			}
		}
	],
	"display": {
		"thirdperson_righthand": {
			"scale": [0.3, 0.3, 0.3]
		},
		"thirdperson_lefthand": {
			"scale": [0.3, 0.3, 0.3]
		},
		"firstperson_righthand": {
			"scale": [0.3, 0.3, 0.3]
		},
		"firstperson_lefthand": {
			"scale": [0.3, 0.3, 0.3]
		},
		"ground": {
			"rotation": [-45, 0, 0],
			"scale": [0.3, 0.3, 0.3]
		},
		"gui": {
			"rotation": [0, 0, -14],
			"translation": [0, -3.25, 0],
			"scale": [0.4, 0.4, 0.4]
		},
		"fixed": {
			"rotation": [-90, 0, 0],
			"translation": [0, 0, -33],
			"scale": [3.2, 4, 3.2]
		}
	}
}