{"__comment":"DesignedbyPlagForOraxen","textures":{"1":"furniture/table"},"elements":[{"from":[-9,12,-2],"to":[25,14,18],"faces":{"down":{"uv":[4.25,2.5,0,5],"texture":"#1"},"up":{"uv":[4.25,2.5,0,0],"texture":"#1"},"north":{"uv":[6,6.125,10.25,6.375],"texture":"#1"},"south":{"uv":[6.375,0,10.625,0.25],"texture":"#1"},"west":{"uv":[7.25,0.5,9.75,0.75],"texture":"#1"},"east":{"uv":[7.25,0.25,9.75,0.5],"texture":"#1"}}},{"from":[1,3,-2],"to":[15,12,-1.999],"faces":{"down":{"uv":[1.75,0,0,0],"texture":"#1"},"up":{"uv":[1.75,0,0,0],"texture":"#1"},"north":{"uv":[4.25,2.75,6,3.875],"texture":"#1"},"south":{"uv":[6,2.75,4.25,3.875],"texture":"#1"},"west":{"uv":[0,0,0,1.125],"texture":"#1"},"east":{"uv":[0,0,0,1.125],"texture":"#1"}}},{"from":[1,3,18],"to":[15,12,18.001],"faces":{"down":{"uv":[1.75,0,0,0],"texture":"#1"},"up":{"uv":[1.75,0,0,0],"texture":"#1"},"north":{"uv":[3.5,5,1.75,6.125],"texture":"#1"},"south":{"uv":[1.75,5,3.5,6.125],"texture":"#1"},"west":{"uv":[0,0,0,1.125],"texture":"#1"},"east":{"uv":[0,0,0,1.125],"texture":"#1"}}},{"from":[-6,3,7],"to":[22,4,9],"faces":{"down":{"uv":[10.5,5.75,7,6],"texture":"#1"},"up":{"uv":[10.5,5.75,7,5.5],"texture":"#1"},"north":{"uv":[7.25,2.375,10.75,2.5],"texture":"#1"},"south":{"uv":[7.625,1,11.125,1.125],"texture":"#1"},"west":{"uv":[4.5,8.625,4.75,8.75],"texture":"#1"},"east":{"uv":[0.875,8.375,1.125,8.5],"texture":"#1"}}},{"from":[-6,10,7],"to":[22,11,9],"faces":{"down":{"uv":[10.5,5.75,7,6],"texture":"#1"},"up":{"uv":[10.5,5.75,7,5.5],"texture":"#1"},"north":{"uv":[7.25,2.375,10.75,2.5],"texture":"#1"},"south":{"uv":[7.625,1,11.125,1.125],"texture":"#1"},"west":{"uv":[4.5,8.625,4.75,8.75],"texture":"#1"},"east":{"uv":[0.875,8.375,1.125,8.5],"texture":"#1"}}},{"from":[-7,4,7],"to":[23,5,9],"faces":{"down":{"uv":[10.75,4.75,7,5],"texture":"#1"},"up":{"uv":[10.75,4.75,7,4.5],"texture":"#1"},"north":{"uv":[7,6,10.75,6.125],"texture":"#1"},"south":{"uv":[7.25,2,11,2.125],"texture":"#1"},"west":{"uv":[3,9.625,3.25,9.75],"texture":"#1"},"east":{"uv":[7.75,9.375,8,9.5],"texture":"#1"}}},{"from":[-4,10,1],"to":[-1,12,15],"faces":{"down":{"uv":[5.5,7,5.125,8.75],"texture":"#1"},"up":{"uv":[5.125,8.75,4.75,7],"texture":"#1"},"north":{"uv":[6.375,2.5,6.75,2.75],"texture":"#1"},"south":{"uv":[6.875,9.125,7.25,9.375],"texture":"#1"},"west":{"uv":[7.625,0.75,9.375,1],"texture":"#1"},"east":{"uv":[7,7.5,8.75,7.75],"texture":"#1"}}},{"from":[-4,8,5],"to":[-1,10,11],"faces":{"down":{"uv":[8.625,7.75,8.25,8.5],"texture":"#1"},"up":{"uv":[3.5,8.875,3.125,8.125],"texture":"#1"},"north":{"uv":[7.25,9.125,7.625,9.375],"texture":"#1"},"south":{"uv":[7.625,9.125,8,9.375],"texture":"#1"},"west":{"uv":[6.25,8.75,7,9],"texture":"#1"},"east":{"uv":[1.25,8.75,2,9],"texture":"#1"}}},{"from":[-4,6,3],"to":[-1,8,13],"faces":{"down":{"uv":[1.5,7.25,1.125,8.5],"texture":"#1"},"up":{"uv":[7.625,2,7.25,0.75],"texture":"#1"},"north":{"uv":[9.125,7.75,9.5,8],"texture":"#1"},"south":{"uv":[9.125,8,9.5,8.25],"texture":"#1"},"west":{"uv":[7.75,7,9,7.25],"texture":"#1"},"east":{"uv":[7.625,1.625,8.875,1.875],"texture":"#1"}}},{"from":[-4,3,10],"to":[-1,6,12],"faces":{"down":{"uv":[0.375,9.25,0,9.5],"texture":"#1"},"up":{"uv":[9.25,9.375,8.875,9.125],"texture":"#1"},"north":{"uv":[6.125,9,6.5,9.375],"texture":"#1"},"south":{"uv":[6.5,9,6.875,9.375],"texture":"#1"},"west":{"uv":[2.375,8.5,2.625,8.875],"texture":"#1"},"east":{"uv":[0.875,8,1.125,8.375],"texture":"#1"}}},{"from":[-4,3,4],"to":[-1,6,6],"faces":{"down":{"uv":[1.375,9.25,1,9.5],"texture":"#1"},"up":{"uv":[1,9.5,0.625,9.25],"texture":"#1"},"north":{"uv":[9,7.125,9.375,7.5],"texture":"#1"},"south":{"uv":[8.5,9,8.875,9.375],"texture":"#1"},"west":{"uv":[0.375,9.25,0.625,9.625],"texture":"#1"},"east":{"uv":[5.625,9.125,5.875,9.5],"texture":"#1"}}},{"from":[-4,1,3],"to":[-1,3,13],"faces":{"down":{"uv":[2.25,7.25,1.875,8.5],"texture":"#1"},"up":{"uv":[1.875,8.5,1.5,7.25],"texture":"#1"},"north":{"uv":[2,9.25,2.375,9.5],"texture":"#1"},"south":{"uv":[3.875,9.25,4.25,9.5],"texture":"#1"},"west":{"uv":[7.875,3.125,9.125,3.375],"texture":"#1"},"east":{"uv":[7.75,7.25,9,7.5],"texture":"#1"}}},{"from":[-5,0,0],"to":[0,1,16],"faces":{"down":{"uv":[4.75,5,4.125,7],"texture":"#1"},"up":{"uv":[4.125,7,3.5,5],"texture":"#1"},"north":{"uv":[9.375,4.25,10,4.375],"texture":"#1"},"south":{"uv":[9.375,7.375,10,7.5],"texture":"#1"},"west":{"uv":[8.5,3,10.5,3.125],"texture":"#1"},"east":{"uv":[8.375,6.875,10.375,7],"texture":"#1"}}},{"from":[17,10,1],"to":[20,12,15],"faces":{"down":{"uv":[0.375,7.25,0,9],"texture":"#1"},"up":{"uv":[5.875,8.75,5.5,7],"texture":"#1"},"north":{"uv":[5,9.25,5.375,9.5],"texture":"#1"},"south":{"uv":[8,9.25,8.375,9.5],"texture":"#1"},"west":{"uv":[7.625,1.375,9.375,1.625],"texture":"#1"},"east":{"uv":[7.625,1.125,9.375,1.375],"texture":"#1"}}},{"from":[17,8,5],"to":[20,10,11],"faces":{"down":{"uv":[8.5,8.5,8.125,9.25],"texture":"#1"},"up":{"uv":[2.375,9.25,2,8.5],"texture":"#1"},"north":{"uv":[9.375,0.75,9.75,1],"texture":"#1"},"south":{"uv":[9.375,1.125,9.75,1.375],"texture":"#1"},"west":{"uv":[0.75,9,1.5,9.25],"texture":"#1"},"east":{"uv":[0,9,0.75,9.25],"texture":"#1"}}},{"from":[17,6,3],"to":[20,8,13],"faces":{"down":{"uv":[6.25,7.5,5.875,8.75],"texture":"#1"},"up":{"uv":[2.625,8.5,2.25,7.25],"texture":"#1"},"north":{"uv":[9.375,1.375,9.75,1.625],"texture":"#1"},"south":{"uv":[9.375,3.625,9.75,3.875],"texture":"#1"},"west":{"uv":[8.125,3.625,9.375,3.875],"texture":"#1"},"east":{"uv":[7.875,3.375,9.125,3.625],"texture":"#1"}}},{"from":[17,3,10],"to":[20,6,12],"faces":{"down":{"uv":[5,9.375,4.625,9.625],"texture":"#1"},"up":{"uv":[4.625,9.625,4.25,9.375],"texture":"#1"},"north":{"uv":[2.375,9.125,2.75,9.5],"texture":"#1"},"south":{"uv":[2.75,9.125,3.125,9.5],"texture":"#1"},"west":{"uv":[9.375,3.875,9.625,4.25],"texture":"#1"},"east":{"uv":[5.375,9.25,5.625,9.625],"texture":"#1"}}},{"from":[17,3,4],"to":[20,6,6],"faces":{"down":{"uv":[7.375,9.375,7,9.625],"texture":"#1"},"up":{"uv":[7,9.625,6.625,9.375],"texture":"#1"},"north":{"uv":[9.125,3.125,9.5,3.5],"texture":"#1"},"south":{"uv":[3.5,9.125,3.875,9.5],"texture":"#1"},"west":{"uv":[6.375,9.375,6.625,9.75],"texture":"#1"},"east":{"uv":[6.125,9.375,6.375,9.75],"texture":"#1"}}},{"from":[17,1,3],"to":[20,3,13],"faces":{"down":{"uv":[7,7.5,6.625,8.75],"texture":"#1"},"up":{"uv":[6.625,8.75,6.25,7.5],"texture":"#1"},"north":{"uv":[9.375,7.125,9.75,7.375],"texture":"#1"},"south":{"uv":[7.375,9.375,7.75,9.625],"texture":"#1"},"west":{"uv":[8.125,4.125,9.375,4.375],"texture":"#1"},"east":{"uv":[8.125,3.875,9.375,4.125],"texture":"#1"}}},{"from":[16,0,0],"to":[21,1,16],"faces":{"down":{"uv":[6,5,5.375,7],"texture":"#1"},"up":{"uv":[5.375,7,4.75,5],"texture":"#1"},"north":{"uv":[9.5,3.375,10.125,3.5],"texture":"#1"},"south":{"uv":[9.5,6.375,10.125,6.5],"texture":"#1"},"west":{"uv":[8.625,8.375,10.625,8.5],"texture":"#1"},"east":{"uv":[8.625,8.25,10.625,8.375],"texture":"#1"}}},{"from":[-7,14,1],"to":[-3,20,5],"rotation":{"origin":[-3,14,1],"axis":"y","angle":45},"faces":{"down":{"uv":[7.5,8.625,7,9.125],"texture":"#1"},"up":{"uv":[4.5,9.125,4,8.625],"texture":"#1"},"north":{"uv":[3.625,7.875,4.125,8.625],"texture":"#1"},"south":{"uv":[0.375,8,0.875,8.75],"texture":"#1"},"west":{"uv":[2.625,8.125,3.125,8.875],"texture":"#1"},"east":{"uv":[4.125,7.875,4.625,8.625],"texture":"#1"}}},{"from":[-7.9,19.5,0.7],"to":[-2.9,20.5,5.7],"rotation":{"origin":[-3.5,19.5,0.5],"axis":"y","angle":45},"faces":{"down":{"uv":[8.5,2.5,7.875,3.125],"texture":"#1"},"up":{"uv":[8.25,8.375,7.625,7.75],"texture":"#1"},"north":{"uv":[2.625,9.5,3.25,9.625],"texture":"#1"},"south":{"uv":[3.25,9.5,3.875,9.625],"texture":"#1"},"west":{"uv":[9.5,3.25,10.125,3.375],"texture":"#1"},"east":{"uv":[9.5,3.125,10.125,3.25],"texture":"#1"}}},{"from":[-7.9,14,0.7],"to":[-2.9,15,5.7],"rotation":{"origin":[-3.5,19.5,0.5],"axis":"y","angle":45},"faces":{"down":{"uv":[8.5,2.5,7.875,3.125],"texture":"#1"},"up":{"uv":[8.25,8.375,7.625,7.75],"texture":"#1"},"north":{"uv":[2.625,9.5,3.25,9.625],"texture":"#1"},"south":{"uv":[3.25,9.5,3.875,9.625],"texture":"#1"},"west":{"uv":[9.5,3.25,10.125,3.375],"texture":"#1"},"east":{"uv":[9.5,3.125,10.125,3.25],"texture":"#1"}}},{"from":[-7.5,19.9,1.2],"to":[-3.5,20.9,5.2],"rotation":{"origin":[-3.5,20.5,0.5],"axis":"y","angle":45},"faces":{"down":{"uv":[4,8.625,3.5,9.125],"texture":"#1"},"up":{"uv":[9,9,8.5,8.5],"texture":"#1"},"north":{"uv":[9.5,6.5,10,6.625],"texture":"#1"},"south":{"uv":[9.5,6.75,10,6.875],"texture":"#1"},"west":{"uv":[7.75,9.5,8.25,9.625],"texture":"#1"},"east":{"uv":[9.5,6.625,10,6.75],"texture":"#1"}}},{"from":[-10,14.4,5.4],"to":[-7,15.4,6.4],"rotation":{"origin":[-7,14.4,1.5],"axis":"y","angle":45},"faces":{"down":{"uv":[10,2.5,9.625,2.625],"texture":"#1"},"up":{"uv":[2.625,9.75,2.25,9.625],"texture":"#1"},"north":{"uv":[1.5,9.625,1.875,9.75],"texture":"#1"},"south":{"uv":[1.875,9.625,2.25,9.75],"texture":"#1"},"west":{"uv":[2.625,8,2.75,8.125],"texture":"#1"},"east":{"uv":[5.875,7.375,6,7.5],"texture":"#1"}}},{"from":[-10,18.4,5.4],"to":[-7,19.4,6.4],"rotation":{"origin":[-7,18.4,1.5],"axis":"y","angle":45},"faces":{"down":{"uv":[10,2.875,9.625,3],"texture":"#1"},"up":{"uv":[10,2.875,9.625,2.75],"texture":"#1"},"north":{"uv":[2.625,9.625,3,9.75],"texture":"#1"},"south":{"uv":[9.625,2.625,10,2.75],"texture":"#1"},"west":{"uv":[4.625,8.5,4.75,8.625],"texture":"#1"},"east":{"uv":[8.125,8.375,8.25,8.5],"texture":"#1"}}},{"from":[-10,15.4,5.4],"to":[-9,18.4,6.4],"rotation":{"origin":[-7,17.4,1.5],"axis":"y","angle":45},"faces":{"down":{"uv":[7,9,6.875,9.125],"texture":"#1"},"up":{"uv":[8.125,9,8,8.875],"texture":"#1"},"north":{"uv":[5.875,7,6,7.375],"texture":"#1"},"south":{"uv":[2.625,7.625,2.75,8],"texture":"#1"},"west":{"uv":[4.625,7.875,4.75,8.25],"texture":"#1"},"east":{"uv":[2.625,7.25,2.75,7.625],"texture":"#1"}}},{"from":[0,13.875,0],"to":[17,14.875,11],"faces":{"down":{"uv":[6.375,1.375,4.25,2.75],"texture":"#1"},"up":{"uv":[6.375,1.375,4.25,0],"texture":"#1"},"north":{"uv":[7.625,1.875,9.75,2],"texture":"#1"},"south":{"uv":[8.125,4.375,10.25,4.5],"texture":"#1"},"west":{"uv":[9,7,10.375,7.125],"texture":"#1"},"east":{"uv":[4.5,9,5.875,9.125],"texture":"#1"}}},{"from":[17,13.875,8],"to":[24,15.875,17],"faces":{"down":{"uv":[7.75,6.375,6.875,7.5],"texture":"#1"},"up":{"uv":[6.875,7.5,6,6.375],"texture":"#1"},"north":{"uv":[0.375,8.75,1.25,9],"texture":"#1"},"south":{"uv":[4.5,8.75,5.375,9],"texture":"#1"},"west":{"uv":[8.375,6.625,9.5,6.875],"texture":"#1"},"east":{"uv":[8.375,6.375,9.5,6.625],"texture":"#1"}}},{"from":[18,15.875,10],"to":[25,17.875,19],"rotation":{"origin":[26,15.875,11],"axis":"y","angle":-22.5},"faces":{"down":{"uv":[3.625,7,2.75,8.125],"texture":"#1"},"up":{"uv":[7.875,3.625,7,2.5],"texture":"#1"},"north":{"uv":[5.375,8.75,6.25,9],"texture":"#1"},"south":{"uv":[8.75,7.5,9.625,7.75],"texture":"#1"},"west":{"uv":[0.875,8.5,2,8.75],"texture":"#1"},"east":{"uv":[7,8.375,8.125,8.625],"texture":"#1"}}},{"from":[12,17.875,10],"to":[21,19.875,17],"rotation":{"origin":[20,17.875,18],"axis":"y","angle":-45},"faces":{"down":{"uv":[8.125,3.625,7,4.5],"texture":"#1"},"up":{"uv":[4.75,7.875,3.625,7],"texture":"#1"},"north":{"uv":[8.5,2.5,9.625,2.75],"texture":"#1"},"south":{"uv":[8.5,2.75,9.625,3],"texture":"#1"},"west":{"uv":[2.375,8.875,3.25,9.125],"texture":"#1"},"east":{"uv":[8.875,1.625,9.75,1.875],"texture":"#1"}}},{"from":[9,14.525,1],"to":[16,15.525,10],"faces":{"down":{"uv":[2.75,6.125,1.875,7.25],"texture":"#1"},"up":{"uv":[1.875,7.25,1,6.125],"texture":"#1"},"north":{"uv":[9,8.875,9.875,9],"texture":"#1"},"south":{"uv":[9.125,3.5,10,3.625],"texture":"#1"},"west":{"uv":[9,8.625,10.125,8.75],"texture":"#1"},"east":{"uv":[9,8.5,10.125,8.625],"texture":"#1"}}},{"from":[1,14.525,1],"to":[8,15.525,10],"faces":{"down":{"uv":[1.875,6.125,2.75,7.25],"texture":"#1"},"up":{"uv":[1,7.25,1.875,6.125],"texture":"#1"},"north":{"uv":[9.875,8.875,9,9],"texture":"#1"},"south":{"uv":[10,3.5,9.125,3.625],"texture":"#1"},"west":{"uv":[10.125,8.5,9,8.625],"texture":"#1"},"east":{"uv":[10.125,8.625,9,8.75],"texture":"#1"}}},{"from":[7.7,18.225,1],"to":[15.7,18.226,10],"rotation":{"origin":[15.7,17.225,0],"axis":"z","angle":22.5},"faces":{"down":{"uv":[7,3.875,6,2.75],"texture":"#1"},"up":{"uv":[7,3.875,6,2.75],"texture":"#1"},"north":{"uv":[0,0,1,0],"texture":"#1"},"south":{"uv":[0,0,1,0],"texture":"#1"},"west":{"uv":[0,0,1.125,0],"texture":"#1"},"east":{"uv":[0,0,1.125,0],"texture":"#1"}}},{"from":[1.3,18.225,1],"to":[9.3,18.226,10],"rotation":{"origin":[1.3,17.225,0],"axis":"z","angle":-22.5},"faces":{"down":{"uv":[7,6.125,6,5],"texture":"#1"},"up":{"uv":[7,6.125,6,5],"texture":"#1"},"north":{"uv":[0,0,1,0],"texture":"#1"},"south":{"uv":[0,0,1,0],"texture":"#1"},"west":{"uv":[0,0,1.125,0],"texture":"#1"},"east":{"uv":[0,0,1.125,0],"texture":"#1"}}},{"from":[-14.2853,14,1.5147],"to":[-8.285297,15,7.5147],"rotation":{"origin":[2.2,0,0],"axis":"y","angle":45},"faces":{"down":{"uv":[1.125,7.25,0.375,8],"texture":"#1"},"up":{"uv":[3.5,6.875,2.75,6.125],"texture":"#1"},"north":{"uv":[2.75,6.875,3.5,7],"texture":"#1"},"south":{"uv":[9.25,9.125,10,9.25],"texture":"#1"},"west":{"uv":[9.25,9.25,10,9.375],"texture":"#1"},"east":{"uv":[4.25,9.25,5,9.375],"texture":"#1"}}},{"from":[-13.2853,19,2.5147],"to":[-9.285297,20,6.5147],"rotation":{"origin":[2.2,0,0],"axis":"y","angle":45},"faces":{"down":{"uv":[9.125,7.75,8.625,8.25],"texture":"#1"},"up":{"uv":[8,9.125,7.5,8.625],"texture":"#1"},"north":{"uv":[8.25,9.5,8.75,9.625],"texture":"#1"},"south":{"uv":[9.25,9.5,9.75,9.625],"texture":"#1"},"west":{"uv":[0.25,9.625,0.75,9.75],"texture":"#1"},"east":{"uv":[8.75,9.5,9.25,9.625],"texture":"#1"}}},{"from":[-11.7853,16,4.0397],"to":[-10.7853,17,5.0397],"rotation":{"origin":[2.2,1,0],"axis":"y","angle":45},"faces":{"down":{"uv":[8.5,9.25,8.375,9.375],"texture":"#1"},"up":{"uv":[3.25,9.375,3.125,9.25],"texture":"#1"},"north":{"uv":[8,9,8.125,9.125],"texture":"#1"},"south":{"uv":[8,9.125,8.125,9.25],"texture":"#1"},"west":{"uv":[1.375,9.25,1.5,9.375],"texture":"#1"},"east":{"uv":[3.125,9.125,3.25,9.25],"texture":"#1"}}},{"from":[-11.5853,24.9,4.2397],"to":[-10.9853,26.5,4.8397],"rotation":{"origin":[2.2,1,0],"axis":"y","angle":45},"faces":{"down":{"uv":[3.25,9.375,3.125,9.5],"texture":"#1"},"up":{"uv":[1.5,9.5,1.375,9.375],"texture":"#1"},"north":{"uv":[3.5,8.125,3.625,8.375],"texture":"#1"},"south":{"uv":[3.5,8.375,3.625,8.625],"texture":"#1"},"west":{"uv":[8,8.625,8.125,8.875],"texture":"#1"},"east":{"uv":[4.625,8.25,4.75,8.5],"texture":"#1"}}},{"from":[-12.2853,17,3.5147],"to":[-10.2853,19,5.5147],"rotation":{"origin":[2.2,1,0],"axis":"y","angle":45},"faces":{"down":{"uv":[9.75,8,9.5,8.25],"texture":"#1"},"up":{"uv":[9.75,8,9.5,7.75],"texture":"#1"},"north":{"uv":[1.25,9.5,1.5,9.75],"texture":"#1"},"south":{"uv":[5,9.5,5.25,9.75],"texture":"#1"},"west":{"uv":[5.625,9.5,5.875,9.75],"texture":"#1"},"east":{"uv":[3.875,9.5,4.125,9.75],"texture":"#1"}}},{"from":[-12.2853,15,3.5147],"to":[-10.2853,16,5.5147],"rotation":{"origin":[2.2,1,0],"axis":"y","angle":45},"faces":{"down":{"uv":[0.25,9.5,0,9.75],"texture":"#1"},"up":{"uv":[7,2.75,6.75,2.5],"texture":"#1"},"north":{"uv":[9.625,3.875,9.875,4],"texture":"#1"},"south":{"uv":[4.125,9.625,4.375,9.75],"texture":"#1"},"west":{"uv":[9.625,4.125,9.875,4.25],"texture":"#1"},"east":{"uv":[9.625,4,9.875,4.125],"texture":"#1"}}},{"from":[-12.2853,20,3.5147],"to":[-10.2853,25,5.5147],"rotation":{"origin":[2.2,1,0],"axis":"y","angle":45},"faces":{"down":{"uv":[1.25,9.625,1,9.875],"texture":"#1"},"up":{"uv":[1,9.875,0.75,9.625],"texture":"#1"},"north":{"uv":[3.25,8.875,3.5,9.5],"texture":"#1"},"south":{"uv":[1.75,9,2,9.625],"texture":"#1"},"west":{"uv":[5.875,9,6.125,9.625],"texture":"#1"},"east":{"uv":[1.5,9,1.75,9.625],"texture":"#1"}}}],"display":{"thirdperson_righthand":{"rotation":[75,16,0],"translation":[0,2.5,0],"scale":[0.375,0.375,0.375]},"thirdperson_lefthand":{"rotation":[75,16,0],"translation":[0,2.5,0],"scale":[0.375,0.375,0.375]},"firstperson_righthand":{"rotation":[0,151,0],"translation":[-4,0,-1.5],"scale":[0.4,0.4,0.4]},"firstperson_lefthand":{"rotation":[0,151,0],"translation":[-4,0,-1.5],"scale":[0.4,0.4,0.4]},"gui":{"rotation":[30,225,0],"translation":[0,-1.75,0],"scale":[0.39063,0.39063,0.39063]},"ground":{"translation":[0,3,0],"scale":[0.25,0.25,0.25]},"fixed":{"rotation":[-90,0,0],"translation":[0,0,-11.5],"scale":[1.45,1.45,1.45]}}}