{
	"credit": "Made with Blockbench",
	"texture_size": [32, 32],
	"textures": {
		"0": "furniture/blocks/darkwood_side",
		"1": "furniture/blocks/gray_stained_glass",
		"2": "furniture/blocks/anvil",
		"3": "furniture/blocks/note_block",
		"4": "furniture/blocks/stripped_oak_log",
		"5": "furniture/blocks/static",
		"particle": "cupboard/darkwood_side"
	},
	"elements": [
		{
			"from": [0, 4, 3],
			"to": [16, 6, 13],
			"faces": {
				"north": {"uv": [0, 0, 16, 9], "texture": "#0"},
				"east": {"uv": [0, 0, 16, 1.5], "texture": "#0"},
				"south": {"uv": [0, 0, 16, 1.5], "texture": "#0"},
				"west": {"uv": [0, 0, 16, 2.5], "texture": "#0"},
				"up": {"uv": [0, 0, 8, 5], "texture": "#0"},
				"down": {"uv": [0, 0, 16, 16], "texture": "#0"}
			}
		},
		{
			"from": [2, 1, 11],
			"to": [3, 9, 12],
			"rotation": {"angle": -45, "axis": "z", "origin": [0, 0, 0]},
			"faces": {
				"north": {"uv": [0, 0, 1.5, 16], "texture": "#0"},
				"east": {"uv": [0, 0, 1.5, 16], "texture": "#0"},
				"south": {"uv": [0, 0, 1.5, 16], "texture": "#0"},
				"west": {"uv": [0, 0, 1.5, 16], "texture": "#0"},
				"up": {"uv": [0, 0, 2, 2.5], "texture": "#0"},
				"down": {"uv": [0, 0, 2, 2.5], "texture": "#0"}
			}
		},
		{
			"from": [2, 1, 4],
			"to": [3, 9, 5],
			"rotation": {"angle": -45, "axis": "z", "origin": [0, 0, 0]},
			"faces": {
				"north": {"uv": [0, 0, 1.5, 16], "texture": "#0"},
				"east": {"uv": [0, 0, 1.5, 16], "texture": "#0"},
				"south": {"uv": [0, 0, 1.5, 16], "texture": "#0"},
				"west": {"uv": [0, 0, 1.5, 16], "texture": "#0"},
				"up": {"uv": [0, 0, 2, 2.5], "texture": "#0"},
				"down": {"uv": [0, 0, 2, 2.5], "texture": "#0"}
			}
		},
		{
			"from": [8, -10, 11],
			"to": [9, -2, 12],
			"rotation": {"angle": 45, "axis": "z", "origin": [0, 0, 0]},
			"faces": {
				"north": {"uv": [0, 0, 1.5, 16], "texture": "#0"},
				"east": {"uv": [0, 0, 1.5, 16], "texture": "#0"},
				"south": {"uv": [0, 0, 1.5, 16], "texture": "#0"},
				"west": {"uv": [0, 0, 1.5, 16], "texture": "#0"},
				"up": {"uv": [0, 0, 3, 3], "rotation": 270, "texture": "#0"},
				"down": {"uv": [0, 0, 3, 3.5], "rotation": 90, "texture": "#0"}
			}
		},
		{
			"from": [8, -10, 4],
			"to": [9, -2, 5],
			"rotation": {"angle": 45, "axis": "z", "origin": [0, 0, 0]},
			"faces": {
				"north": {"uv": [0, 0, 1.5, 16], "texture": "#0"},
				"east": {"uv": [0, 0, 1.5, 16], "texture": "#0"},
				"south": {"uv": [0, 0, 1.5, 16], "texture": "#0"},
				"west": {"uv": [0, 0, 1.5, 16], "texture": "#0"},
				"up": {"uv": [0, 0, 3, 3], "rotation": 270, "texture": "#0"},
				"down": {"uv": [0, 0, 3, 3.5], "rotation": 90, "texture": "#0"}
			}
		},
		{
			"from": [13, -1, 11],
			"to": [14, 5, 12],
			"faces": {
				"north": {"uv": [0, 0, 1.5, 16], "texture": "#0"},
				"east": {"uv": [0, 0, 1.5, 16], "texture": "#0"},
				"south": {"uv": [0, 0, 1.5, 16], "texture": "#0"},
				"west": {"uv": [0, 0, 1.5, 16], "texture": "#0"},
				"up": {"uv": [0, 0, 0.5, 0.5], "texture": "#0"},
				"down": {"uv": [0, 0, 0.5, 0.5], "texture": "#0"}
			}
		},
		{
			"from": [13, -1, 4],
			"to": [14, 5, 5],
			"faces": {
				"north": {"uv": [0, 0, 1.5, 16], "texture": "#0"},
				"east": {"uv": [0, 0, 1.5, 16], "texture": "#0"},
				"south": {"uv": [0, 0, 1.5, 16], "texture": "#0"},
				"west": {"uv": [0, 0, 1.5, 16], "texture": "#0"},
				"up": {"uv": [0, 0, 0.5, 0.5], "texture": "#0"},
				"down": {"uv": [0, 0, 0.5, 0.5], "texture": "#0"}
			}
		},
		{
			"from": [2, -1, 4],
			"to": [3, 5, 5],
			"faces": {
				"north": {"uv": [0, 0, 1.5, 16], "texture": "#0"},
				"east": {"uv": [0, 0, 1.5, 16], "texture": "#0"},
				"south": {"uv": [0, 0, 1.5, 16], "texture": "#0"},
				"west": {"uv": [0, 0, 1.5, 16], "texture": "#0"},
				"up": {"uv": [0, 0, 0.5, 0.5], "texture": "#0"},
				"down": {"uv": [0, 0, 0.5, 0.5], "texture": "#0"}
			}
		},
		{
			"from": [2, -1, 11],
			"to": [3, 5, 12],
			"faces": {
				"north": {"uv": [0, 0, 1.5, 16], "texture": "#0"},
				"east": {"uv": [0, 0, 1.5, 16], "texture": "#0"},
				"south": {"uv": [0, 0, 1.5, 16], "texture": "#0"},
				"west": {"uv": [0, 0, 1.5, 16], "texture": "#0"},
				"up": {"uv": [0, 0, 0.5, 0.5], "texture": "#0"},
				"down": {"uv": [0, 0, 0.5, 0.5], "texture": "#0"}
			}
		},
		{
			"from": [0, 6, 3],
			"to": [3, 14, 12],
			"faces": {
				"north": {"uv": [0, 0, 8, 16], "texture": "#4"},
				"east": {"uv": [0, 0, 4.5, 4], "texture": "#4"},
				"south": {"uv": [0, 0, 1.5, 4], "texture": "#4"},
				"west": {"uv": [0, 0, 16, 16], "texture": "#4"},
				"up": {"uv": [0, 0, 1.5, 4.5], "texture": "#4"},
				"down": {"uv": [0, 0, 1.5, 4.5], "texture": "#4"}
			}
		},
		{
			"from": [13, 6, 3],
			"to": [16, 14, 12],
			"faces": {
				"north": {"uv": [0, 0, 8, 16], "texture": "#4"},
				"east": {"uv": [0, 0, 16, 16], "texture": "#4"},
				"south": {"uv": [0, 0, 1.5, 4], "texture": "#4"},
				"west": {"uv": [0, 0, 4.5, 4], "texture": "#4"},
				"up": {"uv": [0, 0, 1.5, 4.5], "texture": "#4"},
				"down": {"uv": [0, 0, 1.5, 4.5], "texture": "#4"}
			}
		},
		{
			"from": [3, 6, 3],
			"to": [13, 14, 4],
			"faces": {
				"north": {"uv": [0, 0, 16, 16], "texture": "#0"},
				"east": {"uv": [0, 0, 1, 4], "texture": "#0"},
				"south": {"uv": [0, 0, 5, 4], "texture": "#0"},
				"west": {"uv": [0, 0, 1, 4], "texture": "#0"},
				"up": {"uv": [0, 0, 5, 1], "texture": "#0"},
				"down": {"uv": [0, 0, 5, 1], "texture": "#0"}
			}
		},
		{
			"from": [3, 13, 4],
			"to": [13, 14, 13],
			"faces": {
				"north": {"uv": [0, 0, 5, 0.5], "texture": "#2"},
				"east": {"uv": [0, 0, 5, 0.5], "texture": "#2"},
				"south": {"uv": [0, 0, 16, 2], "texture": "#2"},
				"west": {"uv": [0, 0, 5, 0.5], "texture": "#2"},
				"up": {"uv": [0, 0, 5, 5], "texture": "#2"},
				"down": {"uv": [0, 0, 16, 16], "texture": "#2"}
			}
		},
		{
			"from": [0, 14, 3],
			"to": [16, 15, 13],
			"faces": {
				"north": {"uv": [2.5, 0, 15, 3], "texture": "#0"},
				"east": {"uv": [0, 0, 5, 0.5], "texture": "#0"},
				"south": {"uv": [0, 0, 8, 0.5], "texture": "#0"},
				"west": {"uv": [0, 0, 5, 0.5], "texture": "#0"},
				"up": {"uv": [0, 0, 16, 7.5], "texture": "#0"},
				"down": {"uv": [0, 0, 8, 5], "texture": "#0"}
			}
		},
		{
			"from": [0, 6, 12],
			"to": [3, 14, 13],
			"faces": {
				"north": {"uv": [0, 0, 1.5, 4], "texture": "#3"},
				"east": {"uv": [13.5, 0, 16, 16], "texture": "#3"},
				"south": {"uv": [2.5, 0, 13.5, 16], "texture": "#3"},
				"west": {"uv": [0, 0, 2.5, 16], "texture": "#3"},
				"up": {"uv": [0, 0, 1.5, 0.5], "texture": "#3"},
				"down": {"uv": [0, 0, 1.5, 0.5], "texture": "#3"}
			}
		},
		{
			"from": [13, 8, 12],
			"to": [16, 14, 13],
			"faces": {
				"north": {"uv": [0, 0, 1.5, 3], "texture": "#3"},
				"east": {"uv": [11.5, 0, 16, 16], "texture": "#3"},
				"south": {"uv": [2.5, 0, 13.5, 16], "texture": "#3"},
				"west": {"uv": [0, 0, 5, 16], "texture": "#3"},
				"up": {"uv": [0, 0, 1.5, 0.5], "texture": "#3"},
				"down": {"uv": [0, 0, 1.5, 0.5], "texture": "#3"}
			}
		},
		{
			"from": [13, 6, 12],
			"to": [16, 8, 13],
			"faces": {
				"north": {"uv": [0, 0, 1.5, 1], "texture": "#2"},
				"east": {"uv": [0, 0, 16, 15], "texture": "#2"},
				"south": {"uv": [0, 0, 15.5, 16], "texture": "#2"},
				"west": {"uv": [0, 0, 16, 16], "texture": "#2"},
				"up": {"uv": [0, 0, 1.5, 0.5], "texture": "#2"},
				"down": {"uv": [0, 0, 1.5, 0.5], "texture": "#2"}
			}
		},
		{
			"from": [14, 5, 13],
			"to": [16, 7, 14],
			"faces": {
				"north": {"uv": [1.5, 10.5, 2.5, 11.5], "texture": "#3"},
				"east": {"uv": [3, 12, 3.5, 13], "texture": "#3"},
				"south": {"uv": [1.5, 11, 2.5, 12], "texture": "#3"},
				"west": {"uv": [2, 11, 2.5, 12], "texture": "#3"},
				"up": {"uv": [3, 13, 4, 13.5], "texture": "#3"},
				"down": {"uv": [3.5, 11, 4.5, 11.5], "texture": "#3"}
			}
		},
		{
			"from": [12, 5, 13],
			"to": [13, 6, 14],
			"faces": {
				"north": {"uv": [1.5, 10.5, 2.5, 11.5], "texture": "#3"},
				"east": {"uv": [3, 12, 3.5, 13], "texture": "#3"},
				"south": {"uv": [1.5, 11, 2.5, 12], "texture": "#3"},
				"west": {"uv": [2, 11, 2.5, 12], "texture": "#3"},
				"up": {"uv": [3, 13, 4, 13.5], "texture": "#3"},
				"down": {"uv": [3.5, 11, 4.5, 11.5], "texture": "#3"}
			}
		},
		{
			"from": [10, 5, 13],
			"to": [11, 6, 14],
			"faces": {
				"north": {"uv": [1.5, 10.5, 2.5, 11.5], "texture": "#3"},
				"east": {"uv": [3, 12, 3.5, 13], "texture": "#3"},
				"south": {"uv": [1.5, 11, 2.5, 12], "texture": "#3"},
				"west": {"uv": [2, 11, 2.5, 12], "texture": "#3"},
				"up": {"uv": [3, 13, 4, 13.5], "texture": "#3"},
				"down": {"uv": [3.5, 11, 4.5, 11.5], "texture": "#3"}
			}
		},
		{
			"from": [8, 5, 13],
			"to": [9, 6, 14],
			"faces": {
				"north": {"uv": [1.5, 10.5, 2.5, 11.5], "texture": "#3"},
				"east": {"uv": [3, 12, 3.5, 13], "texture": "#3"},
				"south": {"uv": [1.5, 11, 2.5, 12], "texture": "#3"},
				"west": {"uv": [2, 11, 2.5, 12], "texture": "#3"},
				"up": {"uv": [3, 13, 4, 13.5], "texture": "#3"},
				"down": {"uv": [3.5, 11, 4.5, 11.5], "texture": "#3"}
			}
		},
		{
			"from": [13, 15, 4],
			"to": [15, 16, 6],
			"faces": {
				"north": {"uv": [1.5, 11, 2.5, 11.5], "texture": "#3"},
				"east": {"uv": [3, 12, 3.5, 13], "texture": "#3"},
				"south": {"uv": [1.5, 11.5, 2, 12], "texture": "#3"},
				"west": {"uv": [2, 11, 2.5, 12], "texture": "#3"},
				"up": {"uv": [7, 6, 7.5, 6.5], "texture": "#3"},
				"down": {"uv": [3.5, 11, 4.5, 11.5], "texture": "#3"}
			}
		},
		{
			"from": [20, 1, 5],
			"to": [21, 7, 5],
			"rotation": {"angle": 45, "axis": "z", "origin": [0, 0, 0]},
			"faces": {
				"north": {"uv": [1.5, 11, 2.5, 11.5], "texture": "#3"},
				"east": {"uv": [3, 12, 3.5, 13], "texture": "#3"},
				"south": {"uv": [2, 11.5, 3, 12], "texture": "#3"},
				"west": {"uv": [2, 11, 2.5, 12], "texture": "#3"},
				"up": {"uv": [7, 6, 7.5, 6.5], "texture": "#3"},
				"down": {"uv": [3.5, 11, 4.5, 11.5], "texture": "#3"}
			}
		},
		{
			"from": [14, 16, 5],
			"to": [15, 25, 5],
			"faces": {
				"north": {"uv": [1.5, 11, 2.5, 11.5], "texture": "#3"},
				"east": {"uv": [3, 12, 3.5, 13], "texture": "#3"},
				"south": {"uv": [2, 11.5, 3, 12], "texture": "#3"},
				"west": {"uv": [2, 11, 2.5, 12], "texture": "#3"},
				"up": {"uv": [7, 6, 7.5, 6.5], "texture": "#3"},
				"down": {"uv": [3.5, 11, 4.5, 11.5], "texture": "#3"}
			}
		},
		{
			"from": [19, 6, 5],
			"to": [20, 12, 5],
			"rotation": {"angle": 45, "axis": "z", "origin": [0, 0, 0]},
			"faces": {
				"north": {"uv": [1.5, 11, 2.5, 11.5], "texture": "#3"},
				"east": {"uv": [3, 12, 3.5, 13], "texture": "#3"},
				"south": {"uv": [1.5, 11.5, 2.5, 12], "texture": "#3"},
				"west": {"uv": [2, 11, 2.5, 12], "texture": "#3"},
				"up": {"uv": [7, 6, 7.5, 6.5], "texture": "#3"},
				"down": {"uv": [3.5, 11, 4.5, 11.5], "texture": "#3"}
			}
		},
		{
			"from": [3, 6, 4],
			"to": [13, 13, 12],
			"faces": {
				"north": {"uv": [0, 0, 5, 3.5], "texture": "#5"},
				"east": {"uv": [0, 0, 1, 3.5], "texture": "#5"},
				"south": {"uv": [0, 0, 15.92, 15.76], "texture": "#5"},
				"west": {"uv": [0, 0, 1, 3.5], "texture": "#5"},
				"up": {"uv": [0, 0, 5, 1], "texture": "#5"},
				"down": {"uv": [0, 0, 5, 1], "texture": "#5"}
			}
		}
	],
	"display": {
		"thirdperson_righthand": {
			"scale": [0.4, 0.4, 0.4]
		},
		"thirdperson_lefthand": {
			"scale": [0.4, 0.4, 0.4]
		},
		"firstperson_righthand": {
			"translation": [0, 1.5, 0],
			"scale": [0.45, 0.45, 0.45]
		},
		"firstperson_lefthand": {
			"translation": [0, 1.5, 0],
			"scale": [0.45, 0.45, 0.45]
		},
		"ground": {
			"scale": [0.4, 0.4, 0.4]
		},
		"gui": {
			"rotation": [-30, -38, -29],
			"scale": [0.7, 0.7, 0.7]
		},
		"fixed": {
			"rotation": [-90, -180, 0],
			"translation": [0, 0, -19],
			"scale": [1.95, 1.95, 1.94]
		}
	}
}