{
	"credit": "Made with Blockbench",
	"texture_size": [32, 32],
	"textures": {
		"0": "furniture/blocks/quartz_block_side",
		"1": "furniture/blocks/gray_concrete",
		"2": "furniture/blocks/anvil",
		"3": "furniture/blocks/light_gray_concrete_powder"
	},
	"elements": [
		{
			"from": [2, -1, 3],
			"to": [4, 2, 5],
			"faces": {
				"north": {"uv": [0, 0, 16, 16], "texture": "#2"},
				"east": {"uv": [0, 0, 16, 16], "texture": "#2"},
				"south": {"uv": [0, 0, 16, 16], "texture": "#2"},
				"west": {"uv": [0, 0, 16, 16], "texture": "#2"},
				"up": {"uv": [0, 0, 1, 1], "texture": "#2"},
				"down": {"uv": [0, 0, 1, 1], "texture": "#2"}
			}
		},
		{
			"from": [12, -1, 3],
			"to": [14, 2, 5],
			"faces": {
				"north": {"uv": [0, 0, 16, 16], "texture": "#2"},
				"east": {"uv": [0, 0, 16, 16], "texture": "#2"},
				"south": {"uv": [0, 0, 16, 16], "texture": "#2"},
				"west": {"uv": [0, 0, 16, 16], "texture": "#2"},
				"up": {"uv": [0, 0, 1, 1], "texture": "#2"},
				"down": {"uv": [0, 0, 1, 1], "texture": "#2"}
			}
		},
		{
			"from": [12, -1, 12],
			"to": [14, 2, 14],
			"faces": {
				"north": {"uv": [0, 0, 16, 16], "texture": "#2"},
				"east": {"uv": [0, 0, 16, 16], "texture": "#2"},
				"south": {"uv": [0, 0, 16, 16], "texture": "#2"},
				"west": {"uv": [0, 0, 16, 16], "texture": "#2"},
				"up": {"uv": [0, 0, 1, 1], "texture": "#2"},
				"down": {"uv": [0, 0, 1, 1], "texture": "#2"}
			}
		},
		{
			"from": [2, -1, 12],
			"to": [4, 2, 14],
			"faces": {
				"north": {"uv": [0, 0, 16, 16], "texture": "#2"},
				"east": {"uv": [0, 0, 16, 16], "texture": "#2"},
				"south": {"uv": [0, 0, 16, 16], "texture": "#2"},
				"west": {"uv": [0, 0, 16, 16], "texture": "#2"},
				"up": {"uv": [0, 0, 1, 1], "texture": "#2"},
				"down": {"uv": [0, 0, 1, 1], "texture": "#2"}
			}
		},
		{
			"from": [1, 3, 2],
			"to": [15, 21, 15],
			"faces": {
				"north": {"uv": [0, 0, 15.5, 15.5], "texture": "#0"},
				"east": {"uv": [0, 0, 6.5, 10.5], "texture": "#0"},
				"south": {"uv": [2.5, 0, 15.5, 10.5], "texture": "#0"},
				"west": {"uv": [0, 0, 15.5, 3], "texture": "#0"},
				"up": {"uv": [0, 0, 7, 6.5], "texture": "#0"},
				"down": {"uv": [0, 0, 7, 6.5], "texture": "#0"}
			}
		},
		{
			"from": [1, 22, 2],
			"to": [15, 30, 15],
			"faces": {
				"north": {"uv": [0, 0, 15.5, 2.5], "texture": "#0"},
				"east": {"uv": [0, 0, 6.5, 2.5], "texture": "#0"},
				"south": {"uv": [2.5, 0, 15.5, 2.5], "texture": "#0"},
				"west": {"uv": [0, 0, 15.5, 2], "texture": "#0"},
				"up": {"uv": [0, 0, 15.5, 1.5], "texture": "#0"},
				"down": {"uv": [0, 0, 7, 6.5], "texture": "#0"}
			}
		},
		{
			"from": [1, 21, 2],
			"to": [15, 22, 15],
			"faces": {
				"north": {"uv": [0, 0, 15.5, 1], "texture": "#3"},
				"east": {"uv": [0, 0, 16, 1], "texture": "#3"},
				"south": {"uv": [0, 0, 15.5, 1], "texture": "#3"},
				"west": {"uv": [0, 0, 6.5, 0.5], "texture": "#3"},
				"up": {"uv": [0, 0, 7, 6.5], "texture": "#3"},
				"down": {"uv": [0, 0, 7, 6.5], "texture": "#3"}
			}
		},
		{
			"from": [0, 21, 3],
			"to": [1, 22, 14],
			"faces": {
				"north": {"uv": [0, 0, 15.5, 1], "texture": "#3"},
				"east": {"uv": [0, 0, 6.5, 0.5], "texture": "#3"},
				"south": {"uv": [0, 0, 7, 0.5], "texture": "#3"},
				"west": {"uv": [0, 0, 16, 1], "texture": "#3"},
				"up": {"uv": [0, 0, 7, 6.5], "texture": "#3"},
				"down": {"uv": [0, 0, 7, 6.5], "texture": "#3"}
			}
		},
		{
			"from": [15, 21, 3],
			"to": [16, 22, 14],
			"faces": {
				"north": {"uv": [0, 0, 15.5, 1], "texture": "#3"},
				"east": {"uv": [0, 0, 16, 0.5], "texture": "#3"},
				"south": {"uv": [0, 0, 7, 0.5], "texture": "#3"},
				"west": {"uv": [0, 0, 6.5, 0.5], "texture": "#3"},
				"up": {"uv": [0, 0, 7, 6.5], "texture": "#3"},
				"down": {"uv": [0, 0, 7, 6.5], "texture": "#3"}
			}
		},
		{
			"from": [2, 30, 2],
			"to": [14, 31, 15],
			"faces": {
				"north": {"uv": [0, 0, 6, 0.5], "texture": "#0"},
				"east": {"uv": [0, 0, 6.5, 0.5], "texture": "#0"},
				"south": {"uv": [0, 0, 15.5, 0.5], "texture": "#0"},
				"west": {"uv": [0, 0, 6.5, 0.5], "texture": "#0"},
				"up": {"uv": [0, 0, 15.5, 15.5], "texture": "#0"},
				"down": {"uv": [0, 0, 6, 6.5], "texture": "#0"}
			}
		},
		{
			"from": [1, 30, 3],
			"to": [2, 31, 14],
			"faces": {
				"north": {"uv": [0, 0, 0.5, 0.5], "texture": "#0"},
				"east": {"uv": [0, 0, 5.5, 0.5], "texture": "#0"},
				"south": {"uv": [0, 0, 0.5, 0.5], "texture": "#0"},
				"west": {"uv": [0, 0, 15.5, 1.5], "texture": "#0"},
				"up": {"uv": [0, 0, 15.5, 2.5], "texture": "#0"},
				"down": {"uv": [0, 0, 0.5, 5.5], "texture": "#0"}
			}
		},
		{
			"from": [14, 30, 3],
			"to": [15, 31, 14],
			"faces": {
				"north": {"uv": [0, 0, 0.5, 0.5], "texture": "#0"},
				"east": {"uv": [0, 0, 15, 0.5], "texture": "#0"},
				"south": {"uv": [0, 0, 0.5, 0.5], "texture": "#0"},
				"west": {"uv": [0, 0, 5.5, 0.5], "texture": "#0"},
				"up": {"uv": [0, 0, 16, 1.5], "texture": "#0"},
				"down": {"uv": [0, 0, 0.5, 5.5], "texture": "#0"}
			}
		},
		{
			"from": [2, 2, 2],
			"to": [14, 3, 15],
			"faces": {
				"north": {"uv": [0, 12.5, 15.5, 16], "texture": "#0"},
				"east": {"uv": [0, 0, 6.5, 0.5], "texture": "#0"},
				"south": {"uv": [0, 0, 15.5, 1], "texture": "#0"},
				"west": {"uv": [0, 0.5, 15.5, 14.5], "texture": "#0"},
				"up": {"uv": [0, 0, 6, 6.5], "texture": "#0"},
				"down": {"uv": [0, 0, 16, 16], "texture": "#0"}
			}
		},
		{
			"from": [10, 4, 1],
			"to": [14, 29, 2],
			"faces": {
				"north": {"uv": [9.5, 0, 15.5, 16], "texture": "#1"},
				"east": {"uv": [0, 0, 0.5, 10.5], "texture": "#1"},
				"south": {"uv": [0, 0, 2, 10.5], "texture": "#1"},
				"west": {"uv": [0, 0, 0.5, 10.5], "texture": "#1"},
				"up": {"uv": [0, 0, 2, 0.5], "texture": "#1"},
				"down": {"uv": [0, 0, 2, 0.5], "texture": "#1"}
			}
		},
		{
			"from": [0, 13, 1],
			"to": [4, 15, 2],
			"faces": {
				"north": {"uv": [0, 0, 15, 2], "texture": "#1"},
				"east": {"uv": [0, 0, 0.5, 1], "texture": "#1"},
				"south": {"uv": [0, 0, 2, 1], "texture": "#1"},
				"west": {"uv": [0, 0, 0.5, 1], "texture": "#1"},
				"up": {"uv": [0, 0, 2, 0.5], "texture": "#1"},
				"down": {"uv": [0, 0, 2, 0.5], "texture": "#1"}
			}
		},
		{
			"from": [0, 24, 1],
			"to": [3, 25, 2],
			"faces": {
				"north": {"uv": [0.5, 0, 16, 3], "texture": "#1"},
				"east": {"uv": [0, 0, 0.5, 1], "texture": "#1"},
				"south": {"uv": [0, 0, 2, 1], "texture": "#1"},
				"west": {"uv": [0, 0, 0.5, 1], "texture": "#1"},
				"up": {"uv": [0, 0, 2, 0.5], "texture": "#1"},
				"down": {"uv": [0, 0, 2, 0.5], "texture": "#1"}
			}
		},
		{
			"from": [-1, 13, 2],
			"to": [1, 15, 6],
			"faces": {
				"north": {"uv": [0, 0, 1, 1], "texture": "#1"},
				"east": {"uv": [0, 0, 2, 1], "texture": "#1"},
				"south": {"uv": [0, 0, 1, 1], "texture": "#1"},
				"west": {"uv": [0, 0, 16, 4.5], "texture": "#1"},
				"up": {"uv": [0, 0, 2, 1], "rotation": 270, "texture": "#1"},
				"down": {"uv": [0, 0, 2, 1], "rotation": 90, "texture": "#1"}
			}
		},
		{
			"from": [-1, 24, 2],
			"to": [1, 25, 4],
			"faces": {
				"north": {"uv": [0, 0, 1, 1], "texture": "#1"},
				"east": {"uv": [0, 0, 2, 1], "texture": "#1"},
				"south": {"uv": [0, 0, 1, 1], "texture": "#1"},
				"west": {"uv": [0, 0, 16, 16], "texture": "#1"},
				"up": {"uv": [0, 0, 2, 1], "rotation": 270, "texture": "#1"},
				"down": {"uv": [0, 0, 2, 1], "rotation": 90, "texture": "#1"}
			}
		},
		{
			"from": [15, 4, 3],
			"to": [16, 21, 14],
			"faces": {
				"north": {"uv": [0, 0, 0.5, 10], "texture": "#0"},
				"east": {"uv": [0, 0, 5.5, 10], "texture": "#0"},
				"south": {"uv": [0, 0, 0.5, 10], "texture": "#0"},
				"west": {"uv": [0, 0, 5.5, 10], "texture": "#0"},
				"up": {"uv": [0, 0, 0.5, 5.5], "texture": "#0"},
				"down": {"uv": [0, 0, 0.5, 5.5], "texture": "#0"}
			}
		},
		{
			"from": [15, 22, 3],
			"to": [16, 30, 14],
			"faces": {
				"north": {"uv": [0, 0, 0.5, 4], "texture": "#0"},
				"east": {"uv": [0, 0, 5.5, 4], "texture": "#0"},
				"south": {"uv": [0, 0, 0.5, 4], "texture": "#0"},
				"west": {"uv": [0, 0, 5.5, 4], "texture": "#0"},
				"up": {"uv": [0, 0, 0.5, 5.5], "texture": "#0"},
				"down": {"uv": [0, 0, 0.5, 5.5], "texture": "#0"}
			}
		},
		{
			"from": [0, 22, 3],
			"to": [1, 30, 14],
			"faces": {
				"north": {"uv": [0, 0, 0.5, 2.5], "texture": "#0"},
				"east": {"uv": [0, 0, 5.5, 2.5], "texture": "#0"},
				"south": {"uv": [0, 0, 0.5, 2.5], "texture": "#0"},
				"west": {"uv": [6.5, 0, 15.5, 2.5], "texture": "#0"},
				"up": {"uv": [0, 0, 15.5, 1.5], "texture": "#0"},
				"down": {"uv": [0, 0, 0.5, 5.5], "texture": "#0"}
			}
		},
		{
			"from": [0, 4, 3],
			"to": [1, 21, 14],
			"faces": {
				"north": {"uv": [0, 0, 0.5, 10], "texture": "#0"},
				"east": {"uv": [0, 0, 5.5, 10], "texture": "#0"},
				"south": {"uv": [0, 0, 0.5, 10], "texture": "#0"},
				"west": {"uv": [6.5, 0, 15.5, 10], "texture": "#0"},
				"up": {"uv": [0, 0, 0.5, 5.5], "texture": "#0"},
				"down": {"uv": [0, 0, 0.5, 5.5], "texture": "#0"}
			}
		},
		{
			"from": [2, 4, 15],
			"to": [13, 29, 16],
			"faces": {
				"north": {"uv": [0, 0, 5.5, 12.5], "texture": "#2"},
				"east": {"uv": [0, 0, 0.5, 12.5], "texture": "#2"},
				"south": {"uv": [0, 0, 8, 16], "texture": "#2"},
				"west": {"uv": [0, 0, 0.5, 12.5], "texture": "#2"},
				"up": {"uv": [0, 0, 5.5, 0.5], "texture": "#2"},
				"down": {"uv": [0, 0, 5.5, 0.5], "texture": "#2"}
			}
		}
	],
	"display": {
		"thirdperson_righthand": {
			"scale": [0.2, 0.2, 0.2]
		},
		"thirdperson_lefthand": {
			"scale": [0.2, 0.2, 0.2]
		},
		"firstperson_righthand": {
			"translation": [1.5, 0.5, 0],
			"scale": [0.24, 0.24, 0.24]
		},
		"firstperson_lefthand": {
			"translation": [1.5, 0.5, 0],
			"scale": [0.24, 0.24, 0.24]
		},
		"ground": {
			"scale": [0.3, 0.3, 0.3]
		},
		"gui": {
			"rotation": [-14, -149, -11],
			"translation": [0, -2.75, 0],
			"scale": [0.4, 0.4, 0.4]
		},
		"fixed": {
			"rotation": [-90, 0, 0],
			"translation": [0, 0, -19],
			"scale": [2, 2, 2]
		}
	}
}