{
	"credit": "Made with Blockbench",
	"texture_size": [32, 32],
	"textures": {
		"0": "furniture/blocks/mushroom_stem",
		"2": "furniture/blocks/stripped_oak_log",
		"3": "furniture/blocks/birch_planks",
		"particle": "furniture/blocks/mushroom_stem"
	},
	"elements": [
		{
			"from": [2, 0, 1],
			"to": [3, 1, 2],
			"faces": {
				"north": {"uv": [0, 0, 8, 8], "texture": "#0"},
				"east": {"uv": [0, 0, 8, 8], "texture": "#0"},
				"south": {"uv": [0, 0, 8, 8], "texture": "#0"},
				"west": {"uv": [0, 0, 8, 8], "texture": "#0"},
				"up": {"uv": [0, 0, 8, 8], "texture": "#0"},
				"down": {"uv": [0, 0, 8, 8], "texture": "#0"}
			}
		},
		{
			"from": [2, 0, 14],
			"to": [3, 1, 15],
			"faces": {
				"north": {"uv": [0, 0, 8, 8], "texture": "#0"},
				"east": {"uv": [0, 0, 8, 8], "texture": "#0"},
				"south": {"uv": [0, 0, 8, 8], "texture": "#0"},
				"west": {"uv": [0, 0, 8, 8], "texture": "#0"},
				"up": {"uv": [0, 0, 8, 8], "texture": "#0"},
				"down": {"uv": [0, 0, 8, 8], "texture": "#0"}
			}
		},
		{
			"from": [14, 0, 14],
			"to": [15, 1, 15],
			"faces": {
				"north": {"uv": [0, 0, 8, 8], "texture": "#0"},
				"east": {"uv": [0, 0, 8, 8], "texture": "#0"},
				"south": {"uv": [0, 0, 8, 8], "texture": "#0"},
				"west": {"uv": [0, 0, 8, 8], "texture": "#0"},
				"up": {"uv": [0, 0, 8, 8], "texture": "#0"},
				"down": {"uv": [0, 0, 8, 8], "texture": "#0"}
			}
		},
		{
			"from": [14, 0, 1],
			"to": [15, 1, 2],
			"faces": {
				"north": {"uv": [0, 0, 8, 8], "texture": "#0"},
				"east": {"uv": [0, 0, 8, 8], "texture": "#0"},
				"south": {"uv": [0, 0, 8, 8], "texture": "#0"},
				"west": {"uv": [0, 0, 8, 8], "texture": "#0"},
				"up": {"uv": [0, 0, 8, 8], "texture": "#0"},
				"down": {"uv": [0, 0, 8, 8], "texture": "#0"}
			}
		},
		{
			"from": [3, 1, 2],
			"to": [14, 3, 14],
			"faces": {
				"north": {"uv": [0, 0, 6, 1], "texture": "#3"},
				"east": {"uv": [0, 0, 6, 1], "texture": "#3"},
				"south": {"uv": [0, 0, 6, 1], "texture": "#3"},
				"west": {"uv": [0, 0, 16, 7.5], "texture": "#3"},
				"up": {"uv": [0, 0, 16, 16], "texture": "#3"},
				"down": {"uv": [0, 0, 16, 16], "texture": "#3"}
			}
		},
		{
			"from": [2, 8, 2],
			"to": [14, 9, 14],
			"faces": {
				"north": {"uv": [0, 0, 6, 0.5], "texture": "#0"},
				"east": {"uv": [0, 0, 6, 0.5], "texture": "#0"},
				"south": {"uv": [0, 0, 6, 0.5], "texture": "#0"},
				"west": {"uv": [0, 0, 16, 2], "texture": "#0"},
				"up": {"uv": [0, 0, 6, 6], "texture": "#0"},
				"down": {"uv": [0, 0, 16, 16], "texture": "#0"}
			}
		},
		{
			"from": [2, 1, 2],
			"to": [3, 3, 14],
			"faces": {
				"north": {"uv": [0, 0, 6, 0.5], "texture": "#0"},
				"east": {"uv": [0, 0, 6, 0.5], "texture": "#0"},
				"south": {"uv": [0, 0, 6, 0.5], "texture": "#0"},
				"west": {"uv": [0, 0, 16, 4.5], "texture": "#0"},
				"up": {"uv": [0, 0, 6, 6], "texture": "#0"},
				"down": {"uv": [0, 0, 16, 16], "texture": "#0"}
			}
		},
		{
			"from": [2, 14, 2],
			"to": [14, 15, 14],
			"faces": {
				"north": {"uv": [0, 0, 6, 0.5], "texture": "#0"},
				"east": {"uv": [0, 0, 6, 0.5], "texture": "#0"},
				"south": {"uv": [0, 0, 6, 0.5], "texture": "#0"},
				"west": {"uv": [0, 0, 16, 3], "texture": "#0"},
				"up": {"uv": [0, 0, 6, 6], "texture": "#0"},
				"down": {"uv": [0, 0, 6, 6], "texture": "#0"}
			}
		},
		{
			"from": [2, 1, 1],
			"to": [15, 15, 2],
			"faces": {
				"north": {"uv": [0, 0, 16, 16], "texture": "#0"},
				"east": {"uv": [0, 0, 8, 16], "texture": "#0"},
				"south": {"uv": [0, 0, 16, 16], "texture": "#0"},
				"west": {"uv": [0, 0, 0.5, 7], "texture": "#0"},
				"up": {"uv": [0, 0, 6.5, 0.5], "texture": "#0"},
				"down": {"uv": [0, 0, 6.5, 0.5], "texture": "#0"}
			}
		},
		{
			"from": [2, 1, 14],
			"to": [15, 15, 15],
			"faces": {
				"north": {"uv": [0, 0, 6.5, 7], "texture": "#0"},
				"east": {"uv": [0, 0, 8, 16], "texture": "#0"},
				"south": {"uv": [0, 0, 16, 16], "texture": "#0"},
				"west": {"uv": [0, 0, 0.5, 7], "texture": "#0"},
				"up": {"uv": [0, 0, 6.5, 0.5], "texture": "#0"},
				"down": {"uv": [0, 0, 6.5, 0.5], "texture": "#0"}
			}
		},
		{
			"from": [14, 1, 2],
			"to": [15, 15, 14],
			"faces": {
				"north": {"uv": [0, 0, 0.5, 7], "texture": "#0"},
				"east": {"uv": [0, 0, 16, 16], "texture": "#0"},
				"south": {"uv": [0, 0, 0.5, 7], "texture": "#0"},
				"west": {"uv": [0, 0, 16, 16], "texture": "#0"},
				"up": {"uv": [0, 0, 0.5, 6], "texture": "#0"},
				"down": {"uv": [0, 0, 0.5, 6], "texture": "#0"}
			}
		},
		{
			"from": [1, 15, 0],
			"to": [16, 17, 16],
			"faces": {
				"north": {"uv": [0, 0, 16, 7.5], "texture": "#3"},
				"east": {"uv": [0, 0, 16, 7.5], "texture": "#3"},
				"south": {"uv": [0, 0, 16, 7.5], "texture": "#3"},
				"west": {"uv": [0, 0, 16, 8], "texture": "#3"},
				"up": {"uv": [0, 0, 16, 16], "texture": "#3"},
				"down": {"uv": [0, 0, 16, 16], "texture": "#3"}
			}
		},
		{
			"from": [3, 9, 2],
			"to": [14, 14, 14],
			"faces": {
				"north": {"uv": [0, 0, 5.5, 2.5], "texture": "#3"},
				"east": {"uv": [0, 0, 6, 2.5], "texture": "#3"},
				"south": {"uv": [0, 0, 5.5, 2.5], "texture": "#3"},
				"west": {"uv": [0, 0, 16, 8], "texture": "#3"},
				"up": {"uv": [0, 0, 5.5, 6], "texture": "#3"},
				"down": {"uv": [0, 0, 5.5, 6], "texture": "#3"}
			}
		},
		{
			"from": [2, 11, 5],
			"to": [3, 12, 11],
			"faces": {
				"north": {"uv": [0, 0, 0.5, 0.5], "texture": "#2"},
				"east": {"uv": [0, 0, 3, 0.5], "texture": "#2"},
				"south": {"uv": [0, 0, 0.5, 0.5], "texture": "#2"},
				"west": {"uv": [0, 1.5, 16, 6], "texture": "#2"},
				"up": {"uv": [0, 0, 0.5, 3], "texture": "#2"},
				"down": {"uv": [0, 0, 0.5, 3], "texture": "#2"}
			}
		}
	],
	"display": {
		"thirdperson_righthand": {
			"scale": [0.25, 0.25, 0.25]
		},
		"thirdperson_lefthand": {
			"rotation": [0, -180, 0],
			"scale": [0.25, 0.25, 0.25]
		},
		"firstperson_righthand": {
			"translation": [3.25, 0, 0],
			"scale": [0.4, 0.4, 0.4]
		},
		"firstperson_lefthand": {
			"rotation": [0, -180, 0],
			"translation": [3.25, 0, 0],
			"scale": [0.4, 0.4, 0.4]
		},
		"ground": {
			"scale": [0.3, 0.3, 0.3]
		},
		"gui": {
			"rotation": [-20, 52, 0],
			"translation": [0, -1, 0],
			"scale": [0.55, 0.55, 0.55]
		},
		"head": {
			"rotation": [0, -180, 0]
		},
		"fixed": {
			"rotation": [-90, -90, 0],
			"translation": [0, 0, -14.5],
			"scale": [2, 1.95, 2]
		}
	}
}