{
	"credit": "Made by Voxelspawns",
	"texture_size": [64, 64],
	"textures": {
		"0": "voxelspawns/vs_thornsset/vs_arrow",
		"12": "voxelspawns/vs_thornsset/vs_t_bow",
		"particle": "voxelspawns/vs_thornsset/vs_arrow"
	},
	"elements": [
		{
			"from": [6.499, 3.199, 1.499],
			"to": [6.501, 21.201, 17.501],
			"rotation": {"angle": 0, "axis": "y", "origin": [8.5, 11, 0]},
			"faces": {
				"north": {"uv": [0, 0, 0, 10], "texture": "#0"},
				"east": {"uv": [0, 1, 8, 10], "texture": "#0"},
				"south": {"uv": [0, 0, 0, 10], "texture": "#0"},
				"west": {"uv": [0.5, 1, 8.5, 10], "texture": "#0"},
				"up": {"uv": [0, 0, 8, 0], "rotation": 90, "texture": "#0"},
				"down": {"uv": [0, 0, 8, 0], "rotation": 270, "texture": "#0"}
			}
		},
		{
			"from": [-2.002, 3.198, 8.998],
			"to": [14.002, 21.202, 9.002],
			"rotation": {"angle": 0, "axis": "y", "origin": [8, 11, 0]},
			"faces": {
				"north": {"uv": [0.5, 1, 8.5, 10], "texture": "#0"},
				"east": {"uv": [0, 0, 0, 10], "texture": "#0"},
				"south": {"uv": [0, 1, 8, 10], "texture": "#0"},
				"west": {"uv": [0, 0, 0, 10], "texture": "#0"},
				"up": {"uv": [0, 0, 8, 0], "texture": "#0"},
				"down": {"uv": [0, 0, 8, 0], "texture": "#0"}
			}
		},
		{
			"from": [16.77965, 7.12348, 8.499],
			"to": [18.77965, 9.12348, 9.499],
			"rotation": {"angle": 22.5, "axis": "z", "origin": [17.77965, 8.12348, 8.999]},
			"faces": {
				"north": {"uv": [2.75, 6.5, 3.25, 7], "texture": "#12"},
				"east": {"uv": [1.5, 5.5, 1.75, 6], "texture": "#12"},
				"south": {"uv": [3.25, 6.5, 3.75, 7], "texture": "#12"},
				"west": {"uv": [1.5, 6, 1.75, 6.5], "texture": "#12"},
				"up": {"uv": [9.25, 3, 8.75, 2.75], "texture": "#12"},
				"down": {"uv": [4, 8.75, 3.5, 9], "texture": "#12"}
			}
		},
		{
			"from": [-5.77965, 8.12348, 8.499],
			"to": [-3.77965, 10.12348, 9.499],
			"rotation": {"angle": -22.5, "axis": "z", "origin": [-5.77965, 8.12348, 8.999]},
			"faces": {
				"north": {"uv": [8.25, 2, 8.75, 2.5], "texture": "#12"},
				"east": {"uv": [7.5, 8, 7.75, 8.5], "texture": "#12"},
				"south": {"uv": [8.25, 2.5, 8.75, 3], "texture": "#12"},
				"west": {"uv": [4, 8.75, 4.25, 9.25], "texture": "#12"},
				"up": {"uv": [4.75, 9, 4.25, 8.75], "texture": "#12"},
				"down": {"uv": [9.25, 4.5, 8.75, 4.75], "texture": "#12"}
			}
		},
		{
			"from": [-13.34739, 0.22825, 8.499],
			"to": [-11.34739, 2.22825, 9.499],
			"rotation": {"angle": 0, "axis": "y", "origin": [-10.84739, 3.72825, 8.999]},
			"faces": {
				"north": {"uv": [3.5, 8.25, 4, 8.75], "texture": "#12"},
				"east": {"uv": [4.75, 8.75, 5, 9.25], "texture": "#12"},
				"south": {"uv": [4, 8.25, 4.5, 8.75], "texture": "#12"},
				"west": {"uv": [8.75, 4.75, 9, 5.25], "texture": "#12"},
				"up": {"uv": [9.25, 5.5, 8.75, 5.25], "texture": "#12"},
				"down": {"uv": [6, 8.75, 5.5, 9], "texture": "#12"}
			}
		},
		{
			"from": [12.47727, 5.89617, 7.999],
			"to": [17.47727, 7.89617, 9.999],
			"rotation": {"angle": -22.5, "axis": "z", "origin": [19.97727, 6.89617, 8.999]},
			"faces": {
				"north": {"uv": [5.25, 6.25, 6.5, 6.75], "texture": "#12"},
				"east": {"uv": [4.5, 8.25, 5, 8.75], "texture": "#12"},
				"south": {"uv": [1.5, 6.5, 2.75, 7], "texture": "#12"},
				"west": {"uv": [8.25, 4.5, 8.75, 5], "texture": "#12"},
				"up": {"uv": [7.75, 3, 6.5, 2.5], "texture": "#12"},
				"down": {"uv": [7.75, 3, 6.5, 3.5], "texture": "#12"}
			}
		},
		{
			"from": [16.17157, 4.24123, 7.999],
			"to": [21.17157, 6.24123, 9.999],
			"rotation": {"angle": -45, "axis": "z", "origin": [20.17157, 5.24123, 8.999]},
			"faces": {
				"north": {"uv": [6.5, 3.5, 7.75, 4], "texture": "#12"},
				"east": {"uv": [8.25, 5, 8.75, 5.5], "texture": "#12"},
				"south": {"uv": [6.5, 5, 7.75, 5.5], "texture": "#12"},
				"west": {"uv": [8.25, 5.5, 8.75, 6], "texture": "#12"},
				"up": {"uv": [7.75, 6, 6.5, 5.5], "texture": "#12"},
				"down": {"uv": [7.75, 6, 6.5, 6.5], "texture": "#12"}
			}
		},
		{
			"from": [21.17157, 4.74123, 8.499],
			"to": [24.17157, 5.74123, 9.499],
			"rotation": {"angle": -45, "axis": "z", "origin": [20.17157, 5.24123, 8.999]},
			"faces": {
				"north": {"uv": [0.75, 6.75, 1.5, 7], "texture": "#12"},
				"east": {"uv": [3.5, 8, 3.75, 8.25], "texture": "#12"},
				"south": {"uv": [8.75, 1.5, 9.5, 1.75], "texture": "#12"},
				"west": {"uv": [8.75, 5.5, 9, 5.75], "texture": "#12"},
				"up": {"uv": [9.5, 2, 8.75, 1.75], "texture": "#12"},
				"down": {"uv": [2.75, 8.75, 2, 9], "texture": "#12"}
			}
		},
		{
			"from": [20.1647, -0.23471, 8.002],
			"to": [22.1607, 2.76129, 9.998],
			"rotation": {"angle": -22.5, "axis": "z", "origin": [21.1627, -2.23671, 9]},
			"faces": {
				"north": {"uv": [7.75, 7.75, 8.25, 8.5], "texture": "#12"},
				"east": {"uv": [0, 8, 0.5, 8.75], "texture": "#12"},
				"south": {"uv": [0.5, 8, 1, 8.75], "texture": "#12"},
				"west": {"uv": [1, 8, 1.5, 8.75], "texture": "#12"},
				"up": {"uv": [8.75, 6.5, 8.25, 6], "texture": "#12"},
				"down": {"uv": [8.75, 6.5, 8.25, 7], "texture": "#12"}
			}
		},
		{
			"from": [21.82943, -0.41321, 8.001],
			"to": [26.82743, 1.58479, 9.999],
			"rotation": {"angle": -45, "axis": "z", "origin": [24.82843, 0.58579, 9]},
			"faces": {
				"north": {"uv": [6.5, 6.5, 7.75, 7], "texture": "#12"},
				"east": {"uv": [8.25, 7, 8.75, 7.5], "texture": "#12"},
				"south": {"uv": [5.25, 6.75, 6.5, 7.25], "texture": "#12"},
				"west": {"uv": [8.25, 7.5, 8.75, 8], "texture": "#12"},
				"up": {"uv": [1.25, 7.5, 0, 7], "texture": "#12"},
				"down": {"uv": [2.5, 7, 1.25, 7.5], "texture": "#12"}
			}
		},
		{
			"from": [20, -5, 9],
			"to": [27, 1, 9],
			"rotation": {"angle": 0, "axis": "y", "origin": [15, 1, 2]},
			"faces": {
				"north": {"uv": [3.5, 2.5, 1.75, 4], "texture": "#12"},
				"east": {"uv": [0, 0, 0, 1.5], "texture": "#12"},
				"south": {"uv": [1.75, 2.5, 3.5, 4], "texture": "#12"},
				"west": {"uv": [0, 0, 0, 1.5], "texture": "#12"},
				"up": {"uv": [1.75, 0, 0, 0], "texture": "#12"},
				"down": {"uv": [1.75, 0, 0, 0], "texture": "#12"}
			}
		},
		{
			"from": [-8.17157, 4.24123, 7.999],
			"to": [-3.17157, 6.24123, 9.999],
			"rotation": {"angle": 45, "axis": "z", "origin": [-7.17157, 5.24123, 8.999]},
			"faces": {
				"north": {"uv": [2.5, 7, 3.75, 7.5], "texture": "#12"},
				"east": {"uv": [8.25, 8, 8.75, 8.5], "texture": "#12"},
				"south": {"uv": [6.5, 7, 7.75, 7.5], "texture": "#12"},
				"west": {"uv": [7.5, 8.5, 8, 9], "texture": "#12"},
				"up": {"uv": [6.5, 7.75, 5.25, 7.25], "texture": "#12"},
				"down": {"uv": [1.25, 7.5, 0, 8], "texture": "#12"}
			}
		},
		{
			"from": [-11.17157, 4.74123, 8.499],
			"to": [-8.17157, 5.74123, 9.499],
			"rotation": {"angle": 45, "axis": "z", "origin": [-7.17157, 5.24123, 8.999]},
			"faces": {
				"north": {"uv": [8.75, 2, 9.5, 2.25], "texture": "#12"},
				"east": {"uv": [8.75, 5.75, 9, 6], "texture": "#12"},
				"south": {"uv": [8.75, 2.25, 9.5, 2.5], "texture": "#12"},
				"west": {"uv": [6, 8.75, 6.25, 9], "texture": "#12"},
				"up": {"uv": [9.5, 2.75, 8.75, 2.5], "texture": "#12"},
				"down": {"uv": [3.5, 8.75, 2.75, 9], "texture": "#12"}
			}
		},
		{
			"from": [-9.1607, -0.23471, 8.002],
			"to": [-7.1647, 2.76129, 9.998],
			"rotation": {"angle": 22.5, "axis": "z", "origin": [-8.1627, -2.23671, 9]},
			"faces": {
				"north": {"uv": [1.5, 8, 2, 8.75], "texture": "#12"},
				"east": {"uv": [2, 8, 2.5, 8.75], "texture": "#12"},
				"south": {"uv": [2.5, 8, 3, 8.75], "texture": "#12"},
				"west": {"uv": [3, 8, 3.5, 8.75], "texture": "#12"},
				"up": {"uv": [8.5, 9, 8, 8.5], "texture": "#12"},
				"down": {"uv": [9, 8.5, 8.5, 9], "texture": "#12"}
			}
		},
		{
			"from": [-13.82743, -0.41321, 8.001],
			"to": [-8.82943, 1.58479, 9.999],
			"rotation": {"angle": 45, "axis": "z", "origin": [-11.82843, 0.58579, 9]},
			"faces": {
				"north": {"uv": [1.25, 7.5, 2.5, 8], "texture": "#12"},
				"east": {"uv": [0, 8.75, 0.5, 9.25], "texture": "#12"},
				"south": {"uv": [2.5, 7.5, 3.75, 8], "texture": "#12"},
				"west": {"uv": [0.5, 8.75, 1, 9.25], "texture": "#12"},
				"up": {"uv": [7.75, 8, 6.5, 7.5], "texture": "#12"},
				"down": {"uv": [9, 0, 7.75, 0.5], "texture": "#12"}
			}
		},
		{
			"from": [-14, -5, 9],
			"to": [-7, 1, 9],
			"rotation": {"angle": 0, "axis": "y", "origin": [-2, 1, 2]},
			"faces": {
				"north": {"uv": [1.75, 4, 0, 5.5], "texture": "#12"},
				"east": {"uv": [0, 0, 0, 1.5], "texture": "#12"},
				"south": {"uv": [0, 4, 1.75, 5.5], "texture": "#12"},
				"west": {"uv": [0, 0, 0, 1.5], "texture": "#12"},
				"up": {"uv": [1.75, 0, 0, 0], "texture": "#12"},
				"down": {"uv": [1.75, 0, 0, 0], "texture": "#12"}
			}
		},
		{
			"from": [13.07193, 9.38896, 7.5],
			"to": [15.07193, 15.38896, 10.5],
			"rotation": {"angle": -22.5, "axis": "z", "origin": [14.07193, 12.38896, 9]},
			"faces": {
				"north": {"uv": [6, 2.5, 6.5, 4], "texture": "#12"},
				"east": {"uv": [5.25, 2.5, 6, 4], "texture": "#12"},
				"south": {"uv": [3.75, 6.25, 4.25, 7.75], "texture": "#12"},
				"west": {"uv": [0, 5.5, 0.75, 7], "texture": "#12"},
				"up": {"uv": [7, 8.75, 6.5, 8], "texture": "#12"},
				"down": {"uv": [7.5, 8, 7, 8.75], "texture": "#12"}
			}
		},
		{
			"from": [10.17257, 8.41521, 7.501],
			"to": [12.17057, 13.41321, 10.499],
			"rotation": {"angle": 45, "axis": "z", "origin": [11.17157, 11.41421, 9]},
			"faces": {
				"north": {"uv": [7.75, 0.5, 8.25, 1.75], "texture": "#12"},
				"east": {"uv": [0.75, 5.5, 1.5, 6.75], "texture": "#12"},
				"south": {"uv": [7.75, 1.75, 8.25, 3], "texture": "#12"},
				"west": {"uv": [5.75, 5, 6.5, 6.25], "texture": "#12"},
				"up": {"uv": [8.75, 1.25, 8.25, 0.5], "texture": "#12"},
				"down": {"uv": [8.75, 1.25, 8.25, 2], "texture": "#12"}
			}
		},
		{
			"from": [-4.47727, 5.89617, 7.999],
			"to": [0.52273, 7.89617, 9.999],
			"rotation": {"angle": 22.5, "axis": "z", "origin": [-6.97727, 6.89617, 8.999]},
			"faces": {
				"north": {"uv": [7.75, 3, 9, 3.5], "texture": "#12"},
				"east": {"uv": [8.75, 0.5, 9.25, 1], "texture": "#12"},
				"south": {"uv": [7.75, 3.5, 9, 4], "texture": "#12"},
				"west": {"uv": [1, 8.75, 1.5, 9.25], "texture": "#12"},
				"up": {"uv": [5, 8.25, 3.75, 7.75], "texture": "#12"},
				"down": {"uv": [9, 4, 7.75, 4.5], "texture": "#12"}
			}
		},
		{
			"from": [0.52273, 8.89617, 7.999],
			"to": [12.52273, 10.89617, 9.999],
			"rotation": {"angle": 0, "axis": "y", "origin": [-6.97727, 6.89617, 8.999]},
			"faces": {
				"north": {"uv": [1.75, 4, 4.75, 4.5], "texture": "#12"},
				"east": {"uv": [8.75, 1, 9.25, 1.5], "texture": "#12"},
				"south": {"uv": [1.75, 4.5, 4.75, 5], "texture": "#12"},
				"west": {"uv": [1.5, 8.75, 2, 9.25], "texture": "#12"},
				"up": {"uv": [7.75, 4.5, 4.75, 4], "texture": "#12"},
				"down": {"uv": [7.75, 4.5, 4.75, 5], "texture": "#12"}
			}
		},
		{
			"from": [-2.07193, 9.38896, 7.5],
			"to": [-0.07193, 15.38896, 10.5],
			"rotation": {"angle": 22.5, "axis": "z", "origin": [-1.07193, 12.38896, 8.5]},
			"faces": {
				"north": {"uv": [4.25, 6.25, 4.75, 7.75], "texture": "#12"},
				"east": {"uv": [1.75, 5, 2.5, 6.5], "texture": "#12"},
				"south": {"uv": [4.75, 6.25, 5.25, 7.75], "texture": "#12"},
				"west": {"uv": [2.75, 5, 3.5, 6.5], "texture": "#12"},
				"up": {"uv": [6, 8.5, 5.5, 7.75], "texture": "#12"},
				"down": {"uv": [8.25, 5.75, 7.75, 6.5], "texture": "#12"}
			}
		},
		{
			"from": [0.82943, 8.41521, 7.501],
			"to": [2.82743, 13.41321, 10.499],
			"rotation": {"angle": -45, "axis": "z", "origin": [1.82843, 11.41421, 8.5]},
			"faces": {
				"north": {"uv": [7.75, 4.5, 8.25, 5.75], "texture": "#12"},
				"east": {"uv": [3.75, 5, 4.5, 6.25], "texture": "#12"},
				"south": {"uv": [5, 7.75, 5.5, 9], "texture": "#12"},
				"west": {"uv": [4.75, 5, 5.5, 6.25], "texture": "#12"},
				"up": {"uv": [6.5, 8.5, 6, 7.75], "texture": "#12"},
				"down": {"uv": [8.25, 6.75, 7.75, 7.5], "texture": "#12"}
			}
		},
		{
			"from": [-9, -1, 9],
			"to": [22, 4, 9],
			"faces": {
				"north": {"uv": [7.75, 1.25, 0, 2.5], "texture": "#12"},
				"east": {"uv": [0, 0, 0, 1.25], "texture": "#12"},
				"south": {"uv": [0, 1.25, 7.75, 2.5], "texture": "#12"},
				"west": {"uv": [0, 0, 0, 1.25], "texture": "#12"},
				"up": {"uv": [7.75, 0, 0, 0], "texture": "#12"},
				"down": {"uv": [7.75, 0, 0, 0], "texture": "#12"}
			}
		}
	],
	"gui_light": "front",
	"display": {
		"thirdperson_righthand": {
			"rotation": [0, 90, -90],
			"translation": [-1, -3, 2.5]
		},
		"thirdperson_lefthand": {
			"rotation": [0, 90, -90],
			"translation": [-1, -0.75, 2.5]
		},
		"firstperson_righthand": {
			"rotation": [-159, -73.25, -57.43],
			"translation": [3.75, 3.75, 0],
			"scale": [0.47852, 0.47852, 0.47852]
		},
		"firstperson_lefthand": {
			"rotation": [-159, -73.25, -57.43],
			"translation": [3.75, 3.75, 0],
			"scale": [0.47852, 0.47852, 0.47852]
		},
		"ground": {
			"rotation": [38.5, -26, -65.5],
			"scale": [0.5, 0.5, 0.5]
		},
		"gui": {
			"rotation": [0, 0, 44],
			"translation": [-1.75, 3, 0],
			"scale": [0.45, 0.45, 0.45]
		},
		"head": {
			"rotation": [-179.75, 0, 0]
		},
		"fixed": {
			"translation": [1, 0, -4]
		}
	},
	"groups": [
		{
			"name": "arrow",
			"origin": [8, 8, 8],
			"color": 0,
			"children": [0, 1]
		},
		{
			"name": "griff",
			"origin": [8, 8, 8],
			"color": 0,
			"children": [2, 3, 4, 5, 6, 7, 8, 9, 10, 11, 12, 13, 14, 15, 16, 17, 18, 19, 20, 21, 22]
		}
	]
}