{
	"credit": "Made by Elo106",
	"texture_size": [64, 64],
	"textures": {
		"5": "voxelspawns/vs_thornsset/vs_t_set"
	},
	"elements": [
		{
			"from": [7, 1, 6],
			"to": [9, 19, 8],
			"rotation": {"angle": 0, "axis": "y", "origin": [7, -1, 15]},
			"faces": {
				"north": {"uv": [1, 0, 1.5, 4.5], "texture": "#5"},
				"east": {"uv": [1.5, 0, 2, 4.5], "texture": "#5"},
				"south": {"uv": [0, 0, 0.5, 4.5], "texture": "#5"},
				"west": {"uv": [0.5, 0, 1, 4.5], "texture": "#5"},
				"up": {"uv": [5.75, 2, 6.25, 2.5], "texture": "#5"},
				"down": {"uv": [5.75, 3, 6.25, 2.5], "texture": "#5"}
			}
		},
		{
			"from": [6.82943, -1.41321, 6.001],
			"to": [11.82743, 0.58479, 7.999],
			"rotation": {"angle": -45, "axis": "z", "origin": [9.82843, -0.41421, 7]},
			"faces": {
				"north": {"uv": [4.5, 2, 5.75, 2.5], "texture": "#5"},
				"east": {"uv": [6, 0, 6.5, 0.5], "texture": "#5"},
				"south": {"uv": [4.5, 1.5, 5.75, 2], "texture": "#5"},
				"west": {"uv": [5.75, 3, 6.25, 3.5], "texture": "#5"},
				"up": {"uv": [4.5, 2.5, 5.75, 3], "texture": "#5"},
				"down": {"uv": [4.5, 3.5, 5.75, 3], "texture": "#5"}
			}
		},
		{
			"from": [5.1647, -1.23471, 6.002],
			"to": [7.1607, 1.76129, 7.998],
			"rotation": {"angle": -22.5, "axis": "z", "origin": [6.1627, -3.23671, 7]},
			"faces": {
				"north": {"uv": [5.75, 1.25, 6.25, 2], "texture": "#5"},
				"east": {"uv": [1.5, 5.75, 2, 6.5], "texture": "#5"},
				"south": {"uv": [5.5, 5.5, 6, 6.25], "texture": "#5"},
				"west": {"uv": [1, 5.75, 1.5, 6.5], "texture": "#5"},
				"up": {"uv": [0.5, 6, 1, 6.5], "texture": "#5"},
				"down": {"uv": [6, 1, 6.5, 0.5], "texture": "#5"}
			}
		},
		{
			"from": [8.07193, 18.38896, 5],
			"to": [10.07193, 24.38896, 9],
			"rotation": {"angle": -22.5, "axis": "z", "origin": [9.07193, 21.38896, 7]},
			"faces": {
				"north": {"uv": [0.5, 4.5, 1, 6], "texture": "#5"},
				"east": {"uv": [2, 1.5, 3, 3], "texture": "#5"},
				"south": {"uv": [4.5, 0, 5, 1.5], "texture": "#5"},
				"west": {"uv": [2, 0, 3, 1.5], "texture": "#5"},
				"up": {"uv": [2, 5.5, 2.5, 6.5], "texture": "#5"},
				"down": {"uv": [2.5, 6.5, 3, 5.5], "texture": "#5"}
			}
		},
		{
			"from": [5.17257, 17.41521, 5.001],
			"to": [7.17057, 22.41321, 8.999],
			"rotation": {"angle": 45, "axis": "z", "origin": [6.17157, 20.41421, 7]},
			"faces": {
				"north": {"uv": [1.5, 4.5, 2, 5.75], "texture": "#5"},
				"east": {"uv": [3, 1.25, 4, 2.5], "texture": "#5"},
				"south": {"uv": [1, 4.5, 1.5, 5.75], "texture": "#5"},
				"west": {"uv": [3, 0, 4, 1.25], "texture": "#5"},
				"up": {"uv": [5.5, 3.5, 6, 4.5], "texture": "#5"},
				"down": {"uv": [5.5, 5.5, 6, 4.5], "texture": "#5"}
			}
		},
		{
			"from": [7.999, 12.999, 6.999],
			"to": [10.001, 21.001, 9.001],
			"rotation": {"angle": 0, "axis": "y", "origin": [7, -1, 15]},
			"faces": {
				"north": {"uv": [4, 4, 4.5, 6], "texture": "#5"},
				"east": {"uv": [0, 4.5, 0.5, 6.5], "texture": "#5"},
				"south": {"uv": [4, 0, 4.5, 2], "texture": "#5"},
				"west": {"uv": [4, 2, 4.5, 4], "texture": "#5"},
				"up": {"uv": [6, 3.5, 6.5, 4], "texture": "#5"},
				"down": {"uv": [4, 6.5, 4.5, 6], "texture": "#5"}
			}
		},
		{
			"from": [5.997, 14.999, 6.999],
			"to": [7.999, 20.001, 9.001],
			"rotation": {"angle": 0, "axis": "y", "origin": [6.998, 0, 15]},
			"faces": {
				"north": {"uv": [5, 0, 5.5, 1.25], "texture": "#5"},
				"east": {"uv": [3, 5, 3.5, 6.25], "texture": "#5"},
				"south": {"uv": [4.5, 3.5, 5, 4.75], "texture": "#5"},
				"west": {"uv": [4.5, 4.75, 5, 6], "texture": "#5"},
				"up": {"uv": [6, 4, 6.5, 4.5], "texture": "#5"},
				"down": {"uv": [4.5, 6.5, 5, 6], "texture": "#5"}
			}
		},
		{
			"from": [5.798, 14.8, 6.8],
			"to": [8.198, 20.2, 9.2],
			"rotation": {"angle": 0, "axis": "y", "origin": [6.998, 0, 15]},
			"faces": {
				"north": {"uv": [8.75, 0, 9.25, 1.25], "texture": "#5"},
				"east": {"uv": [10.25, 0, 10.75, 1.25], "texture": "#5"},
				"south": {"uv": [9.25, 0, 9.75, 1.25], "texture": "#5"},
				"west": {"uv": [9.75, 0, 10.25, 1.25], "texture": "#5"},
				"up": {"uv": [8.25, 0, 8.75, 0.5], "texture": "#5"},
				"down": {"uv": [8.25, 1, 8.75, 0.5], "texture": "#5"}
			}
		},
		{
			"from": [5.997, 9.999, 4.999],
			"to": [7.999, 20.001, 7.001],
			"rotation": {"angle": 0, "axis": "y", "origin": [6.998, 0, 15]},
			"faces": {
				"north": {"uv": [3, 2.5, 3.5, 5], "texture": "#5"},
				"east": {"uv": [3.5, 2.5, 4, 5], "texture": "#5"},
				"south": {"uv": [2, 3, 2.5, 5.5], "texture": "#5"},
				"west": {"uv": [2.5, 3, 3, 5.5], "texture": "#5"},
				"up": {"uv": [6, 4.5, 6.5, 5], "texture": "#5"},
				"down": {"uv": [5, 6.5, 5.5, 6], "texture": "#5"}
			}
		},
		{
			"from": [7.999, 15.999, 4.999],
			"to": [10.001, 21.001, 7.001],
			"rotation": {"angle": 0, "axis": "y", "origin": [7, -1, 15]},
			"faces": {
				"north": {"uv": [5, 4.75, 5.5, 6], "texture": "#5"},
				"east": {"uv": [5.5, 0, 6, 1.25], "texture": "#5"},
				"south": {"uv": [3.5, 5, 4, 6.25], "texture": "#5"},
				"west": {"uv": [5, 3.5, 5.5, 4.75], "texture": "#5"},
				"up": {"uv": [6, 5, 6.5, 5.5], "texture": "#5"},
				"down": {"uv": [6, 6, 6.5, 5.5], "texture": "#5"}
			}
		},
		{
			"from": [5, -6, 7],
			"to": [12, 0, 7],
			"faces": {
				"north": {"uv": [8.25, 1.5, 6.5, 3], "texture": "#5"},
				"east": {"uv": [0, 0, 0, 2.5], "texture": "#5"},
				"south": {"uv": [6.5, 0, 8.25, 1.5], "texture": "#5"},
				"west": {"uv": [0, 0, 0, 2.5], "texture": "#5"},
				"up": {"uv": [0, 0, 3.5, 0], "texture": "#5"},
				"down": {"uv": [0, 0, 3.5, 0], "texture": "#5"}
			}
		},
		{
			"from": [2.19066, 18.04404, 6.497],
			"to": [11.19666, 22.05004, 7.503],
			"rotation": {"angle": -22.5, "axis": "z", "origin": [3.71492, 18.75349, 7]},
			"faces": {
				"north": {"uv": [12.75, 6.25, 10.5, 7.25], "texture": "#5"},
				"east": {"uv": [13.5, 5.5, 13.25, 6.5], "texture": "#5"},
				"south": {"uv": [10.5, 6, 8.25, 7], "texture": "#5"},
				"west": {"uv": [13.25, 5.5, 13, 6.5], "texture": "#5"},
				"up": {"uv": [10.5, 7, 8.25, 7.25], "texture": "#5"},
				"down": {"uv": [12.75, 7.25, 10.5, 7.5], "texture": "#5"}
			}
		},
		{
			"from": [8.50365, 12.96569, 6.5],
			"to": [12.50365, 15.96569, 7.5],
			"rotation": {"angle": 22.5, "axis": "z", "origin": [3.71492, 18.75349, 7]},
			"faces": {
				"north": {"uv": [1, 7.75, 0, 8.5], "rotation": 180, "texture": "#5"},
				"east": {"uv": [1.25, 7.5, 1, 8.25], "rotation": 180, "texture": "#5"},
				"south": {"uv": [1, 7, 0, 7.75], "rotation": 180, "texture": "#5"},
				"west": {"uv": [1.5, 7.5, 1.25, 8.25], "rotation": 180, "texture": "#5"},
				"up": {"uv": [2, 7.25, 1, 7.5], "rotation": 180, "texture": "#5"},
				"down": {"uv": [2, 7, 1, 7.25], "rotation": 180, "texture": "#5"}
			}
		},
		{
			"from": [-2.43215, 18.37649, 6.498],
			"to": [3.57185, 22.38049, 7.502],
			"rotation": {"angle": 0, "axis": "y", "origin": [3.71492, 18.75349, 7]},
			"faces": {
				"north": {"uv": [7, 6.25, 5.5, 7.25], "texture": "#5"},
				"east": {"uv": [8.25, 6, 8, 7], "texture": "#5"},
				"south": {"uv": [5.5, 6.5, 4, 7.5], "texture": "#5"},
				"west": {"uv": [8, 6, 7.75, 7], "texture": "#5"},
				"up": {"uv": [4, 7, 2.5, 7.25], "texture": "#5"},
				"down": {"uv": [7, 7.25, 5.5, 7.5], "texture": "#5"}
			}
		},
		{
			"from": [-6.06803, 22.66097, 6.499],
			"to": [1.93397, 25.66297, 7.501],
			"rotation": {"angle": 45, "axis": "z", "origin": [3.71492, 18.75349, 7]},
			"faces": {
				"north": {"uv": [10.5, 7.25, 8.5, 8], "texture": "#5"},
				"east": {"uv": [13, 6.25, 12.75, 7], "texture": "#5"},
				"south": {"uv": [12.75, 7.5, 10.75, 8.25], "texture": "#5"},
				"west": {"uv": [7.5, 9.5, 7.25, 10.25], "texture": "#5"},
				"up": {"uv": [10.5, 8, 8.5, 8.25], "texture": "#5"},
				"down": {"uv": [12.75, 8.25, 10.75, 8.5], "texture": "#5"}
			}
		},
		{
			"from": [-4.43015, 16.12849, 6.5],
			"to": [-2.43015, 18.12849, 7.5],
			"rotation": {"angle": 0, "axis": "y", "origin": [3.71492, 18.75349, 7]},
			"faces": {
				"north": {"uv": [9.75, 2.5, 10.25, 2], "rotation": 270, "texture": "#5"},
				"east": {"uv": [10.25, 2, 10.75, 1.75], "rotation": 90, "texture": "#5"},
				"south": {"uv": [10.25, 2.5, 10.75, 2], "rotation": 90, "texture": "#5"},
				"west": {"uv": [9.75, 2, 10.25, 1.75], "rotation": 90, "texture": "#5"},
				"up": {"uv": [9.25, 2.5, 9.5, 2], "rotation": 90, "texture": "#5"},
				"down": {"uv": [9.5, 2.5, 9.75, 2], "rotation": 90, "texture": "#5"}
			}
		}
	],
	"gui_light": "front",
	"display": {
		"thirdperson_righthand": {
			"rotation": [0, -90, 0],
			"translation": [-1, 0.25, 0.5]
		},
		"thirdperson_lefthand": {
			"rotation": [0, 90, 0],
			"translation": [1, 0, 0.5]
		},
		"firstperson_righthand": {
			"rotation": [0, -90, 0],
			"translation": [-3, 4.5, 5.75],
			"scale": [0.3, 0.3, 0.3]
		},
		"firstperson_lefthand": {
			"rotation": [0, 90, 0],
			"translation": [-3, 4.5, 6],
			"scale": [0.3, 0.3, 0.3]
		},
		"ground": {
			"rotation": [-28.67, -59.55, 167.88],
			"scale": [0.5, 0.5, 0.5]
		},
		"gui": {
			"rotation": [0, 0, -45],
			"translation": [-0.5, -1.5, -1],
			"scale": [0.5, 0.5, 0.5]
		},
		"head": {
			"translation": [-17.5, 5.5, -1]
		},
		"fixed": {
			"rotation": [0, -180, 0],
			"translation": [0, -1.5, -3.25]
		}
	},
	"groups": [
		{
			"name": "griff",
			"origin": [8, 8, 8],
			"color": 0,
			"children": [0, 1, 2, 3, 4, 5, 6, 7, 8, 9, 10]
		},
		{
			"name": "hoe",
			"origin": [8, 8, 8],
			"color": 0,
			"children": [11, 12, 13, 14, 15]
		}
	]
}