{
	"credit": "Made by Elo106",
	"texture_size": [64, 64],
	"textures": {
		"5": "voxelspawns/vs_thornsset/vs_t_set"
	},
	"elements": [
		{
			"from": [11, 8, 6],
			"to": [13, 19, 8],
			"rotation": {"angle": 0, "axis": "y", "origin": [13, 8, 15]},
			"faces": {
				"north": {"uv": [1.5, 0.75, 1, 3.5], "texture": "#5"},
				"east": {"uv": [1, 1, 0.5, 3.75], "texture": "#5"},
				"south": {"uv": [0.5, 1.25, 0, 4], "texture": "#5"},
				"west": {"uv": [2, 0, 1.5, 2.75], "texture": "#5"},
				"up": {"uv": [6.25, 2, 5.75, 2.5], "texture": "#5"},
				"down": {"uv": [6.25, 3, 5.75, 2.5], "texture": "#5"}
			}
		},
		{
			"from": [4.003, 14.003, 6.003],
			"to": [11.997, 15.997, 7.997],
			"rotation": {"angle": -22.5, "axis": "z", "origin": [13, 15, 7]},
			"faces": {
				"north": {"uv": [3, 14, 3.5, 12], "rotation": 270, "texture": "#5"},
				"east": {"uv": [6.5, 13.25, 7, 13.75], "rotation": 90, "texture": "#5"},
				"south": {"uv": [8, 11.5, 8.5, 9.5], "rotation": 90, "texture": "#5"},
				"west": {"uv": [6, 13.75, 6.5, 13.25], "rotation": 90, "texture": "#5"},
				"up": {"uv": [7.5, 11.5, 8, 9.5], "rotation": 90, "texture": "#5"},
				"down": {"uv": [3.5, 14, 4, 12], "rotation": 90, "texture": "#5"}
			}
		},
		{
			"from": [3.83706, 17.82413, 6.005],
			"to": [5.83706, 20.82413, 8.005],
			"rotation": {"angle": 22.5, "axis": "z", "origin": [4.83706, 18.82413, 7.005]},
			"faces": {
				"north": {"uv": [9.25, 13.5, 10, 13], "rotation": 270, "texture": "#5"},
				"east": {"uv": [8.5, 12, 9.25, 12.5], "rotation": 90, "texture": "#5"},
				"south": {"uv": [8.5, 13.5, 9.25, 13], "rotation": 90, "texture": "#5"},
				"west": {"uv": [8.5, 12, 9.25, 11.5], "rotation": 90, "texture": "#5"},
				"up": {"uv": [8.5, 13, 9, 12.5], "rotation": 90, "texture": "#5"},
				"down": {"uv": [9, 13, 9.5, 12.5], "rotation": 90, "texture": "#5"}
			}
		},
		{
			"from": [5.994, 16.994, 5.994],
			"to": [11.006, 19.006, 8.006],
			"rotation": {"angle": 0, "axis": "y", "origin": [7, 18, 7]},
			"faces": {
				"north": {"uv": [7, 8.75, 7.5, 7.5], "rotation": 270, "texture": "#5"},
				"east": {"uv": [6, 7.5, 6.5, 8], "rotation": 90, "texture": "#5"},
				"south": {"uv": [8, 8.75, 8.5, 7.5], "rotation": 90, "texture": "#5"},
				"west": {"uv": [6, 8.5, 6.5, 8], "rotation": 90, "texture": "#5"},
				"up": {"uv": [7.5, 8.75, 8, 7.5], "rotation": 90, "texture": "#5"},
				"down": {"uv": [6.5, 9.5, 7, 7.5], "rotation": 90, "texture": "#5"}
			}
		},
		{
			"from": [8.16757, 5.58179, 5.996],
			"to": [13.17557, 7.58979, 8.004],
			"rotation": {"angle": 45, "axis": "z", "origin": [10.17157, 6.58579, 7]},
			"faces": {
				"north": {"uv": [5.75, 2, 4.5, 2.5], "texture": "#5"},
				"east": {"uv": [6.25, 3, 5.75, 3.5], "texture": "#5"},
				"south": {"uv": [5.75, 1.5, 4.5, 2], "texture": "#5"},
				"west": {"uv": [6.5, 0, 6, 0.5], "texture": "#5"},
				"up": {"uv": [5.75, 2.5, 4.5, 3], "texture": "#5"},
				"down": {"uv": [5.75, 3.5, 4.5, 3], "texture": "#5"}
			}
		},
		{
			"from": [8, 1, 7],
			"to": [15, 7, 7],
			"rotation": {"angle": 0, "axis": "y", "origin": [20, 7, 0]},
			"faces": {
				"north": {"uv": [6.5, 1.5, 8.25, 3], "texture": "#5"},
				"east": {"uv": [0, 0, 0, 2.5], "texture": "#5"},
				"south": {"uv": [8.25, 0, 6.5, 1.5], "texture": "#5"},
				"west": {"uv": [0, 0, 0, 2.5], "texture": "#5"},
				"up": {"uv": [3.5, 0, 0, 0], "texture": "#5"},
				"down": {"uv": [3.5, 0, 0, 0], "texture": "#5"}
			}
		},
		{
			"from": [12.8393, 5.76529, 6.002],
			"to": [14.8353, 8.76129, 7.998],
			"rotation": {"angle": 22.5, "axis": "z", "origin": [13.8373, 3.76329, 7]},
			"faces": {
				"north": {"uv": [6.25, 1.25, 5.75, 2], "texture": "#5"},
				"east": {"uv": [1.5, 5.75, 1, 6.5], "texture": "#5"},
				"south": {"uv": [6, 5.5, 5.5, 6.25], "texture": "#5"},
				"west": {"uv": [2, 5.75, 1.5, 6.5], "texture": "#5"},
				"up": {"uv": [1, 6, 0.5, 6.5], "texture": "#5"},
				"down": {"uv": [6.5, 1, 6, 0.5], "texture": "#5"}
			}
		},
		{
			"from": [9.92807, 21.38896, 5],
			"to": [11.92807, 27.38896, 9],
			"rotation": {"angle": 22.5, "axis": "z", "origin": [10.92807, 24.38896, 7]},
			"faces": {
				"north": {"uv": [1, 4.5, 0.5, 6], "texture": "#5"},
				"east": {"uv": [3, 0, 2, 1.5], "texture": "#5"},
				"south": {"uv": [5, 0, 4.5, 1.5], "texture": "#5"},
				"west": {"uv": [3, 1.5, 2, 3], "texture": "#5"},
				"up": {"uv": [2.5, 5.5, 2, 6.5], "texture": "#5"},
				"down": {"uv": [3, 6.5, 2.5, 5.5], "texture": "#5"}
			}
		},
		{
			"from": [12.82943, 20.41521, 5.001],
			"to": [14.82743, 25.41321, 8.999],
			"rotation": {"angle": -45, "axis": "z", "origin": [13.82843, 23.41421, 7]},
			"faces": {
				"north": {"uv": [2, 4.5, 1.5, 5.75], "texture": "#5"},
				"east": {"uv": [4, 0, 3, 1.25], "texture": "#5"},
				"south": {"uv": [1.5, 4.5, 1, 5.75], "texture": "#5"},
				"west": {"uv": [4, 1.25, 3, 2.5], "texture": "#5"},
				"up": {"uv": [6, 3.5, 5.5, 4.5], "texture": "#5"},
				"down": {"uv": [6, 5.5, 5.5, 4.5], "texture": "#5"}
			}
		},
		{
			"from": [9.999, 15.999, 6.999],
			"to": [12.001, 24.001, 9.001],
			"rotation": {"angle": 0, "axis": "y", "origin": [13, 2, 15]},
			"faces": {
				"north": {"uv": [4.5, 4, 4, 6], "texture": "#5"},
				"east": {"uv": [4.5, 2, 4, 4], "texture": "#5"},
				"south": {"uv": [4.5, 0, 4, 2], "texture": "#5"},
				"west": {"uv": [0.5, 4.5, 0, 6.5], "texture": "#5"},
				"up": {"uv": [6.5, 3.5, 6, 4], "texture": "#5"},
				"down": {"uv": [4.5, 6.5, 4, 6], "texture": "#5"}
			}
		},
		{
			"from": [12.001, 17.999, 6.999],
			"to": [14.003, 23.001, 9.001],
			"rotation": {"angle": 0, "axis": "y", "origin": [13.002, 3, 15]},
			"faces": {
				"north": {"uv": [5.5, 0, 5, 1.25], "texture": "#5"},
				"east": {"uv": [5, 4.75, 4.5, 6], "texture": "#5"},
				"south": {"uv": [5, 3.5, 4.5, 4.75], "texture": "#5"},
				"west": {"uv": [3.5, 5, 3, 6.25], "texture": "#5"},
				"up": {"uv": [6.5, 4, 6, 4.5], "texture": "#5"},
				"down": {"uv": [5, 6.5, 4.5, 6], "texture": "#5"}
			}
		},
		{
			"from": [11.802, 17.8, 6.8],
			"to": [14.202, 23.2, 9.2],
			"rotation": {"angle": 0, "axis": "y", "origin": [13.002, 3, 15]},
			"faces": {
				"north": {"uv": [9.25, 0, 8.75, 1.25], "texture": "#5"},
				"east": {"uv": [10.25, 0, 9.75, 1.25], "texture": "#5"},
				"south": {"uv": [9.75, 0, 9.25, 1.25], "texture": "#5"},
				"west": {"uv": [10.75, 0, 10.25, 1.25], "texture": "#5"},
				"up": {"uv": [8.75, 0, 8.25, 0.5], "texture": "#5"},
				"down": {"uv": [8.75, 1, 8.25, 0.5], "texture": "#5"}
			}
		},
		{
			"from": [12.001, 12.999, 4.999],
			"to": [14.003, 23.001, 7.001],
			"rotation": {"angle": 0, "axis": "y", "origin": [13.002, 3, 15]},
			"faces": {
				"north": {"uv": [3.5, 2.5, 3, 5], "texture": "#5"},
				"east": {"uv": [3, 3, 2.5, 5.5], "texture": "#5"},
				"south": {"uv": [2.5, 3, 2, 5.5], "texture": "#5"},
				"west": {"uv": [4, 2.5, 3.5, 5], "texture": "#5"},
				"up": {"uv": [6.5, 4.5, 6, 5], "texture": "#5"},
				"down": {"uv": [5.5, 6.5, 5, 6], "texture": "#5"}
			}
		},
		{
			"from": [9.999, 18.999, 4.999],
			"to": [12.001, 24.001, 7.001],
			"rotation": {"angle": 0, "axis": "y", "origin": [13, 2, 15]},
			"faces": {
				"north": {"uv": [5.5, 4.75, 5, 6], "texture": "#5"},
				"east": {"uv": [5.5, 3.5, 5, 4.75], "texture": "#5"},
				"south": {"uv": [4, 5, 3.5, 6.25], "texture": "#5"},
				"west": {"uv": [6, 0, 5.5, 1.25], "texture": "#5"},
				"up": {"uv": [6.5, 5, 6, 5.5], "texture": "#5"},
				"down": {"uv": [6.5, 6, 6, 5.5], "texture": "#5"}
			}
		}
	],
	"gui_light": "front",
	"display": {
		"thirdperson_righthand": {
			"rotation": [-90, 45, 0],
			"translation": [0.75, -1.75, 10.75]
		},
		"thirdperson_lefthand": {
			"rotation": [90, -45, -180],
			"translation": [-0.5, -2.75, 10.75]
		},
		"firstperson_righthand": {
			"rotation": [-40, -21, 29],
			"translation": [-1.25, 3, 5.25],
			"scale": [0.3, 0.3, 0.3]
		},
		"firstperson_lefthand": {
			"rotation": [111, 43, -173],
			"translation": [-2, 3.25, 5.5],
			"scale": [0.3, 0.3, 0.3]
		},
		"ground": {
			"rotation": [-28.67, -59.55, 167.88],
			"scale": [0.5, 0.5, 0.5]
		},
		"gui": {
			"rotation": [0, 0, -45],
			"translation": [-4.75, -1.5, -1],
			"scale": [0.67, 0.67, 0.67]
		},
		"head": {
			"translation": [-17.5, 5.5, -1]
		},
		"fixed": {
			"rotation": [0, -180, 0],
			"translation": [2.75, -6, -3.25]
		}
	},
	"groups": [
		{
			"name": "shield2",
			"origin": [8, 8, 8],
			"color": 0,
			"children": [0, 1, 2, 3, 4, 5, 6, 7, 8, 9, 10, 11, 12, 13]
		}
	]
}