{
	"credit": "Made by Elo106",
	"texture_size": [32, 32],
	"textures": {
		"4": "voxelspawns/vs_thornsset/vs_t_dagger"
	},
	"elements": [
		{
			"from": [9.16066, 12.36091, 6.4],
			"to": [11.36066, 20.56091, 7.6],
			"rotation": {"angle": -22.5, "axis": "z", "origin": [9.26066, 16.46091, 7]},
			"faces": {
				"north": {"uv": [9, 0, 10, 4], "texture": "#4"},
				"east": {"uv": [8.5, 0, 9, 4], "texture": "#4"},
				"south": {"uv": [10, 0, 11, 4], "texture": "#4"},
				"west": {"uv": [8, 0, 8.5, 4], "texture": "#4"},
				"up": {"uv": [10, 4.5, 11, 5], "texture": "#4"},
				"down": {"uv": [10, 4.5, 11, 4], "texture": "#4"}
			}
		},
		{
			"from": [3, -3, 7],
			"to": [14, 12, 7],
			"rotation": {"angle": 0, "axis": "y", "origin": [16, 0, 14]},
			"faces": {
				"north": {"uv": [5.5, 0, 0, 7.5], "texture": "#4"},
				"east": {"uv": [0, 0, 0, 7.5], "texture": "#4"},
				"south": {"uv": [0, 0, 5.5, 7.5], "texture": "#4"},
				"west": {"uv": [0, 0, 0, 7.5], "texture": "#4"},
				"up": {"uv": [0, 0, 5.5, 0], "texture": "#4"},
				"down": {"uv": [0, 0, 5.5, 0], "texture": "#4"}
			}
		},
		{
			"from": [6.997, 1.997, 5.997],
			"to": [9.003, 7.003, 8.003],
			"rotation": {"angle": 0, "axis": "y", "origin": [16, 0, 14]},
			"faces": {
				"north": {"uv": [10, 7.5, 11, 10], "texture": "#4"},
				"east": {"uv": [8, 10, 9, 12.5], "texture": "#4"},
				"south": {"uv": [8, 7.5, 9, 10], "texture": "#4"},
				"west": {"uv": [9, 7.5, 10, 10], "texture": "#4"},
				"up": {"uv": [12, 0, 13, 1], "texture": "#4"},
				"down": {"uv": [0.5, 13, 1.5, 12], "texture": "#4"}
			}
		},
		{
			"from": [6.699, 8.349, 6.499],
			"to": [9.701, 17.351, 7.501],
			"rotation": {"angle": 0, "axis": "y", "origin": [16, 0.1, 14.5]},
			"faces": {
				"north": {"uv": [1.5, 7.5, 3, 12], "texture": "#4"},
				"east": {"uv": [9.5, 10, 10, 14.5], "texture": "#4"},
				"south": {"uv": [0, 7.5, 1.5, 12], "texture": "#4"},
				"west": {"uv": [9, 10, 9.5, 14.5], "texture": "#4"},
				"up": {"uv": [12, 8, 13.5, 8.5], "texture": "#4"},
				"down": {"uv": [12, 9, 13.5, 8.5], "texture": "#4"}
			}
		},
		{
			"from": [8.696, 15.346, 6.496],
			"to": [11.704, 21.354, 7.504],
			"rotation": {"angle": -45, "axis": "z", "origin": [8.2, 20.35, 7]},
			"faces": {
				"north": {"uv": [4.5, 7.5, 6, 10.5], "texture": "#4"},
				"east": {"uv": [0, 12, 0.5, 15], "texture": "#4"},
				"south": {"uv": [3, 7.5, 4.5, 10.5], "texture": "#4"},
				"west": {"uv": [7.5, 11.5, 8, 14.5], "texture": "#4"},
				"up": {"uv": [12, 9, 13.5, 9.5], "texture": "#4"},
				"down": {"uv": [12, 10, 13.5, 9.5], "texture": "#4"}
			}
		},
		{
			"from": [9.26066, 12.46091, 6.5],
			"to": [11.26066, 20.46091, 7.5],
			"rotation": {"angle": -22.5, "axis": "z", "origin": [9.26066, 16.46091, 7]},
			"faces": {
				"north": {"uv": [7, 7.5, 8, 11.5], "texture": "#4"},
				"east": {"uv": [3, 10.5, 3.5, 14.5], "texture": "#4"},
				"south": {"uv": [6, 7.5, 7, 11.5], "texture": "#4"},
				"west": {"uv": [10, 10, 10.5, 14], "texture": "#4"},
				"up": {"uv": [11.5, 12, 12.5, 12.5], "texture": "#4"},
				"down": {"uv": [5.5, 13, 6.5, 12.5], "texture": "#4"}
			}
		},
		{
			"from": [9.25466, 18.69755, 6.494],
			"to": [13.26666, 20.70955, 7.506],
			"rotation": {"angle": 0, "axis": "y", "origin": [8.26066, 21.20355, 7]},
			"faces": {
				"north": {"uv": [10.5, 10, 12.5, 11], "texture": "#4"},
				"east": {"uv": [2.5, 12, 3, 13], "texture": "#4"},
				"south": {"uv": [3.5, 10.5, 5.5, 11.5], "texture": "#4"},
				"west": {"uv": [5.5, 10.5, 6, 11.5], "texture": "#4"},
				"up": {"uv": [13, 0, 15, 0.5], "texture": "#4"},
				"down": {"uv": [13, 1, 15, 0.5], "texture": "#4"}
			}
		},
		{
			"from": [5.7, 11.35, 6.5],
			"to": [7.7, 13.35, 7.5],
			"rotation": {"angle": -45, "axis": "z", "origin": [6.7, 12.35, 7]},
			"faces": {
				"north": {"uv": [12, 2, 13, 3], "texture": "#4"},
				"east": {"uv": [7, 12.5, 7.5, 13.5], "texture": "#4"},
				"south": {"uv": [1.5, 12, 2.5, 13], "texture": "#4"},
				"west": {"uv": [6.5, 12.5, 7, 13.5], "texture": "#4"},
				"up": {"uv": [8, 12.5, 9, 13], "texture": "#4"},
				"down": {"uv": [12.5, 10.5, 13.5, 10], "texture": "#4"}
			}
		},
		{
			"from": [6.23123, 5.85255, 5.999],
			"to": [8.23323, 9.85455, 8.001],
			"rotation": {"angle": 45, "axis": "z", "origin": [7.23223, 7.35355, 7]},
			"faces": {
				"north": {"uv": [11, 4, 12, 6], "texture": "#4"},
				"east": {"uv": [11, 6, 12, 8], "texture": "#4"},
				"south": {"uv": [11, 0, 12, 2], "texture": "#4"},
				"west": {"uv": [11, 2, 12, 4], "texture": "#4"},
				"up": {"uv": [12, 3, 13, 4], "texture": "#4"},
				"down": {"uv": [12, 5, 13, 4], "texture": "#4"}
			}
		},
		{
			"from": [7.68725, 6.46308, 5.998],
			"to": [9.69125, 10.46708, 8.002],
			"rotation": {"angle": -22.5, "axis": "z", "origin": [8.68925, 8.46508, 7]},
			"faces": {
				"north": {"uv": [3.5, 11.5, 4.5, 13.5], "texture": "#4"},
				"east": {"uv": [4.5, 11.5, 5.5, 13.5], "texture": "#4"},
				"south": {"uv": [11, 8, 12, 10], "texture": "#4"},
				"west": {"uv": [10.5, 11, 11.5, 13], "texture": "#4"},
				"up": {"uv": [12, 5, 13, 6], "texture": "#4"},
				"down": {"uv": [12, 7, 13, 6], "texture": "#4"}
			}
		},
		{
			"from": [6, 1, 6],
			"to": [10, 2, 8],
			"rotation": {"angle": 0, "axis": "y", "origin": [16, 0, 14]},
			"faces": {
				"north": {"uv": [14, 7.5, 12, 8], "texture": "#4"},
				"east": {"uv": [12.5, 12, 13.5, 12.5], "texture": "#4"},
				"south": {"uv": [14, 7, 12, 7.5], "texture": "#4"},
				"west": {"uv": [12.5, 12.5, 11.5, 13], "texture": "#4"},
				"up": {"uv": [7.5, 11.5, 5.5, 12.5], "texture": "#4"},
				"down": {"uv": [13.5, 12, 11.5, 11], "texture": "#4"}
			}
		}
	],
	"gui_light": "front",
	"display": {
		"thirdperson_righthand": {
			"rotation": [0, -90, 0],
			"translation": [-1, 1.5, 0.5]
		},
		"thirdperson_lefthand": {
			"rotation": [0, 90, 0],
			"translation": [1, 1.5, 0.5]
		},
		"firstperson_righthand": {
			"rotation": [0, -90, 0],
			"translation": [-3, 4.75, 5.75],
			"scale": [0.3, 0.3, 0.3]
		},
		"firstperson_lefthand": {
			"rotation": [0, 90, 0],
			"translation": [-3, 4.75, 5.75],
			"scale": [0.3, 0.3, 0.3]
		},
		"ground": {
			"rotation": [-28.67, -59.55, 167.88],
			"scale": [0.5, 0.5, 0.5]
		},
		"gui": {
			"rotation": [0, 0, -35],
			"translation": [-0.75, -0.5, -1],
			"scale": [0.65, 0.65, 0.65]
		},
		"head": {
			"translation": [-17.5, 5.5, -1]
		},
		"fixed": {
			"translation": [-0.5, -1.5, -1]
		}
	},
	"groups": [
		{
			"name": "dagger",
			"origin": [8, 8, 8],
			"color": 0,
			"children": [0, 1, 2, 3, 4, 5, 6, 7, 8, 9, 10]
		}
	]
}