{
	"credit": "Made with Blockbench",
	"texture_size": [128, 128],
	"textures": {
		"0": "toffy/crates/toffy_crate_black",
		"particle": "toffy/crates/toffy_crate_black"
	},
	"elements": [
		{
			"from": [-1, 1, 1],
			"to": [17, 7, 15],
			"faces": {
				"north": {"uv": [2.375, 5.875, 4.625, 6.625], "texture": "#0"},
				"east": {"uv": [7.375, 3.875, 9.125, 4.625], "texture": "#0"},
				"south": {"uv": [4.75, 5.875, 7, 6.625], "texture": "#0"},
				"west": {"uv": [7.375, 4.75, 9.125, 5.5], "texture": "#0"},
				"up": {"uv": [4.875, 5.75, 2.625, 4], "texture": "#0"},
				"down": {"uv": [2.25, 4.25, 0, 6], "texture": "#0"}
			}
		},
		{
			"from": [-1, 9, 1],
			"to": [17, 12, 15],
			"rotation": {"angle": 0, "axis": "y", "origin": [0, 8, 0]},
			"faces": {
				"north": {"uv": [7.125, 7.375, 9.375, 7.75], "texture": "#0"},
				"east": {"uv": [4.75, 7.5, 6.5, 7.875], "texture": "#0"},
				"south": {"uv": [7.5, 0, 9.75, 0.375], "texture": "#0"},
				"west": {"uv": [2.375, 7.625, 4.125, 8], "texture": "#0"},
				"up": {"uv": [7.25, 5.75, 5, 4], "texture": "#0"},
				"down": {"uv": [7.375, 0, 5.125, 1.75], "texture": "#0"}
			}
		},
		{
			"from": [-1, 12, 5],
			"to": [17, 13, 11],
			"rotation": {"angle": 0, "axis": "y", "origin": [0, 9, 0]},
			"faces": {
				"north": {"uv": [2, 8.375, 4.25, 8.5], "texture": "#0"},
				"east": {"uv": [8.625, 10.75, 9.375, 10.875], "texture": "#0"},
				"south": {"uv": [4.375, 8.5, 6.625, 8.625], "texture": "#0"},
				"west": {"uv": [10.75, 9, 11.5, 9.125], "texture": "#0"},
				"up": {"uv": [2.25, 6.875, 0, 6.125], "texture": "#0"},
				"down": {"uv": [4.625, 6.75, 2.375, 7.5], "texture": "#0"}
			}
		},
		{
			"from": [-0.975, 13, 0.58579],
			"to": [16.975, 18, 3.58579],
			"rotation": {"angle": 45, "axis": "x", "origin": [0, 12, -0.41421]},
			"faces": {
				"north": {"uv": [4.75, 6.75, 7, 7.375], "texture": "#0"},
				"east": {"uv": [0.75, 9, 1.125, 9.625], "texture": "#0"},
				"south": {"uv": [0, 7, 2.25, 7.625], "texture": "#0"},
				"west": {"uv": [1.25, 9, 1.625, 9.625], "texture": "#0"},
				"up": {"uv": [9.75, 0.875, 7.5, 0.5], "texture": "#0"},
				"down": {"uv": [9.75, 1, 7.5, 1.375], "texture": "#0"}
			}
		},
		{
			"from": [-0.975, 13, 12.41421],
			"to": [16.975, 18, 15.41421],
			"rotation": {"angle": -45, "axis": "x", "origin": [0, 12, 16.41421]},
			"faces": {
				"north": {"uv": [7.125, 5.875, 9.375, 6.5], "texture": "#0"},
				"east": {"uv": [1.75, 9, 2.125, 9.625], "texture": "#0"},
				"south": {"uv": [7.125, 6.625, 9.375, 7.25], "texture": "#0"},
				"west": {"uv": [2.25, 9, 2.625, 9.625], "texture": "#0"},
				"up": {"uv": [9.75, 1.875, 7.5, 1.5], "texture": "#0"},
				"down": {"uv": [9.75, 2, 7.5, 2.375], "texture": "#0"}
			}
		},
		{
			"from": [-0.95, 12.53553, 4.53553],
			"to": [16.95, 15.53553, 11.48553],
			"rotation": {"angle": 0, "axis": "y", "origin": [0, 16.53553, 10.53553]},
			"faces": {
				"north": {"uv": [7.5, 2.5, 9.75, 2.875], "texture": "#0"},
				"east": {"uv": [0, 8.125, 0.875, 8.5], "texture": "#0"},
				"south": {"uv": [7.5, 3, 9.75, 3.375], "texture": "#0"},
				"west": {"uv": [1, 8.125, 1.875, 8.5], "texture": "#0"},
				"up": {"uv": [7.375, 2.75, 5.125, 1.875], "texture": "#0"},
				"down": {"uv": [7.375, 2.875, 5.125, 3.75], "texture": "#0"}
			}
		},
		{
			"from": [-2, 0, 0],
			"to": [1, 3, 3],
			"faces": {
				"north": {"uv": [9.5, 7.625, 9.875, 8], "texture": "#0"},
				"east": {"uv": [9.5, 8.5, 9.875, 8.875], "texture": "#0"},
				"south": {"uv": [6.875, 9.75, 7.25, 10.125], "texture": "#0"},
				"west": {"uv": [7.375, 9.75, 7.75, 10.125], "texture": "#0"},
				"up": {"uv": [8.25, 10.125, 7.875, 9.75], "texture": "#0"},
				"down": {"uv": [8.75, 9.75, 8.375, 10.125], "texture": "#0"}
			}
		},
		{
			"from": [-1.5, 3, 0.5],
			"to": [0.5, 7, 2.5],
			"faces": {
				"north": {"uv": [9.375, 10.125, 9.625, 10.625], "texture": "#0"},
				"east": {"uv": [10.375, 2.5, 10.625, 3], "texture": "#0"},
				"south": {"uv": [10.375, 3.125, 10.625, 3.625], "texture": "#0"},
				"west": {"uv": [10.375, 5.375, 10.625, 5.875], "texture": "#0"},
				"up": {"uv": [3.5, 11.25, 3.25, 11], "texture": "#0"},
				"down": {"uv": [6.125, 11, 5.875, 11.25], "texture": "#0"}
			}
		},
		{
			"from": [15.5, 3, 0.5],
			"to": [17.5, 7, 2.5],
			"rotation": {"angle": 0, "axis": "y", "origin": [16, 0, 0]},
			"faces": {
				"north": {"uv": [10.375, 6, 10.625, 6.5], "texture": "#0"},
				"east": {"uv": [10.375, 6.625, 10.625, 7.125], "texture": "#0"},
				"south": {"uv": [10.5, 3.75, 10.75, 4.25], "texture": "#0"},
				"west": {"uv": [10.5, 4.375, 10.75, 4.875], "texture": "#0"},
				"up": {"uv": [5.375, 11.375, 5.125, 11.125], "texture": "#0"},
				"down": {"uv": [6.875, 11.125, 6.625, 11.375], "texture": "#0"}
			}
		},
		{
			"from": [-2, 7, 0],
			"to": [18, 9, 16],
			"faces": {
				"north": {"uv": [7.5, 3.5, 10, 3.75], "texture": "#0"},
				"east": {"uv": [0, 7.75, 2, 8], "texture": "#0"},
				"south": {"uv": [6.625, 7.875, 9.125, 8.125], "texture": "#0"},
				"west": {"uv": [4.25, 8, 6.25, 8.25], "texture": "#0"},
				"up": {"uv": [2.5, 2, 0, 0], "texture": "#0"},
				"down": {"uv": [2.5, 2.125, 0, 4.125], "texture": "#0"}
			}
		},
		{
			"from": [-1.5, 0, 0.5],
			"to": [17.5, 1, 15.5],
			"faces": {
				"north": {"uv": [7.375, 5.625, 9.75, 5.75], "texture": "#0"},
				"east": {"uv": [2, 8.125, 3.875, 8.25], "texture": "#0"},
				"south": {"uv": [6.375, 8.25, 8.75, 8.375], "texture": "#0"},
				"west": {"uv": [8.875, 8.25, 10.75, 8.375], "texture": "#0"},
				"up": {"uv": [5, 1.875, 2.625, 0], "texture": "#0"},
				"down": {"uv": [5, 2, 2.625, 3.875], "texture": "#0"}
			}
		},
		{
			"from": [15, 0, 0],
			"to": [18, 3, 3],
			"rotation": {"angle": 0, "axis": "y", "origin": [16, 0, 0]},
			"faces": {
				"north": {"uv": [8.875, 9.75, 9.25, 10.125], "texture": "#0"},
				"east": {"uv": [9.75, 9, 10.125, 9.375], "texture": "#0"},
				"south": {"uv": [9.75, 9.5, 10.125, 9.875], "texture": "#0"},
				"west": {"uv": [9.875, 0, 10.25, 0.375], "texture": "#0"},
				"up": {"uv": [10.25, 0.875, 9.875, 0.5], "texture": "#0"},
				"down": {"uv": [10.25, 1, 9.875, 1.375], "texture": "#0"}
			}
		},
		{
			"from": [7.5, 3.75, 0.05],
			"to": [9.5, 5.75, 3.05],
			"rotation": {"angle": -45, "axis": "z", "origin": [8, 5.25, 1.55]},
			"faces": {
				"north": {"uv": [11.125, 10, 11.375, 10.25], "texture": "#0"},
				"east": {"uv": [10.75, 6.875, 11.125, 7.125], "texture": "#0"},
				"south": {"uv": [10.125, 11.125, 10.375, 11.375], "texture": "#0"},
				"west": {"uv": [7.375, 10.75, 7.75, 11], "texture": "#0"},
				"up": {"uv": [8.125, 11.125, 7.875, 10.75], "texture": "#0"},
				"down": {"uv": [8.5, 10.75, 8.25, 11.125], "texture": "#0"}
			}
		},
		{
			"from": [8.5, 4.55, 0.025],
			"to": [9.175, 5.225, 0.025],
			"rotation": {"angle": -45, "axis": "z", "origin": [8, 5.725, 1.525]},
			"faces": {
				"north": {"uv": [6.375, 8, 6.5, 8.125], "texture": "#0"},
				"east": {"uv": [4.875, 9.375, 4.875, 9.5], "texture": "#0"},
				"south": {"uv": [4, 8.125, 4.125, 8.25], "texture": "#0"},
				"west": {"uv": [2.75, 9.5, 2.75, 9.625], "texture": "#0"},
				"up": {"uv": [5.25, 3.875, 5.125, 3.875], "texture": "#0"},
				"down": {"uv": [5.5, 3.875, 5.375, 3.875], "texture": "#0"}
			}
		},
		{
			"from": [8.5, 5.55, 0],
			"to": [9.175, 6.225, 0],
			"rotation": {"angle": -45, "axis": "z", "origin": [8, 6.725, 1.5]},
			"faces": {
				"north": {"uv": [6.375, 8, 6.5, 8.125], "texture": "#0"},
				"east": {"uv": [4.875, 9.375, 4.875, 9.5], "texture": "#0"},
				"south": {"uv": [4, 8.125, 4.125, 8.25], "texture": "#0"},
				"west": {"uv": [2.75, 9.5, 2.75, 9.625], "texture": "#0"},
				"up": {"uv": [5.25, 3.875, 5.125, 3.875], "texture": "#0"},
				"down": {"uv": [5.5, 3.875, 5.375, 3.875], "texture": "#0"}
			}
		},
		{
			"from": [7.5, 3.5, 0.525],
			"to": [10.5, 6.5, 3.525],
			"rotation": {"angle": -45, "axis": "z", "origin": [8, 6, 2.025]},
			"faces": {
				"north": {"uv": [4.375, 10.25, 4.75, 10.625], "texture": "#0"},
				"east": {"uv": [6.875, 10.25, 7.25, 10.625], "texture": "#0"},
				"south": {"uv": [7.375, 10.25, 7.75, 10.625], "texture": "#0"},
				"west": {"uv": [7.875, 10.25, 8.25, 10.625], "texture": "#0"},
				"up": {"uv": [8.75, 10.625, 8.375, 10.25], "texture": "#0"},
				"down": {"uv": [9.25, 10.25, 8.875, 10.625], "texture": "#0"}
			}
		},
		{
			"from": [7, 0, 0],
			"to": [9, 2, 3],
			"rotation": {"angle": 0, "axis": "y", "origin": [16, 0, 0]},
			"faces": {
				"north": {"uv": [3.375, 9.75, 3.625, 10], "texture": "#0"},
				"east": {"uv": [6.625, 7.5, 7, 7.75], "texture": "#0"},
				"south": {"uv": [2.875, 11, 3.125, 11.25], "texture": "#0"},
				"west": {"uv": [4.25, 7.625, 4.625, 7.875], "texture": "#0"},
				"up": {"uv": [10.75, 8.875, 10.5, 8.5], "texture": "#0"},
				"down": {"uv": [2.25, 10.625, 2, 11], "texture": "#0"}
			}
		},
		{
			"from": [6, 6.5, -1],
			"to": [10, 10.5, 1],
			"rotation": {"angle": 0, "axis": "y", "origin": [16, 6.5, 0]},
			"faces": {
				"north": {"uv": [3.75, 8.625, 4.25, 9.125], "texture": "#0"},
				"east": {"uv": [0.75, 10.625, 1, 11.125], "texture": "#0"},
				"south": {"uv": [4.375, 8.75, 4.875, 9.25], "texture": "#0"},
				"west": {"uv": [1.125, 10.625, 1.375, 11.125], "texture": "#0"},
				"up": {"uv": [11, 5.25, 10.5, 5], "texture": "#0"},
				"down": {"uv": [11, 7.875, 10.5, 8.125], "texture": "#0"}
			}
		},
		{
			"from": [6.58921, 4.54289, 0.025],
			"to": [9.41421, 7.54289, 3.025],
			"rotation": {"angle": 0, "axis": "y", "origin": [16.41421, 4.54289, 0.025]},
			"faces": {
				"north": {"uv": [10.25, 10, 10.625, 10.375], "texture": "#0"},
				"east": {"uv": [10.375, 0, 10.75, 0.375], "texture": "#0"},
				"south": {"uv": [10.375, 0.5, 10.75, 0.875], "texture": "#0"},
				"west": {"uv": [10.375, 1, 10.75, 1.375], "texture": "#0"},
				"up": {"uv": [10.75, 1.875, 10.375, 1.5], "texture": "#0"},
				"down": {"uv": [10.75, 2, 10.375, 2.375], "texture": "#0"}
			}
		},
		{
			"from": [5.87132, 4.58579, 0.5],
			"to": [10.12132, 7.58579, 3.5],
			"rotation": {"angle": 0, "axis": "y", "origin": [17.12132, 4.58579, 0.5]},
			"faces": {
				"north": {"uv": [6.875, 9.25, 7.375, 9.625], "texture": "#0"},
				"east": {"uv": [10.25, 9, 10.625, 9.375], "texture": "#0"},
				"south": {"uv": [7.5, 9.25, 8, 9.625], "texture": "#0"},
				"west": {"uv": [10.25, 9.5, 10.625, 9.875], "texture": "#0"},
				"up": {"uv": [8.625, 9.625, 8.125, 9.25], "texture": "#0"},
				"down": {"uv": [9.25, 9.25, 8.75, 9.625], "texture": "#0"}
			}
		},
		{
			"from": [15.5, 8, -0.5],
			"to": [18.5, 10, 2.5],
			"rotation": {"angle": 0, "axis": "y", "origin": [16, 0, 0]},
			"faces": {
				"north": {"uv": [9, 8.5, 9.375, 8.75], "texture": "#0"},
				"east": {"uv": [2.375, 10.625, 2.75, 10.875], "texture": "#0"},
				"south": {"uv": [2.875, 10.625, 3.25, 10.875], "texture": "#0"},
				"west": {"uv": [3.375, 10.625, 3.75, 10.875], "texture": "#0"},
				"up": {"uv": [5.75, 10.375, 5.375, 10], "texture": "#0"},
				"down": {"uv": [10.375, 7.625, 10, 8], "texture": "#0"}
			}
		},
		{
			"from": [-2.5, 8, -0.5],
			"to": [0.5, 10, 2.5],
			"faces": {
				"north": {"uv": [5.875, 10.625, 6.25, 10.875], "texture": "#0"},
				"east": {"uv": [6.375, 10.625, 6.75, 10.875], "texture": "#0"},
				"south": {"uv": [10.75, 2.5, 11.125, 2.75], "texture": "#0"},
				"west": {"uv": [10.75, 2.875, 11.125, 3.125], "texture": "#0"},
				"up": {"uv": [10.375, 8.875, 10, 8.5], "texture": "#0"},
				"down": {"uv": [10.125, 10, 9.75, 10.375], "texture": "#0"}
			}
		},
		{
			"from": [-2, 14.24264, 4.24264],
			"to": [0, 16.24264, 11.74264],
			"rotation": {"angle": 0, "axis": "y", "origin": [-0.5, 16.24264, 21.74264]},
			"faces": {
				"north": {"uv": [11, 9.625, 11.25, 9.875], "texture": "#0"},
				"east": {"uv": [6.75, 8.5, 7.75, 8.75], "texture": "#0"},
				"south": {"uv": [10.875, 11, 11.125, 11.25], "texture": "#0"},
				"west": {"uv": [7.875, 8.5, 8.875, 8.75], "texture": "#0"},
				"up": {"uv": [0.25, 9.625, 0, 8.625], "texture": "#0"},
				"down": {"uv": [0.625, 8.625, 0.375, 9.625], "texture": "#0"}
			}
		},
		{
			"from": [-1.975, 14.92893, -7.07107],
			"to": [-0.025, 20.92893, -5.07107],
			"rotation": {"angle": 45, "axis": "x", "origin": [-0.5, 4.92893, -7.07107]},
			"faces": {
				"north": {"uv": [5, 9.125, 5.25, 9.875], "texture": "#0"},
				"east": {"uv": [5.375, 9.125, 5.625, 9.875], "texture": "#0"},
				"south": {"uv": [5.75, 9.125, 6, 9.875], "texture": "#0"},
				"west": {"uv": [3.75, 9.25, 4, 10], "texture": "#0"},
				"up": {"uv": [6.5, 11.25, 6.25, 11], "texture": "#0"},
				"down": {"uv": [8.875, 11, 8.625, 11.25], "texture": "#0"}
			}
		},
		{
			"from": [-2, 10, 0],
			"to": [0, 12, 2],
			"rotation": {"angle": 0, "axis": "y", "origin": [-0.5, 12, 17]},
			"faces": {
				"north": {"uv": [11.125, 0, 11.375, 0.25], "texture": "#0"},
				"east": {"uv": [11.125, 0.375, 11.375, 0.625], "texture": "#0"},
				"south": {"uv": [11.125, 0.75, 11.375, 1], "texture": "#0"},
				"west": {"uv": [11.125, 1.125, 11.375, 1.375], "texture": "#0"},
				"up": {"uv": [2.25, 11.375, 2, 11.125], "texture": "#0"},
				"down": {"uv": [3.875, 11.125, 3.625, 11.375], "texture": "#0"}
			}
		},
		{
			"from": [16, 14.24264, 4.24264],
			"to": [18, 16.24264, 11.74264],
			"rotation": {"angle": 0, "axis": "y", "origin": [16.5, 16.24264, 21.74264]},
			"faces": {
				"north": {"uv": [11.125, 10.375, 11.375, 10.625], "texture": "#0"},
				"east": {"uv": [0.75, 8.625, 1.75, 8.875], "texture": "#0"},
				"south": {"uv": [10.5, 11.125, 10.75, 11.375], "texture": "#0"},
				"west": {"uv": [1.875, 8.625, 2.875, 8.875], "texture": "#0"},
				"up": {"uv": [3.25, 9.625, 3, 8.625], "texture": "#0"},
				"down": {"uv": [3.625, 8.625, 3.375, 9.625], "texture": "#0"}
			}
		},
		{
			"from": [16.025, 14.92893, -7.07107],
			"to": [17.975, 20.92893, -5.07107],
			"rotation": {"angle": 45, "axis": "x", "origin": [16.5, 4.92893, -7.07107]},
			"faces": {
				"north": {"uv": [4.125, 9.375, 4.375, 10.125], "texture": "#0"},
				"east": {"uv": [4.5, 9.375, 4.75, 10.125], "texture": "#0"},
				"south": {"uv": [9.375, 9.25, 9.625, 10], "texture": "#0"},
				"west": {"uv": [9.5, 5.875, 9.75, 6.625], "texture": "#0"},
				"up": {"uv": [0.25, 11.5, 0, 11.25], "texture": "#0"},
				"down": {"uv": [0.625, 11.25, 0.375, 11.5], "texture": "#0"}
			}
		},
		{
			"from": [16, 10, 0],
			"to": [18, 12, 2],
			"rotation": {"angle": 0, "axis": "y", "origin": [16.5, 12, 17]},
			"faces": {
				"north": {"uv": [0.75, 11.25, 1, 11.5], "texture": "#0"},
				"east": {"uv": [1.125, 11.25, 1.375, 11.5], "texture": "#0"},
				"south": {"uv": [11.25, 1.5, 11.5, 1.75], "texture": "#0"},
				"west": {"uv": [11.25, 1.875, 11.5, 2.125], "texture": "#0"},
				"up": {"uv": [11.5, 2.5, 11.25, 2.25], "texture": "#0"},
				"down": {"uv": [11.5, 2.625, 11.25, 2.875], "texture": "#0"}
			}
		},
		{
			"from": [6.5, 14.24264, 4.24264],
			"to": [7.5, 16.24264, 11.74264],
			"rotation": {"angle": 0, "axis": "y", "origin": [7, 16.24264, 21.74264]},
			"faces": {
				"north": {"uv": [2.125, 7.75, 2.25, 8], "texture": "#0"},
				"east": {"uv": [5, 8.75, 6, 9], "texture": "#0"},
				"south": {"uv": [9.25, 7.875, 9.375, 8.125], "texture": "#0"},
				"west": {"uv": [6.125, 8.875, 7.125, 9.125], "texture": "#0"},
				"up": {"uv": [2.5, 5.25, 2.375, 4.25], "texture": "#0"},
				"down": {"uv": [5.75, 10.5, 5.625, 11.5], "texture": "#0"}
			}
		},
		{
			"from": [6.525, 14.92893, -7.07107],
			"to": [7.475, 20.92893, -5.07107],
			"rotation": {"angle": 45, "axis": "x", "origin": [7, 4.92893, -7.07107]},
			"faces": {
				"north": {"uv": [10.75, 9.25, 10.875, 10], "texture": "#0"},
				"east": {"uv": [0.375, 9.75, 0.625, 10.5], "texture": "#0"},
				"south": {"uv": [9.5, 10.75, 9.625, 11.5], "texture": "#0"},
				"west": {"uv": [0.75, 9.75, 1, 10.5], "texture": "#0"},
				"up": {"uv": [10.25, 3.75, 10.125, 3.5], "texture": "#0"},
				"down": {"uv": [3, 11.375, 2.875, 11.625], "texture": "#0"}
			}
		},
		{
			"from": [6.5, 10, 0],
			"to": [7.5, 12, 2],
			"rotation": {"angle": 0, "axis": "y", "origin": [7, 12, 17]},
			"faces": {
				"north": {"uv": [3.125, 11.375, 3.25, 11.625], "texture": "#0"},
				"east": {"uv": [7.75, 11.25, 8, 11.5], "texture": "#0"},
				"south": {"uv": [3.375, 11.375, 3.5, 11.625], "texture": "#0"},
				"west": {"uv": [8.125, 11.25, 8.375, 11.5], "texture": "#0"},
				"up": {"uv": [6, 11.625, 5.875, 11.375], "texture": "#0"},
				"down": {"uv": [6.25, 11.375, 6.125, 11.625], "texture": "#0"}
			}
		},
		{
			"from": [6.5, 9, 14],
			"to": [7.5, 12, 16],
			"rotation": {"angle": 0, "axis": "y", "origin": [7, 12, -1]},
			"faces": {
				"north": {"uv": [11.25, 10.75, 11.375, 11.125], "texture": "#0"},
				"east": {"uv": [10.875, 7.25, 11.125, 7.625], "texture": "#0"},
				"south": {"uv": [11.25, 11.25, 11.375, 11.625], "texture": "#0"},
				"west": {"uv": [10.875, 8.25, 11.125, 8.625], "texture": "#0"},
				"up": {"uv": [3.75, 11.75, 3.625, 11.5], "texture": "#0"},
				"down": {"uv": [11.625, 3.75, 11.5, 4], "texture": "#0"}
			}
		},
		{
			"from": [8.5, 14.24264, 4.24264],
			"to": [9.5, 16.24264, 11.74264],
			"rotation": {"angle": 0, "axis": "y", "origin": [9, 16.24264, 21.74264]},
			"faces": {
				"north": {"uv": [8.75, 11.375, 8.875, 11.625], "texture": "#0"},
				"east": {"uv": [7.25, 8.875, 8.25, 9.125], "texture": "#0"},
				"south": {"uv": [9, 11.375, 9.125, 11.625], "texture": "#0"},
				"west": {"uv": [8.375, 8.875, 9.375, 9.125], "texture": "#0"},
				"up": {"uv": [1.625, 11.625, 1.5, 10.625], "texture": "#0"},
				"down": {"uv": [1.875, 10.625, 1.75, 11.625], "texture": "#0"}
			}
		},
		{
			"from": [8.525, 14.92893, -7.07107],
			"to": [9.475, 20.92893, -5.07107],
			"rotation": {"angle": 45, "axis": "x", "origin": [9, 4.92893, -7.07107]},
			"faces": {
				"north": {"uv": [10.875, 3.625, 11, 4.375], "texture": "#0"},
				"east": {"uv": [1.875, 9.75, 2.125, 10.5], "texture": "#0"},
				"south": {"uv": [10.875, 10.125, 11, 10.875], "texture": "#0"},
				"west": {"uv": [2.25, 9.75, 2.5, 10.5], "texture": "#0"},
				"up": {"uv": [9.375, 11.625, 9.25, 11.375], "texture": "#0"},
				"down": {"uv": [11.5, 9.25, 11.375, 9.5], "texture": "#0"}
			}
		},
		{
			"from": [8.5, 10, 0],
			"to": [9.5, 12, 2],
			"rotation": {"angle": 0, "axis": "y", "origin": [9, 12, 17]},
			"faces": {
				"north": {"uv": [11.375, 9.625, 11.5, 9.875], "texture": "#0"},
				"east": {"uv": [11.25, 8.125, 11.5, 8.375], "texture": "#0"},
				"south": {"uv": [10.875, 11.375, 11, 11.625], "texture": "#0"},
				"west": {"uv": [11.25, 8.5, 11.5, 8.75], "texture": "#0"},
				"up": {"uv": [11.625, 0.25, 11.5, 0], "texture": "#0"},
				"down": {"uv": [11.625, 0.375, 11.5, 0.625], "texture": "#0"}
			}
		},
		{
			"from": [8.5, 9, 14],
			"to": [9.5, 12, 16],
			"rotation": {"angle": 0, "axis": "y", "origin": [9, 12, -1]},
			"faces": {
				"north": {"uv": [2.375, 5.375, 2.5, 5.75], "texture": "#0"},
				"east": {"uv": [10.875, 1.75, 11.125, 2.125], "texture": "#0"},
				"south": {"uv": [2.75, 9, 2.875, 9.375], "texture": "#0"},
				"west": {"uv": [10.875, 4.5, 11.125, 4.875], "texture": "#0"},
				"up": {"uv": [2.125, 11.75, 2, 11.5], "texture": "#0"},
				"down": {"uv": [11.625, 3.375, 11.5, 3.625], "texture": "#0"}
			}
		},
		{
			"from": [-2, 0, 13],
			"to": [1, 3, 16],
			"rotation": {"angle": 0, "axis": "y", "origin": [0, 0, 16]},
			"faces": {
				"north": {"uv": [7.25, 9.75, 6.875, 10.125], "texture": "#0"},
				"east": {"uv": [9.875, 8.5, 9.5, 8.875], "texture": "#0"},
				"south": {"uv": [9.875, 7.625, 9.5, 8], "texture": "#0"},
				"west": {"uv": [7.75, 9.75, 7.375, 10.125], "texture": "#0"},
				"up": {"uv": [8.25, 9.75, 7.875, 10.125], "texture": "#0"},
				"down": {"uv": [8.75, 10.125, 8.375, 9.75], "texture": "#0"}
			}
		},
		{
			"from": [-1.5, 3, 13.5],
			"to": [0.5, 7, 15.5],
			"rotation": {"angle": 0, "axis": "y", "origin": [0, 0, 16]},
			"faces": {
				"north": {"uv": [10.625, 3.125, 10.375, 3.625], "texture": "#0"},
				"east": {"uv": [10.625, 2.5, 10.375, 3], "texture": "#0"},
				"south": {"uv": [9.625, 10.125, 9.375, 10.625], "texture": "#0"},
				"west": {"uv": [10.625, 5.375, 10.375, 5.875], "texture": "#0"},
				"up": {"uv": [3.5, 11, 3.25, 11.25], "texture": "#0"},
				"down": {"uv": [6.125, 11.25, 5.875, 11], "texture": "#0"}
			}
		},
		{
			"from": [-2.5, 8, 13.5],
			"to": [0.5, 10, 16.5],
			"rotation": {"angle": 0, "axis": "y", "origin": [0, 0, 16]},
			"faces": {
				"north": {"uv": [11.125, 2.5, 10.75, 2.75], "texture": "#0"},
				"east": {"uv": [6.75, 10.625, 6.375, 10.875], "texture": "#0"},
				"south": {"uv": [6.25, 10.625, 5.875, 10.875], "texture": "#0"},
				"west": {"uv": [11.125, 2.875, 10.75, 3.125], "texture": "#0"},
				"up": {"uv": [10.375, 8.5, 10, 8.875], "texture": "#0"},
				"down": {"uv": [10.125, 10.375, 9.75, 10], "texture": "#0"}
			}
		},
		{
			"from": [6.525, 14.92893, 21.07107],
			"to": [7.475, 20.92893, 23.07107],
			"rotation": {"angle": -45, "axis": "x", "origin": [7, 4.92893, 23.07107]},
			"faces": {
				"north": {"uv": [9.625, 10.75, 9.5, 11.5], "texture": "#0"},
				"east": {"uv": [0.625, 9.75, 0.375, 10.5], "texture": "#0"},
				"south": {"uv": [10.875, 9.25, 10.75, 10], "texture": "#0"},
				"west": {"uv": [1, 9.75, 0.75, 10.5], "texture": "#0"},
				"up": {"uv": [10.25, 3.5, 10.125, 3.75], "texture": "#0"},
				"down": {"uv": [3, 11.625, 2.875, 11.375], "texture": "#0"}
			}
		},
		{
			"from": [8.525, 14.92893, 21.07107],
			"to": [9.475, 20.92893, 23.07107],
			"rotation": {"angle": -45, "axis": "x", "origin": [9, 4.92893, 23.07107]},
			"faces": {
				"north": {"uv": [11, 10.125, 10.875, 10.875], "texture": "#0"},
				"east": {"uv": [2.125, 9.75, 1.875, 10.5], "texture": "#0"},
				"south": {"uv": [11, 3.625, 10.875, 4.375], "texture": "#0"},
				"west": {"uv": [2.5, 9.75, 2.25, 10.5], "texture": "#0"},
				"up": {"uv": [9.375, 11.375, 9.25, 11.625], "texture": "#0"},
				"down": {"uv": [11.5, 9.5, 11.375, 9.25], "texture": "#0"}
			}
		},
		{
			"from": [16.025, 14.92893, 21.07107],
			"to": [17.975, 20.92893, 23.07107],
			"rotation": {"angle": -45, "axis": "x", "origin": [16.5, 4.92893, 23.07107]},
			"faces": {
				"north": {"uv": [9.625, 9.25, 9.375, 10], "texture": "#0"},
				"east": {"uv": [4.75, 9.375, 4.5, 10.125], "texture": "#0"},
				"south": {"uv": [4.375, 9.375, 4.125, 10.125], "texture": "#0"},
				"west": {"uv": [9.75, 5.875, 9.5, 6.625], "texture": "#0"},
				"up": {"uv": [0.25, 11.25, 0, 11.5], "texture": "#0"},
				"down": {"uv": [0.625, 11.5, 0.375, 11.25], "texture": "#0"}
			}
		},
		{
			"from": [-1.975, 14.92893, 21.07107],
			"to": [-0.025, 20.92893, 23.07107],
			"rotation": {"angle": -45, "axis": "x", "origin": [-0.5, 4.92893, 23.07107]},
			"faces": {
				"north": {"uv": [6, 9.125, 5.75, 9.875], "texture": "#0"},
				"east": {"uv": [5.625, 9.125, 5.375, 9.875], "texture": "#0"},
				"south": {"uv": [5.25, 9.125, 5, 9.875], "texture": "#0"},
				"west": {"uv": [4, 9.25, 3.75, 10], "texture": "#0"},
				"up": {"uv": [6.5, 11, 6.25, 11.25], "texture": "#0"},
				"down": {"uv": [8.875, 11.25, 8.625, 11], "texture": "#0"}
			}
		},
		{
			"from": [16, 10, 14],
			"to": [18, 12, 16],
			"rotation": {"angle": 0, "axis": "y", "origin": [16.5, 12, -1]},
			"faces": {
				"north": {"uv": [11.5, 1.5, 11.25, 1.75], "texture": "#0"},
				"east": {"uv": [1.375, 11.25, 1.125, 11.5], "texture": "#0"},
				"south": {"uv": [1, 11.25, 0.75, 11.5], "texture": "#0"},
				"west": {"uv": [11.5, 1.875, 11.25, 2.125], "texture": "#0"},
				"up": {"uv": [11.5, 2.25, 11.25, 2.5], "texture": "#0"},
				"down": {"uv": [11.5, 2.875, 11.25, 2.625], "texture": "#0"}
			}
		},
		{
			"from": [-2, 10, 14],
			"to": [0, 12, 16],
			"rotation": {"angle": 0, "axis": "y", "origin": [-0.5, 12, -1]},
			"faces": {
				"north": {"uv": [11.375, 0.75, 11.125, 1], "texture": "#0"},
				"east": {"uv": [11.375, 0.375, 11.125, 0.625], "texture": "#0"},
				"south": {"uv": [11.375, 0, 11.125, 0.25], "texture": "#0"},
				"west": {"uv": [11.375, 1.125, 11.125, 1.375], "texture": "#0"},
				"up": {"uv": [2.25, 11.125, 2, 11.375], "texture": "#0"},
				"down": {"uv": [3.875, 11.375, 3.625, 11.125], "texture": "#0"}
			}
		},
		{
			"from": [15.5, 8, 13.5],
			"to": [18.5, 10, 16.5],
			"rotation": {"angle": 0, "axis": "y", "origin": [16, 0, 16]},
			"faces": {
				"north": {"uv": [3.25, 10.625, 2.875, 10.875], "texture": "#0"},
				"east": {"uv": [2.75, 10.625, 2.375, 10.875], "texture": "#0"},
				"south": {"uv": [9.375, 8.5, 9, 8.75], "texture": "#0"},
				"west": {"uv": [3.75, 10.625, 3.375, 10.875], "texture": "#0"},
				"up": {"uv": [5.75, 10, 5.375, 10.375], "texture": "#0"},
				"down": {"uv": [10.375, 8, 10, 7.625], "texture": "#0"}
			}
		},
		{
			"from": [15.5, 3, 13.5],
			"to": [17.5, 7, 15.5],
			"rotation": {"angle": 0, "axis": "y", "origin": [16, 0, 16]},
			"faces": {
				"north": {"uv": [10.75, 3.75, 10.5, 4.25], "texture": "#0"},
				"east": {"uv": [10.625, 6.625, 10.375, 7.125], "texture": "#0"},
				"south": {"uv": [10.625, 6, 10.375, 6.5], "texture": "#0"},
				"west": {"uv": [10.75, 4.375, 10.5, 4.875], "texture": "#0"},
				"up": {"uv": [5.375, 11.125, 5.125, 11.375], "texture": "#0"},
				"down": {"uv": [6.875, 11.375, 6.625, 11.125], "texture": "#0"}
			}
		},
		{
			"from": [15, 0, 13],
			"to": [18, 3, 16],
			"rotation": {"angle": 0, "axis": "y", "origin": [16, 0, 16]},
			"faces": {
				"north": {"uv": [10.125, 9.5, 9.75, 9.875], "texture": "#0"},
				"east": {"uv": [10.125, 9, 9.75, 9.375], "texture": "#0"},
				"south": {"uv": [9.25, 9.75, 8.875, 10.125], "texture": "#0"},
				"west": {"uv": [10.25, 0, 9.875, 0.375], "texture": "#0"},
				"up": {"uv": [10.25, 0.5, 9.875, 0.875], "texture": "#0"},
				"down": {"uv": [10.25, 1.375, 9.875, 1], "texture": "#0"}
			}
		}
	],
	"gui_light": "front",
	"display": {
		"thirdperson_righthand": {
			"scale": [0.4, 0.4, 0.4]
		},
		"thirdperson_lefthand": {
			"scale": [0.4, 0.4, 0.4]
		},
		"firstperson_righthand": {
			"scale": [0.4, 0.4, 0.4]
		},
		"firstperson_lefthand": {
			"scale": [0.4, 0.4, 0.4]
		},
		"ground": {
			"scale": [0.3, 0.3, 0.3]
		},
		"gui": {
			"rotation": [18, -140, 0],
			"scale": [0.55, 0.55, 0.55]
		},
		"head": {
			"scale": [1.5, 1.5, 1.5]
		},
		"fixed": {
			"rotation": [-90, 0, 0],
			"translation": [0, 0, -78],
			"scale": [2, 2, 2]
		}
	},
	"groups": [
		0,
		1,
		2,
		3,
		4,
		5,
		6,
		7,
		8,
		9,
		10,
		11,
		12,
		13,
		14,
		15,
		16,
		17,
		18,
		19,
		20,
		21,
		{
			"name": "group",
			"origin": [-0.5, 12, -1],
			"color": 0,
			"children": [22, 23, 24]
		},
		{
			"name": "group",
			"origin": [-0.5, 12, -1],
			"color": 0,
			"children": [25, 26, 27]
		},
		{
			"name": "group",
			"origin": [-0.5, 12, -1],
			"color": 0,
			"children": [28, 29, 30, 31]
		},
		{
			"name": "group",
			"origin": [-0.5, 12, -1],
			"color": 0,
			"children": [32, 33, 34, 35]
		},
		{
			"name": "group",
			"origin": [16, 0, 16],
			"color": 0,
			"children": [36, 37, 38, 39, 40, 41, 42, 43, 44, 45, 46, 47]
		}
	]
}