{
	"credit": "Made with Blockbench",
	"texture_size": [128, 128],
	"textures": {
		"0": "toffy/crates/toffy_crate_paladin",
		"1": "toffy/crates/toffy_crate_paladin_anim",
		"particle": "toffy/crates/toffy_crate_paladin"
	},
	"elements": [
		{
			"name": "anim",
			"from": [4, 14.9, 7.975],
			"to": [12, 22.9, 8.025],
			"faces": {
				"north": {"uv": [0, 0, 16, 16], "texture": "#1"},
				"east": {"uv": [9.125, 11.375, 9.125, 12.375], "texture": "#1"},
				"south": {"uv": [0, 0, 16, 16], "texture": "#1"},
				"west": {"uv": [9.75, 11.375, 9.75, 12.375], "texture": "#1"},
				"up": {"uv": [12.25, 7.75, 11.25, 7.75], "texture": "#1"},
				"down": {"uv": [12.25, 9.25, 11.25, 9.25], "texture": "#1"}
			}
		},
		{
			"from": [0, 0, 2],
			"to": [16, 2, 14],
			"faces": {
				"north": {"uv": [6, 2.5, 8, 2.75], "texture": "#0"},
				"east": {"uv": [6.5, 4.5, 8, 4.75], "texture": "#0"},
				"south": {"uv": [6, 2.875, 8, 3.125], "texture": "#0"},
				"west": {"uv": [6.5, 4.875, 8, 5.125], "texture": "#0"},
				"up": {"uv": [2, 1.5, 0, 0], "texture": "#0"},
				"down": {"uv": [2, 1.625, 0, 3.125], "texture": "#0"}
			}
		},
		{
			"from": [0, 6.5, 2],
			"to": [16, 8.5, 14],
			"faces": {
				"north": {"uv": [6, 3.25, 8, 3.5], "texture": "#0"},
				"east": {"uv": [6.625, 6.5, 8.125, 6.75], "texture": "#0"},
				"south": {"uv": [1.625, 6.375, 3.625, 6.625], "texture": "#0"},
				"west": {"uv": [1.5, 6.75, 3, 7], "texture": "#0"},
				"up": {"uv": [4.125, 1.5, 2.125, 0], "texture": "#0"},
				"down": {"uv": [4.125, 1.625, 2.125, 3.125], "texture": "#0"}
			}
		},
		{
			"from": [5.5, 6.5, 0.5],
			"to": [10.5, 9.5, 3.5],
			"rotation": {"angle": 0, "axis": "y", "origin": [0, 0, -0.5]},
			"faces": {
				"north": {"uv": [8.875, 2.375, 9.5, 2.75], "texture": "#0"},
				"east": {"uv": [10.25, 2.5, 10.625, 2.875], "texture": "#0"},
				"south": {"uv": [8.875, 2.875, 9.5, 3.25], "texture": "#0"},
				"west": {"uv": [4, 10.25, 4.375, 10.625], "texture": "#0"},
				"up": {"uv": [9.625, 1.875, 9, 1.5], "texture": "#0"},
				"down": {"uv": [3.125, 9.25, 2.5, 9.625], "texture": "#0"}
			}
		},
		{
			"from": [6.5, 1.5, 2.5],
			"to": [9.5, 6.5, 4.5],
			"rotation": {"angle": 0, "axis": "y", "origin": [0, 0, -0.5]},
			"faces": {
				"north": {"uv": [5.5, 8.875, 5.875, 9.5], "texture": "#0"},
				"east": {"uv": [8, 8.5, 8.125, 9.125], "texture": "#0"},
				"south": {"uv": [3.25, 9.25, 3.625, 9.875], "texture": "#0"},
				"west": {"uv": [0, 10.875, 0.125, 11.5], "texture": "#0"},
				"up": {"uv": [4.75, 5.125, 4.375, 5], "texture": "#0"},
				"down": {"uv": [7.625, 4.25, 7.25, 4.375], "texture": "#0"}
			}
		},
		{
			"from": [6.5, 0, 1],
			"to": [9.5, 2, 3],
			"rotation": {"angle": 0, "axis": "y", "origin": [0, 0, 0.5]},
			"faces": {
				"north": {"uv": [8.25, 6.5, 8.625, 6.75], "texture": "#0"},
				"east": {"uv": [5.125, 6.125, 5.375, 6.375], "texture": "#0"},
				"south": {"uv": [8.875, 3.375, 9.25, 3.625], "texture": "#0"},
				"west": {"uv": [4.75, 7.625, 5, 7.875], "texture": "#0"},
				"up": {"uv": [5.875, 11, 5.5, 10.75], "texture": "#0"},
				"down": {"uv": [11.125, 7, 10.75, 7.25], "texture": "#0"}
			}
		},
		{
			"from": [6.5, -0.03806, 0.80866],
			"to": [9.5, 1.96194, 3.80866],
			"rotation": {"angle": -22.5, "axis": "x", "origin": [0, 2.46194, 0.80866]},
			"faces": {
				"north": {"uv": [7.25, 10.75, 7.625, 11], "texture": "#0"},
				"east": {"uv": [7.75, 10.75, 8.125, 11], "texture": "#0"},
				"south": {"uv": [8.25, 10.75, 8.625, 11], "texture": "#0"},
				"west": {"uv": [10.75, 9, 11.125, 9.25], "texture": "#0"},
				"up": {"uv": [4.875, 10.625, 4.5, 10.25], "texture": "#0"},
				"down": {"uv": [5.375, 10.25, 5, 10.625], "texture": "#0"}
			}
		},
		{
			"from": [6.67157, 7.29289, 0.525],
			"to": [10.17157, 10.79289, 3.5],
			"rotation": {"angle": 45, "axis": "z", "origin": [7.67157, 8.79289, 5.5]},
			"faces": {
				"north": {"uv": [8.75, 6.875, 9.25, 7.375], "texture": "#0"},
				"east": {"uv": [6.5, 9.375, 6.875, 9.875], "texture": "#0"},
				"south": {"uv": [8.75, 7.5, 9.25, 8], "texture": "#0"},
				"west": {"uv": [9.375, 6.5, 9.75, 7], "texture": "#0"},
				"up": {"uv": [7.5, 9.75, 7, 9.375], "texture": "#0"},
				"down": {"uv": [9.875, 7.125, 9.375, 7.5], "texture": "#0"}
			}
		},
		{
			"from": [6.67157, 5.20711, 0.525],
			"to": [10.17157, 8.70711, 3.5],
			"rotation": {"angle": -45, "axis": "z", "origin": [7.67157, 7.20711, 5.5]},
			"faces": {
				"north": {"uv": [8.75, 8.125, 9.25, 8.625], "texture": "#0"},
				"east": {"uv": [9.375, 7.625, 9.75, 8.125], "texture": "#0"},
				"south": {"uv": [8.75, 8.75, 9.25, 9.25], "texture": "#0"},
				"west": {"uv": [9.375, 8.25, 9.75, 8.75], "texture": "#0"},
				"up": {"uv": [9.125, 9.75, 8.625, 9.375], "texture": "#0"},
				"down": {"uv": [9.875, 8.875, 9.375, 9.25], "texture": "#0"}
			}
		},
		{
			"from": [2, 1.9, 4],
			"to": [14, 7.9, 12],
			"faces": {
				"north": {"uv": [3.25, 3.25, 4.75, 4], "texture": "#0"},
				"east": {"uv": [4.375, 5.25, 5.375, 6], "texture": "#0"},
				"south": {"uv": [3.25, 4.125, 4.75, 4.875], "texture": "#0"},
				"west": {"uv": [1.625, 5.5, 2.625, 6.25], "texture": "#0"},
				"up": {"uv": [1.5, 4.25, 0, 3.25], "texture": "#0"},
				"down": {"uv": [3.125, 3.25, 1.625, 4.25], "texture": "#0"}
			}
		},
		{
			"from": [2, 6.35822, 2.76745],
			"to": [14, 10.35822, 6.76745],
			"rotation": {"angle": 22.5, "axis": "x", "origin": [7, 9.35822, 7.76745]},
			"faces": {
				"north": {"uv": [5.5, 5.25, 7, 5.75], "texture": "#0"},
				"east": {"uv": [1.875, 8.75, 2.375, 9.25], "texture": "#0"},
				"south": {"uv": [2.75, 5.75, 4.25, 6.25], "texture": "#0"},
				"west": {"uv": [8.75, 3.75, 9.25, 4.25], "texture": "#0"},
				"up": {"uv": [7.375, 0.5, 5.875, 0], "texture": "#0"},
				"down": {"uv": [7.375, 0.625, 5.875, 1.125], "texture": "#0"}
			}
		},
		{
			"from": [6.5, 7.12725, 1.36312],
			"to": [9.5, 11.12725, 5.36312],
			"rotation": {"angle": 22.5, "axis": "x", "origin": [7, 9.12725, 7.86312]},
			"faces": {
				"north": {"uv": [2.75, 4.375, 3.125, 4.875], "texture": "#0"},
				"east": {"uv": [8.75, 5.625, 9.25, 6.125], "texture": "#0"},
				"south": {"uv": [6, 9.25, 6.375, 9.75], "texture": "#0"},
				"west": {"uv": [8.75, 6.25, 9.25, 6.75], "texture": "#0"},
				"up": {"uv": [1.625, 9.875, 1.25, 9.375], "texture": "#0"},
				"down": {"uv": [2.125, 9.375, 1.75, 9.875], "texture": "#0"}
			}
		},
		{
			"from": [6.5, 10.70357, 4.8628],
			"to": [9.5, 14.70357, 10.6878],
			"rotation": {"angle": -22.5, "axis": "x", "origin": [7, 8.45357, 6.8628]},
			"faces": {
				"north": {"uv": [9.375, 3.375, 9.75, 3.875], "texture": "#0"},
				"east": {"uv": [6.625, 6.875, 7.375, 7.375], "texture": "#0"},
				"south": {"uv": [3.75, 9.375, 4.125, 9.875], "texture": "#0"},
				"west": {"uv": [4.25, 7, 5, 7.5], "texture": "#0"},
				"up": {"uv": [3.625, 8.5, 3.25, 7.75], "texture": "#0"},
				"down": {"uv": [5.875, 8, 5.5, 8.75], "texture": "#0"}
			}
		},
		{
			"from": [6.5, 10.70357, 5.3372],
			"to": [9.5, 14.70357, 11.1372],
			"rotation": {"angle": 22.5, "axis": "x", "origin": [7, 8.45357, 9.1372]},
			"faces": {
				"north": {"uv": [9.375, 5.25, 9.75, 5.75], "texture": "#0"},
				"east": {"uv": [1.5, 7.125, 2.25, 7.625], "texture": "#0"},
				"south": {"uv": [9.375, 5.875, 9.75, 6.375], "texture": "#0"},
				"west": {"uv": [2.375, 7.125, 3.125, 7.625], "texture": "#0"},
				"up": {"uv": [8.625, 8.25, 8.25, 7.5], "texture": "#0"},
				"down": {"uv": [8.75, 0, 8.375, 0.75], "texture": "#0"}
			}
		},
		{
			"from": [6.5, 6.12725, 10.63688],
			"to": [9.5, 11.12725, 14.63688],
			"rotation": {"angle": -22.5, "axis": "x", "origin": [7, 9.12725, 8.13688]},
			"faces": {
				"north": {"uv": [8.875, 0, 9.25, 0.625], "texture": "#0"},
				"east": {"uv": [8.125, 3.75, 8.625, 4.375], "texture": "#0"},
				"south": {"uv": [8.875, 0.75, 9.25, 1.375], "texture": "#0"},
				"west": {"uv": [8.125, 4.5, 8.625, 5.125], "texture": "#0"},
				"up": {"uv": [9.75, 4.5, 9.375, 4], "texture": "#0"},
				"down": {"uv": [9.75, 4.625, 9.375, 5.125], "texture": "#0"}
			}
		},
		{
			"from": [6.5, 11.02504, 14.77974],
			"to": [9.5, 14.02504, 15.77974],
			"rotation": {"angle": 45, "axis": "x", "origin": [7, 12.02504, 9.27974]},
			"faces": {
				"north": {"uv": [10.375, 3.5, 10.75, 3.875], "texture": "#0"},
				"east": {"uv": [7.5, 11.125, 7.625, 11.5], "texture": "#0"},
				"south": {"uv": [10.375, 5.375, 10.75, 5.75], "texture": "#0"},
				"west": {"uv": [7.75, 11.125, 7.875, 11.5], "texture": "#0"},
				"up": {"uv": [11.375, 8, 11, 7.875], "texture": "#0"},
				"down": {"uv": [11.5, 3.375, 11.125, 3.5], "texture": "#0"}
			}
		},
		{
			"from": [2, 7.72417, 5.21579],
			"to": [14, 13.72417, 10.06579],
			"rotation": {"angle": -22.5, "axis": "x", "origin": [7, 8.72417, 8.21579]},
			"faces": {
				"north": {"uv": [4.25, 0, 5.75, 0.75], "texture": "#0"},
				"east": {"uv": [4.375, 6.125, 5, 6.875], "texture": "#0"},
				"south": {"uv": [4.25, 0.875, 5.75, 1.625], "texture": "#0"},
				"west": {"uv": [6.5, 3.625, 7.125, 4.375], "texture": "#0"},
				"up": {"uv": [6.375, 4.375, 4.875, 3.75], "texture": "#0"},
				"down": {"uv": [6.375, 4.5, 4.875, 5.125], "texture": "#0"}
			}
		},
		{
			"from": [2, 7.72417, 5.93421],
			"to": [14, 13.72417, 10.78421],
			"rotation": {"angle": 22.5, "axis": "x", "origin": [7, 8.72417, 7.78421]},
			"faces": {
				"north": {"uv": [4.25, 1.75, 5.75, 2.5], "texture": "#0"},
				"east": {"uv": [5.125, 6.5, 5.75, 7.25], "texture": "#0"},
				"south": {"uv": [0, 4.375, 1.5, 5.125], "texture": "#0"},
				"west": {"uv": [5.875, 6.5, 6.5, 7.25], "texture": "#0"},
				"up": {"uv": [4.25, 5.625, 2.75, 5], "texture": "#0"},
				"down": {"uv": [1.5, 5.25, 0, 5.875], "texture": "#0"}
			}
		},
		{
			"from": [2, 6.35822, 9.23255],
			"to": [14, 10.35822, 13.23255],
			"rotation": {"angle": -22.5, "axis": "x", "origin": [7, 9.35822, 8.23255]},
			"faces": {
				"north": {"uv": [5.875, 1.25, 7.375, 1.75], "texture": "#0"},
				"east": {"uv": [8.75, 4.375, 9.25, 4.875], "texture": "#0"},
				"south": {"uv": [5.875, 1.875, 7.375, 2.375], "texture": "#0"},
				"west": {"uv": [8.75, 5, 9.25, 5.5], "texture": "#0"},
				"up": {"uv": [7, 6.375, 5.5, 5.875], "texture": "#0"},
				"down": {"uv": [1.5, 6, 0, 6.5], "texture": "#0"}
			}
		},
		{
			"from": [0, 9.70357, 4.8628],
			"to": [3, 13.70357, 10.6878],
			"rotation": {"angle": -22.5, "axis": "x", "origin": [0.5, 7.45357, 6.8628]},
			"faces": {
				"north": {"uv": [9.25, 9.375, 9.625, 9.875], "texture": "#0"},
				"east": {"uv": [7.125, 5.25, 7.875, 5.75], "texture": "#0"},
				"south": {"uv": [9.625, 2, 10, 2.5], "texture": "#0"},
				"west": {"uv": [7.125, 5.875, 7.875, 6.375], "texture": "#0"},
				"up": {"uv": [8.75, 1.625, 8.375, 0.875], "texture": "#0"},
				"down": {"uv": [2.875, 8.375, 2.5, 9.125], "texture": "#0"}
			}
		},
		{
			"from": [0.025, 9.70357, 5.3122],
			"to": [2.975, 13.70357, 11.1372],
			"rotation": {"angle": 22.5, "axis": "x", "origin": [0.5, 7.45357, 9.1372]},
			"faces": {
				"north": {"uv": [8.125, 9.75, 8.5, 10.25], "texture": "#0"},
				"east": {"uv": [7.25, 3.625, 8, 4.125], "texture": "#0"},
				"south": {"uv": [9.75, 9.375, 10.125, 9.875], "texture": "#0"},
				"west": {"uv": [5.125, 7.375, 5.875, 7.875], "texture": "#0"},
				"up": {"uv": [6.375, 9.125, 6, 8.375], "texture": "#0"},
				"down": {"uv": [8.625, 8.375, 8.25, 9.125], "texture": "#0"}
			}
		},
		{
			"from": [0.05, 7.12725, 10.63688],
			"to": [2.95, 10.12725, 14.63688],
			"rotation": {"angle": -22.5, "axis": "x", "origin": [0.5, 8.12725, 8.13688]},
			"faces": {
				"north": {"uv": [1, 10.375, 1.375, 10.75], "texture": "#0"},
				"east": {"uv": [4.25, 9.75, 4.75, 10.125], "texture": "#0"},
				"south": {"uv": [10.375, 1.5, 10.75, 1.875], "texture": "#0"},
				"west": {"uv": [4.875, 9.75, 5.375, 10.125], "texture": "#0"},
				"up": {"uv": [3.125, 10.25, 2.75, 9.75], "texture": "#0"},
				"down": {"uv": [8, 9.75, 7.625, 10.25], "texture": "#0"}
			}
		},
		{
			"from": [0.025, 7.12725, 1.36312],
			"to": [2.975, 10.12725, 5.36312],
			"rotation": {"angle": 22.5, "axis": "x", "origin": [0.5, 8.12725, 7.86312]},
			"faces": {
				"north": {"uv": [5.5, 10.25, 5.875, 10.625], "texture": "#0"},
				"east": {"uv": [9.625, 2.625, 10.125, 3], "texture": "#0"},
				"south": {"uv": [10.25, 9.125, 10.625, 9.5], "texture": "#0"},
				"west": {"uv": [9.75, 1.5, 10.25, 1.875], "texture": "#0"},
				"up": {"uv": [5.875, 10.125, 5.5, 9.625], "texture": "#0"},
				"down": {"uv": [2.625, 9.75, 2.25, 10.25], "texture": "#0"}
			}
		},
		{
			"from": [13.025, 7.12725, 1.36312],
			"to": [15.975, 10.12725, 5.36312],
			"rotation": {"angle": 22.5, "axis": "x", "origin": [15.5, 8.12725, 7.86312]},
			"faces": {
				"north": {"uv": [5.875, 10.25, 5.5, 10.625], "texture": "#0"},
				"east": {"uv": [10.25, 1.5, 9.75, 1.875], "texture": "#0"},
				"south": {"uv": [10.625, 9.125, 10.25, 9.5], "texture": "#0"},
				"west": {"uv": [10.125, 2.625, 9.625, 3], "texture": "#0"},
				"up": {"uv": [5.5, 10.125, 5.875, 9.625], "texture": "#0"},
				"down": {"uv": [2.25, 9.75, 2.625, 10.25], "texture": "#0"}
			}
		},
		{
			"from": [13, 9.70357, 4.8628],
			"to": [16, 13.70357, 10.6878],
			"rotation": {"angle": -22.5, "axis": "x", "origin": [15.5, 7.45357, 6.8628]},
			"faces": {
				"north": {"uv": [9.625, 9.375, 9.25, 9.875], "texture": "#0"},
				"east": {"uv": [7.875, 5.875, 7.125, 6.375], "texture": "#0"},
				"south": {"uv": [10, 2, 9.625, 2.5], "texture": "#0"},
				"west": {"uv": [7.875, 5.25, 7.125, 5.75], "texture": "#0"},
				"up": {"uv": [8.375, 1.625, 8.75, 0.875], "texture": "#0"},
				"down": {"uv": [2.5, 8.375, 2.875, 9.125], "texture": "#0"}
			}
		},
		{
			"from": [13.025, 9.70357, 5.3122],
			"to": [15.975, 13.70357, 11.1372],
			"rotation": {"angle": 22.5, "axis": "x", "origin": [15.5, 7.45357, 9.1372]},
			"faces": {
				"north": {"uv": [8.5, 9.75, 8.125, 10.25], "texture": "#0"},
				"east": {"uv": [5.875, 7.375, 5.125, 7.875], "texture": "#0"},
				"south": {"uv": [10.125, 9.375, 9.75, 9.875], "texture": "#0"},
				"west": {"uv": [8, 3.625, 7.25, 4.125], "texture": "#0"},
				"up": {"uv": [6, 9.125, 6.375, 8.375], "texture": "#0"},
				"down": {"uv": [8.25, 8.375, 8.625, 9.125], "texture": "#0"}
			}
		},
		{
			"from": [13.05, 7.12725, 10.63688],
			"to": [15.95, 10.12725, 14.63688],
			"rotation": {"angle": -22.5, "axis": "x", "origin": [15.5, 8.12725, 8.13688]},
			"faces": {
				"north": {"uv": [1.375, 10.375, 1, 10.75], "texture": "#0"},
				"east": {"uv": [5.375, 9.75, 4.875, 10.125], "texture": "#0"},
				"south": {"uv": [10.75, 1.5, 10.375, 1.875], "texture": "#0"},
				"west": {"uv": [4.75, 9.75, 4.25, 10.125], "texture": "#0"},
				"up": {"uv": [2.75, 10.25, 3.125, 9.75], "texture": "#0"},
				"down": {"uv": [7.625, 9.75, 8, 10.25], "texture": "#0"}
			}
		},
		{
			"from": [11.76937, 18.00704, 8],
			"to": [12.76937, 20.25704, 8],
			"rotation": {"angle": 0, "axis": "z", "origin": [11.26937, 19.00704, 8]},
			"faces": {
				"north": {"uv": [11.25, 2, 11.375, 2.25], "texture": "#0"},
				"east": {"uv": [3.125, 6.75, 3.125, 7], "texture": "#0"},
				"south": {"uv": [11.25, 3.625, 11.375, 3.875], "texture": "#0"},
				"west": {"uv": [7.875, 9.375, 7.875, 9.625], "texture": "#0"},
				"up": {"uv": [10.5, 8.125, 10.375, 8.125], "texture": "#0"},
				"down": {"uv": [8.875, 10.375, 8.75, 10.375], "texture": "#0"}
			}
		},
		{
			"from": [3.23063, 18.00704, 8],
			"to": [4.23063, 20.25704, 8],
			"rotation": {"angle": 0, "axis": "z", "origin": [4.73063, 19.00704, 8]},
			"faces": {
				"north": {"uv": [11.25, 9.75, 11.375, 10], "texture": "#0"},
				"east": {"uv": [2.125, 10.5, 2.125, 10.75], "texture": "#0"},
				"south": {"uv": [11.25, 10.125, 11.375, 10.375], "texture": "#0"},
				"west": {"uv": [10.875, 3.625, 10.875, 3.875], "texture": "#0"},
				"up": {"uv": [11, 5.75, 10.875, 5.75], "texture": "#0"},
				"down": {"uv": [11, 8.5, 10.875, 8.5], "texture": "#0"}
			}
		},
		{
			"from": [3.95794, 19.51346, 8],
			"to": [4.95794, 22.66346, 8],
			"rotation": {"angle": -22.5, "axis": "z", "origin": [5.45794, 21.66346, 8]},
			"faces": {
				"north": {"uv": [11.125, 6.125, 11.25, 6.5], "texture": "#0"},
				"east": {"uv": [11.375, 6.5, 11.375, 6.875], "texture": "#0"},
				"south": {"uv": [7.25, 11.125, 7.375, 11.5], "texture": "#0"},
				"west": {"uv": [9, 11.375, 9, 11.75], "texture": "#0"},
				"up": {"uv": [10.75, 10.375, 10.625, 10.375], "texture": "#0"},
				"down": {"uv": [11, 1.875, 10.875, 1.875], "texture": "#0"}
			}
		},
		{
			"from": [6.40195, 21.11219, 8],
			"to": [7.40195, 25.48719, 8],
			"rotation": {"angle": -45, "axis": "z", "origin": [7.90195, 24.48719, 8]},
			"faces": {
				"north": {"uv": [6.75, 10.875, 6.875, 11.375], "texture": "#0"},
				"east": {"uv": [8.75, 11.375, 8.75, 11.875], "texture": "#0"},
				"south": {"uv": [7, 10.875, 7.125, 11.375], "texture": "#0"},
				"west": {"uv": [8.875, 11.375, 8.875, 11.875], "texture": "#0"},
				"up": {"uv": [10.625, 9, 10.5, 9], "texture": "#0"},
				"down": {"uv": [10.75, 8.5, 10.625, 8.5], "texture": "#0"}
			}
		},
		{
			"from": [7.5, 24, 8],
			"to": [8.5, 27, 8],
			"faces": {
				"north": {"uv": [11, 3.625, 11.125, 4], "texture": "#0"},
				"east": {"uv": [4.25, 6.375, 4.25, 6.75], "texture": "#0"},
				"south": {"uv": [11, 7.375, 11.125, 7.75], "texture": "#0"},
				"west": {"uv": [3.625, 8.625, 3.625, 9], "texture": "#0"},
				"up": {"uv": [6.125, 3.625, 6, 3.625], "texture": "#0"},
				"down": {"uv": [6.375, 3.625, 6.25, 3.625], "texture": "#0"}
			}
		},
		{
			"from": [4.23063, 18.00704, 7.5],
			"to": [5.23063, 20.00704, 8.5],
			"rotation": {"angle": 0, "axis": "z", "origin": [4.73063, 19.00704, 8]},
			"faces": {
				"north": {"uv": [11.25, 7, 11.375, 7.25], "texture": "#0"},
				"east": {"uv": [11.25, 7.375, 11.375, 7.625], "texture": "#0"},
				"south": {"uv": [11.25, 8.125, 11.375, 8.375], "texture": "#0"},
				"west": {"uv": [11.25, 8.875, 11.375, 9.125], "texture": "#0"},
				"up": {"uv": [11.5, 5.625, 11.375, 5.5], "texture": "#0"},
				"down": {"uv": [11.5, 5.75, 11.375, 5.875], "texture": "#0"}
			}
		},
		{
			"from": [4.95794, 19.66346, 7.5],
			"to": [5.95794, 22.66346, 8.5],
			"rotation": {"angle": -22.5, "axis": "z", "origin": [5.45794, 21.66346, 8]},
			"faces": {
				"north": {"uv": [11.125, 5.125, 11.25, 5.5], "texture": "#0"},
				"east": {"uv": [5.5, 11.125, 5.625, 11.5], "texture": "#0"},
				"south": {"uv": [11.125, 5.625, 11.25, 6], "texture": "#0"},
				"west": {"uv": [5.75, 11.125, 5.875, 11.5], "texture": "#0"},
				"up": {"uv": [5.25, 11.5, 5.125, 11.375], "texture": "#0"},
				"down": {"uv": [11.5, 5.25, 11.375, 5.375], "texture": "#0"}
			}
		},
		{
			"from": [7.35355, 21.54645, 7.5],
			"to": [8.35355, 24.54645, 8.5],
			"rotation": {"angle": -45, "axis": "z", "origin": [7.85355, 24.54645, 8]},
			"faces": {
				"north": {"uv": [4.125, 11.125, 4.25, 11.5], "texture": "#0"},
				"east": {"uv": [11.125, 4.125, 11.25, 4.5], "texture": "#0"},
				"south": {"uv": [4.375, 11.125, 4.5, 11.5], "texture": "#0"},
				"west": {"uv": [11.125, 4.625, 11.25, 5], "texture": "#0"},
				"up": {"uv": [5, 11.5, 4.875, 11.375], "texture": "#0"},
				"down": {"uv": [11.5, 5, 11.375, 5.125], "texture": "#0"}
			}
		},
		{
			"from": [11.04206, 19.51346, 8],
			"to": [12.04206, 22.66346, 8],
			"rotation": {"angle": 22.5, "axis": "z", "origin": [10.54206, 21.66346, 8]},
			"faces": {
				"north": {"uv": [11.125, 2.375, 11.25, 2.75], "texture": "#0"},
				"east": {"uv": [7.5, 9.875, 7.5, 10.25], "texture": "#0"},
				"south": {"uv": [11.125, 2.875, 11.25, 3.25], "texture": "#0"},
				"west": {"uv": [11.375, 6, 11.375, 6.375], "texture": "#0"},
				"up": {"uv": [1.125, 9.875, 1, 9.875], "texture": "#0"},
				"down": {"uv": [1.625, 10.375, 1.5, 10.375], "texture": "#0"}
			}
		},
		{
			"from": [8.59805, 21.11219, 8],
			"to": [9.59805, 25.48719, 8],
			"rotation": {"angle": 45, "axis": "z", "origin": [8.09805, 24.48719, 8]},
			"faces": {
				"north": {"uv": [6.25, 10.875, 6.375, 11.375], "texture": "#0"},
				"east": {"uv": [4, 11.375, 4, 11.875], "texture": "#0"},
				"south": {"uv": [6.5, 10.875, 6.625, 11.375], "texture": "#0"},
				"west": {"uv": [5.375, 11.375, 5.375, 11.875], "texture": "#0"},
				"up": {"uv": [8.5, 2.375, 8.375, 2.375], "texture": "#0"},
				"down": {"uv": [8.75, 2.375, 8.625, 2.375], "texture": "#0"}
			}
		},
		{
			"from": [10.76937, 18.00704, 7.5],
			"to": [11.76937, 20.00704, 8.5],
			"rotation": {"angle": 0, "axis": "z", "origin": [11.26937, 19.00704, 8]},
			"faces": {
				"north": {"uv": [11.125, 8.5, 11.25, 8.75], "texture": "#0"},
				"east": {"uv": [9.25, 11.125, 9.375, 11.375], "texture": "#0"},
				"south": {"uv": [11.125, 9.375, 11.25, 9.625], "texture": "#0"},
				"west": {"uv": [9.5, 11.125, 9.625, 11.375], "texture": "#0"},
				"up": {"uv": [4.75, 11.5, 4.625, 11.375], "texture": "#0"},
				"down": {"uv": [11.5, 4.75, 11.375, 4.875], "texture": "#0"}
			}
		},
		{
			"from": [10.04206, 19.66346, 7.5],
			"to": [11.04206, 22.66346, 8.5],
			"rotation": {"angle": 22.5, "axis": "z", "origin": [10.54206, 21.66346, 8]},
			"faces": {
				"north": {"uv": [11.125, 0.5, 11.25, 0.875], "texture": "#0"},
				"east": {"uv": [0.75, 11.125, 0.875, 11.5], "texture": "#0"},
				"south": {"uv": [11.125, 1, 11.25, 1.375], "texture": "#0"},
				"west": {"uv": [11.125, 1.5, 11.25, 1.875], "texture": "#0"},
				"up": {"uv": [11.5, 4.375, 11.375, 4.25], "texture": "#0"},
				"down": {"uv": [11.5, 4.5, 11.375, 4.625], "texture": "#0"}
			}
		},
		{
			"from": [7.64645, 21.54645, 7.5],
			"to": [8.64645, 24.54645, 8.5],
			"rotation": {"angle": 45, "axis": "z", "origin": [8.14645, 24.54645, 8]},
			"faces": {
				"north": {"uv": [11, 10.375, 11.125, 10.75], "texture": "#0"},
				"east": {"uv": [11, 10.875, 11.125, 11.25], "texture": "#0"},
				"south": {"uv": [11.125, 0, 11.25, 0.375], "texture": "#0"},
				"west": {"uv": [0.5, 11.125, 0.625, 11.5], "texture": "#0"},
				"up": {"uv": [3.875, 11.5, 3.75, 11.375], "texture": "#0"},
				"down": {"uv": [11.5, 4, 11.375, 4.125], "texture": "#0"}
			}
		},
		{
			"from": [2.65432, 6.77583, 1.025],
			"to": [3.65432, 9.77583, 5],
			"rotation": {"angle": 0, "axis": "z", "origin": [0.65432, 8.77583, 3]},
			"faces": {
				"north": {"uv": [8.75, 10.875, 8.875, 11.25], "texture": "#0"},
				"east": {"uv": [4.25, 9.25, 4.75, 9.625], "texture": "#0"},
				"south": {"uv": [9, 10.875, 9.125, 11.25], "texture": "#0"},
				"west": {"uv": [4.875, 9.25, 5.375, 9.625], "texture": "#0"},
				"up": {"uv": [0.375, 11.375, 0.25, 10.875], "texture": "#0"},
				"down": {"uv": [1.125, 10.875, 1, 11.375], "texture": "#0"}
			}
		},
		{
			"from": [-1.5, 9, 1],
			"to": [3.5, 11, 5],
			"rotation": {"angle": -22.5, "axis": "z", "origin": [0.5, 10, 3]},
			"faces": {
				"north": {"uv": [9.875, 8.25, 10.5, 8.5], "texture": "#0"},
				"east": {"uv": [10.5, 8.625, 11, 8.875], "texture": "#0"},
				"south": {"uv": [10, 0, 10.625, 0.25], "texture": "#0"},
				"west": {"uv": [8.75, 10.5, 9.25, 10.75], "texture": "#0"},
				"up": {"uv": [3.125, 8.25, 2.5, 7.75], "texture": "#0"},
				"down": {"uv": [8.125, 7.875, 7.5, 8.375], "texture": "#0"}
			}
		},
		{
			"from": [-0.96508, 5.68925, 2],
			"to": [0.03492, 9.68925, 4],
			"rotation": {"angle": 0, "axis": "z", "origin": [3.03492, 10.68925, 3]},
			"faces": {
				"north": {"uv": [1.25, 10.875, 1.375, 11.375], "texture": "#0"},
				"east": {"uv": [0.625, 10.5, 0.875, 11], "texture": "#0"},
				"south": {"uv": [10.875, 1.25, 11, 1.75], "texture": "#0"},
				"west": {"uv": [9.375, 10.5, 9.625, 11], "texture": "#0"},
				"up": {"uv": [8.125, 7.75, 8, 7.5], "texture": "#0"},
				"down": {"uv": [2.375, 9.375, 2.25, 9.625], "texture": "#0"}
			}
		},
		{
			"from": [-0.94008, 3.51767, 5.24264],
			"to": [0.03492, 4.94267, 6.64264],
			"rotation": {"angle": 45, "axis": "x", "origin": [3.03492, 8.51767, 6.24264]},
			"faces": {
				"north": {"uv": [7.75, 4.25, 7.875, 4.375], "texture": "#0"},
				"east": {"uv": [3, 8.375, 3.125, 8.5], "texture": "#0"},
				"south": {"uv": [9.625, 3.125, 9.75, 3.25], "texture": "#0"},
				"west": {"uv": [4, 10, 4.125, 10.125], "texture": "#0"},
				"up": {"uv": [10.125, 7.5, 10, 7.375], "texture": "#0"},
				"down": {"uv": [10.125, 9.125, 10, 9.25], "texture": "#0"}
			}
		},
		{
			"from": [-0.5, 2, 1.5],
			"to": [2.5, 10, 4.5],
			"rotation": {"angle": 0, "axis": "y", "origin": [16, 0, 0]},
			"faces": {
				"north": {"uv": [3.75, 6.375, 4.125, 7.375], "texture": "#0"},
				"east": {"uv": [0, 6.625, 0.375, 7.625], "texture": "#0"},
				"south": {"uv": [0.5, 6.625, 0.875, 7.625], "texture": "#0"},
				"west": {"uv": [1, 6.625, 1.375, 7.625], "texture": "#0"},
				"up": {"uv": [6.875, 10.375, 6.5, 10], "texture": "#0"},
				"down": {"uv": [10.375, 8.625, 10, 9], "texture": "#0"}
			}
		},
		{
			"from": [-1.5, 0, 0.5],
			"to": [2.5, 2, 4.5],
			"rotation": {"angle": 0, "axis": "y", "origin": [16, 0, 0]},
			"faces": {
				"north": {"uv": [7.5, 10.375, 8, 10.625], "texture": "#0"},
				"east": {"uv": [10.375, 7.75, 10.875, 8], "texture": "#0"},
				"south": {"uv": [8.125, 10.375, 8.625, 10.625], "texture": "#0"},
				"west": {"uv": [0, 10.5, 0.5, 10.75], "texture": "#0"},
				"up": {"uv": [3.5, 9.125, 3, 8.625], "texture": "#0"},
				"down": {"uv": [4.75, 8.625, 4.25, 9.125], "texture": "#0"}
			}
		},
		{
			"from": [12.34568, 6.77583, 1.025],
			"to": [13.34568, 9.77583, 5],
			"rotation": {"angle": 0, "axis": "z", "origin": [15.34568, 8.77583, 3]},
			"faces": {
				"north": {"uv": [8.875, 10.875, 8.75, 11.25], "texture": "#0"},
				"east": {"uv": [5.375, 9.25, 4.875, 9.625], "texture": "#0"},
				"south": {"uv": [9.125, 10.875, 9, 11.25], "texture": "#0"},
				"west": {"uv": [4.75, 9.25, 4.25, 9.625], "texture": "#0"},
				"up": {"uv": [0.25, 11.375, 0.375, 10.875], "texture": "#0"},
				"down": {"uv": [1, 10.875, 1.125, 11.375], "texture": "#0"}
			}
		},
		{
			"from": [12.5, 9, 1],
			"to": [17.5, 11, 5],
			"rotation": {"angle": 22.5, "axis": "z", "origin": [15.5, 10, 3]},
			"faces": {
				"north": {"uv": [10.5, 8.25, 9.875, 8.5], "texture": "#0"},
				"east": {"uv": [9.25, 10.5, 8.75, 10.75], "texture": "#0"},
				"south": {"uv": [10.625, 0, 10, 0.25], "texture": "#0"},
				"west": {"uv": [11, 8.625, 10.5, 8.875], "texture": "#0"},
				"up": {"uv": [2.5, 8.25, 3.125, 7.75], "texture": "#0"},
				"down": {"uv": [7.5, 7.875, 8.125, 8.375], "texture": "#0"}
			}
		},
		{
			"from": [15.96508, 5.68925, 2],
			"to": [16.96508, 9.68925, 4],
			"rotation": {"angle": 0, "axis": "z", "origin": [12.96508, 10.68925, 3]},
			"faces": {
				"north": {"uv": [1.375, 10.875, 1.25, 11.375], "texture": "#0"},
				"east": {"uv": [9.625, 10.5, 9.375, 11], "texture": "#0"},
				"south": {"uv": [11, 1.25, 10.875, 1.75], "texture": "#0"},
				"west": {"uv": [0.875, 10.5, 0.625, 11], "texture": "#0"},
				"up": {"uv": [8, 7.75, 8.125, 7.5], "texture": "#0"},
				"down": {"uv": [2.25, 9.375, 2.375, 9.625], "texture": "#0"}
			}
		},
		{
			"from": [15.96508, 3.51767, 5.24264],
			"to": [16.94008, 4.94267, 6.64264],
			"rotation": {"angle": 45, "axis": "x", "origin": [12.96508, 8.51767, 6.24264]},
			"faces": {
				"north": {"uv": [7.875, 4.25, 7.75, 4.375], "texture": "#0"},
				"east": {"uv": [4.125, 10, 4, 10.125], "texture": "#0"},
				"south": {"uv": [9.75, 3.125, 9.625, 3.25], "texture": "#0"},
				"west": {"uv": [3.125, 8.375, 3, 8.5], "texture": "#0"},
				"up": {"uv": [10, 7.5, 10.125, 7.375], "texture": "#0"},
				"down": {"uv": [10, 9.125, 10.125, 9.25], "texture": "#0"}
			}
		},
		{
			"from": [13.5, 2, 1.5],
			"to": [16.5, 10, 4.5],
			"faces": {
				"north": {"uv": [4.125, 6.375, 3.75, 7.375], "texture": "#0"},
				"east": {"uv": [1.375, 6.625, 1, 7.625], "texture": "#0"},
				"south": {"uv": [0.875, 6.625, 0.5, 7.625], "texture": "#0"},
				"west": {"uv": [0.375, 6.625, 0, 7.625], "texture": "#0"},
				"up": {"uv": [6.5, 10.375, 6.875, 10], "texture": "#0"},
				"down": {"uv": [10, 8.625, 10.375, 9], "texture": "#0"}
			}
		},
		{
			"from": [13.5, 0, 0.5],
			"to": [17.5, 2, 4.5],
			"faces": {
				"north": {"uv": [8, 10.375, 7.5, 10.625], "texture": "#0"},
				"east": {"uv": [0.5, 10.5, 0, 10.75], "texture": "#0"},
				"south": {"uv": [8.625, 10.375, 8.125, 10.625], "texture": "#0"},
				"west": {"uv": [10.875, 7.75, 10.375, 8], "texture": "#0"},
				"up": {"uv": [3, 9.125, 3.5, 8.625], "texture": "#0"},
				"down": {"uv": [4.25, 8.625, 4.75, 9.125], "texture": "#0"}
			}
		},
		{
			"from": [12.34568, 6.77583, 11],
			"to": [13.34568, 9.77583, 14.975],
			"rotation": {"angle": 0, "axis": "z", "origin": [15.34568, 8.77583, 13]},
			"faces": {
				"north": {"uv": [9, 10.875, 9.125, 11.25], "texture": "#0"},
				"east": {"uv": [4.875, 9.25, 5.375, 9.625], "texture": "#0"},
				"south": {"uv": [8.75, 10.875, 8.875, 11.25], "texture": "#0"},
				"west": {"uv": [4.25, 9.25, 4.75, 9.625], "texture": "#0"},
				"up": {"uv": [0.25, 10.875, 0.375, 11.375], "texture": "#0"},
				"down": {"uv": [1, 11.375, 1.125, 10.875], "texture": "#0"}
			}
		},
		{
			"from": [12.5, 9, 11],
			"to": [17.5, 11, 15],
			"rotation": {"angle": 22.5, "axis": "z", "origin": [15.5, 10, 13]},
			"faces": {
				"north": {"uv": [10, 0, 10.625, 0.25], "texture": "#0"},
				"east": {"uv": [8.75, 10.5, 9.25, 10.75], "texture": "#0"},
				"south": {"uv": [9.875, 8.25, 10.5, 8.5], "texture": "#0"},
				"west": {"uv": [10.5, 8.625, 11, 8.875], "texture": "#0"},
				"up": {"uv": [2.5, 7.75, 3.125, 8.25], "texture": "#0"},
				"down": {"uv": [7.5, 8.375, 8.125, 7.875], "texture": "#0"}
			}
		},
		{
			"from": [15.96508, 5.68925, 12],
			"to": [16.96508, 9.68925, 14],
			"rotation": {"angle": 0, "axis": "z", "origin": [12.96508, 10.68925, 13]},
			"faces": {
				"north": {"uv": [10.875, 1.25, 11, 1.75], "texture": "#0"},
				"east": {"uv": [9.375, 10.5, 9.625, 11], "texture": "#0"},
				"south": {"uv": [1.25, 10.875, 1.375, 11.375], "texture": "#0"},
				"west": {"uv": [0.625, 10.5, 0.875, 11], "texture": "#0"},
				"up": {"uv": [8, 7.5, 8.125, 7.75], "texture": "#0"},
				"down": {"uv": [2.25, 9.625, 2.375, 9.375], "texture": "#0"}
			}
		},
		{
			"from": [15.96508, 3.51767, 9.35736],
			"to": [16.94008, 4.94267, 10.75736],
			"rotation": {"angle": -45, "axis": "x", "origin": [12.96508, 8.51767, 9.75736]},
			"faces": {
				"north": {"uv": [9.625, 3.125, 9.75, 3.25], "texture": "#0"},
				"east": {"uv": [4, 10, 4.125, 10.125], "texture": "#0"},
				"south": {"uv": [7.75, 4.25, 7.875, 4.375], "texture": "#0"},
				"west": {"uv": [3, 8.375, 3.125, 8.5], "texture": "#0"},
				"up": {"uv": [10, 7.375, 10.125, 7.5], "texture": "#0"},
				"down": {"uv": [10, 9.25, 10.125, 9.125], "texture": "#0"}
			}
		},
		{
			"from": [13.5, 2, 11.5],
			"to": [16.5, 10, 14.5],
			"rotation": {"angle": 0, "axis": "y", "origin": [0, 0, 16]},
			"faces": {
				"north": {"uv": [0.5, 6.625, 0.875, 7.625], "texture": "#0"},
				"east": {"uv": [1, 6.625, 1.375, 7.625], "texture": "#0"},
				"south": {"uv": [3.75, 6.375, 4.125, 7.375], "texture": "#0"},
				"west": {"uv": [0, 6.625, 0.375, 7.625], "texture": "#0"},
				"up": {"uv": [6.5, 10, 6.875, 10.375], "texture": "#0"},
				"down": {"uv": [10, 9, 10.375, 8.625], "texture": "#0"}
			}
		},
		{
			"from": [13.5, 0, 11.5],
			"to": [17.5, 2, 15.5],
			"rotation": {"angle": 0, "axis": "y", "origin": [0, 0, 16]},
			"faces": {
				"north": {"uv": [8.125, 10.375, 8.625, 10.625], "texture": "#0"},
				"east": {"uv": [0, 10.5, 0.5, 10.75], "texture": "#0"},
				"south": {"uv": [7.5, 10.375, 8, 10.625], "texture": "#0"},
				"west": {"uv": [10.375, 7.75, 10.875, 8], "texture": "#0"},
				"up": {"uv": [3, 8.625, 3.5, 9.125], "texture": "#0"},
				"down": {"uv": [4.25, 9.125, 4.75, 8.625], "texture": "#0"}
			}
		},
		{
			"from": [2.65432, 6.77583, 11],
			"to": [3.65432, 9.77583, 14.975],
			"rotation": {"angle": 0, "axis": "z", "origin": [0.65432, 8.77583, 13]},
			"faces": {
				"north": {"uv": [9.125, 10.875, 9, 11.25], "texture": "#0"},
				"east": {"uv": [4.75, 9.25, 4.25, 9.625], "texture": "#0"},
				"south": {"uv": [8.875, 10.875, 8.75, 11.25], "texture": "#0"},
				"west": {"uv": [5.375, 9.25, 4.875, 9.625], "texture": "#0"},
				"up": {"uv": [0.375, 10.875, 0.25, 11.375], "texture": "#0"},
				"down": {"uv": [1.125, 11.375, 1, 10.875], "texture": "#0"}
			}
		},
		{
			"from": [-1.5, 9, 11],
			"to": [3.5, 11, 15],
			"rotation": {"angle": -22.5, "axis": "z", "origin": [0.5, 10, 13]},
			"faces": {
				"north": {"uv": [10.625, 0, 10, 0.25], "texture": "#0"},
				"east": {"uv": [11, 8.625, 10.5, 8.875], "texture": "#0"},
				"south": {"uv": [10.5, 8.25, 9.875, 8.5], "texture": "#0"},
				"west": {"uv": [9.25, 10.5, 8.75, 10.75], "texture": "#0"},
				"up": {"uv": [3.125, 7.75, 2.5, 8.25], "texture": "#0"},
				"down": {"uv": [8.125, 8.375, 7.5, 7.875], "texture": "#0"}
			}
		},
		{
			"from": [-0.96508, 5.68925, 12],
			"to": [0.03492, 9.68925, 14],
			"rotation": {"angle": 0, "axis": "z", "origin": [3.03492, 10.68925, 13]},
			"faces": {
				"north": {"uv": [11, 1.25, 10.875, 1.75], "texture": "#0"},
				"east": {"uv": [0.875, 10.5, 0.625, 11], "texture": "#0"},
				"south": {"uv": [1.375, 10.875, 1.25, 11.375], "texture": "#0"},
				"west": {"uv": [9.625, 10.5, 9.375, 11], "texture": "#0"},
				"up": {"uv": [8.125, 7.5, 8, 7.75], "texture": "#0"},
				"down": {"uv": [2.375, 9.625, 2.25, 9.375], "texture": "#0"}
			}
		},
		{
			"from": [-0.94008, 3.51767, 9.35736],
			"to": [0.03492, 4.94267, 10.75736],
			"rotation": {"angle": -45, "axis": "x", "origin": [3.03492, 8.51767, 9.75736]},
			"faces": {
				"north": {"uv": [9.75, 3.125, 9.625, 3.25], "texture": "#0"},
				"east": {"uv": [3.125, 8.375, 3, 8.5], "texture": "#0"},
				"south": {"uv": [7.875, 4.25, 7.75, 4.375], "texture": "#0"},
				"west": {"uv": [4.125, 10, 4, 10.125], "texture": "#0"},
				"up": {"uv": [10.125, 7.375, 10, 7.5], "texture": "#0"},
				"down": {"uv": [10.125, 9.25, 10, 9.125], "texture": "#0"}
			}
		},
		{
			"from": [-0.5, 2, 11.5],
			"to": [2.5, 10, 14.5],
			"rotation": {"angle": 0, "axis": "y", "origin": [16, 0, 16]},
			"faces": {
				"north": {"uv": [0.875, 6.625, 0.5, 7.625], "texture": "#0"},
				"east": {"uv": [0.375, 6.625, 0, 7.625], "texture": "#0"},
				"south": {"uv": [4.125, 6.375, 3.75, 7.375], "texture": "#0"},
				"west": {"uv": [1.375, 6.625, 1, 7.625], "texture": "#0"},
				"up": {"uv": [6.875, 10, 6.5, 10.375], "texture": "#0"},
				"down": {"uv": [10.375, 9, 10, 8.625], "texture": "#0"}
			}
		},
		{
			"from": [-1.5, 0, 11.5],
			"to": [2.5, 2, 15.5],
			"rotation": {"angle": 0, "axis": "y", "origin": [16, 0, 16]},
			"faces": {
				"north": {"uv": [8.625, 10.375, 8.125, 10.625], "texture": "#0"},
				"east": {"uv": [10.875, 7.75, 10.375, 8], "texture": "#0"},
				"south": {"uv": [8, 10.375, 7.5, 10.625], "texture": "#0"},
				"west": {"uv": [0.5, 10.5, 0, 10.75], "texture": "#0"},
				"up": {"uv": [3.5, 8.625, 3, 9.125], "texture": "#0"},
				"down": {"uv": [4.75, 9.125, 4.25, 8.625], "texture": "#0"}
			}
		}
	],
	"gui_light": "front",
	"display": {
		"thirdperson_righthand": {
			"translation": [-2, 1.75, 0],
			"scale": [0.3, 0.3, 0.3]
		},
		"thirdperson_lefthand": {
			"translation": [-2, 1.75, 0],
			"scale": [0.3, 0.3, 0.3]
		},
		"firstperson_righthand": {
			"scale": [0.3, 0.3, 0.3]
		},
		"firstperson_lefthand": {
			"scale": [0.3, 0.3, 0.3]
		},
		"ground": {
			"scale": [0.4, 0.4, 0.4]
		},
		"gui": {
			"rotation": [7, -165, 0],
			"translation": [0, -2, 0],
			"scale": [0.5, 0.5, 0.5]
		},
		"head": {
			"scale": [1.8, 1.8, 1.8]
		},
		"fixed": {
			"rotation": [-90, 0, 0],
			"translation": [0, 0, -78],
			"scale": [2, 2, 2]
		}
	},
	"groups": [
		0,
		1,
		2,
		3,
		4,
		5,
		6,
		7,
		8,
		9,
		10,
		11,
		12,
		13,
		14,
		15,
		16,
		17,
		18,
		{
			"name": "group",
			"origin": [0.5, 8.12725, 7.86312],
			"color": 0,
			"children": [19, 20, 21, 22, 23, 24, 25, 26]
		},
		{
			"name": "arrow",
			"origin": [8, 8, 8],
			"color": 0,
			"children": [27, 28, 29, 30, 31, 32, 33, 34, 35, 36, 37, 38, 39]
		},
		{
			"name": "group",
			"origin": [16, 0, 0],
			"color": 0,
			"children": [40, 41, 42, 43, 44, 45]
		},
		{
			"name": "group",
			"origin": [16, 0, 0],
			"color": 0,
			"children": [46, 47, 48, 49, 50, 51]
		},
		{
			"name": "group",
			"origin": [16, 0, 0],
			"color": 0,
			"children": [52, 53, 54, 55, 56, 57]
		},
		{
			"name": "group",
			"origin": [16, 0, 0],
			"color": 0,
			"children": [58, 59, 60, 61, 62, 63]
		}
	]
}