{"parent":"item/generated","textures":{"layer0":"item/bow"},"display":{"thirdperson_righthand":{"rotation":[-80,260,-40],"translation":[-1,-2,2.5],"scale":[0.9,0.9,0.9]},"thirdperson_lefthand":{"rotation":[-80,-280,40],"translation":[-1,-2,2.5],"scale":[0.9,0.9,0.9]},"firstperson_righthand":{"rotation":[0,-90,25],"translation":[1.13,3.2,1.13],"scale":[0.68,0.68,0.68]},"firstperson_lefthand":{"rotation":[0,90,-25],"translation":[1.13,3.2,1.13],"scale":[0.68,0.68,0.68]}},"overrides":[{"predicate":{"pulling":1},"model":"item/bow_pulling_0"},{"predicate":{"pulling":1,"pull":0.65},"model":"item/bow_pulling_1"},{"predicate":{"pulling":1,"pull":0.9},"model":"item/bow_pulling_2"},{"predicate":{"custom_model_data":1},"model":"default/combat_bow"},{"predicate":{"pulling":1,"custom_model_data":1},"model":"default/combat_bow_pulling_0"},{"predicate":{"pulling":1,"pull":0.33333334,"custom_model_data":1},"model":"default/combat_bow_pulling_1"},{"predicate":{"pulling":1,"pull":0.6666667,"custom_model_data":1},"model":"default/combat_bow_pulling_2"},{"predicate":{"custom_model_data":2},"model":"nebula/nebula_bow"},{"predicate":{"pulling":1,"custom_model_data":2},"model":"nebula/nebula_bow_pulling_0"},{"predicate":{"pulling":1,"pull":0.33333334,"custom_model_data":2},"model":"nebula/nebula_bow_pulling_1"},{"predicate":{"pulling":1,"pull":0.6666667,"custom_model_data":2},"model":"nebula/nebula_bow_pulling_2"},{"predicate":{"custom_model_data":3},"model":"voxelspawns/vs_dwarvenset/vs_dwarven_bow"},{"predicate":{"pulling":1,"custom_model_data":3},"model":"voxelspawns/vs_dwarvenset/vs_dwarven_bow_pulling_0"},{"predicate":{"pulling":1,"pull":0.33333334,"custom_model_data":3},"model":"voxelspawns/vs_dwarvenset/vs_dwarven_bow_pulling_1"},{"predicate":{"pulling":1,"pull":0.6666667,"custom_model_data":3},"model":"voxelspawns/vs_dwarvenset/vs_dwarven_bow_pulling_2"},{"predicate":{"custom_model_data":4},"model":"voxelspawns/vs_clockworkset/vs_clockwork_bow"},{"predicate":{"pulling":1,"custom_model_data":4},"model":"voxelspawns/vs_clockworkset/vs_clockwork_bow_0"},{"predicate":{"pulling":1,"pull":0.33333334,"custom_model_data":4},"model":"voxelspawns/vs_clockworkset/vs_clockwork_bow_1"},{"predicate":{"pulling":1,"pull":0.6666667,"custom_model_data":4},"model":"voxelspawns/vs_clockworkset/vs_clockwork_bow_2"},{"predicate":{"custom_model_data":5},"model":"voxelspawns/vs_lichset/vs_lich_bow"},{"predicate":{"pulling":1,"custom_model_data":5},"model":"voxelspawns/vs_lichset/vs_lich_bow_0"},{"predicate":{"pulling":1,"pull":0.33333334,"custom_model_data":5},"model":"voxelspawns/vs_lichset/vs_lich_bow_1"},{"predicate":{"pulling":1,"pull":0.6666667,"custom_model_data":5},"model":"voxelspawns/vs_lichset/vs_lich_bow_2"},{"predicate":{"custom_model_data":6},"model":"voxelspawns/vs_thornsset/vs_t_bow"},{"predicate":{"pulling":1,"custom_model_data":6},"model":"voxelspawns/vs_thornsset/vs_t_bow_0"},{"predicate":{"pulling":1,"pull":0.33333334,"custom_model_data":6},"model":"voxelspawns/vs_thornsset/vs_t_bow_1"},{"predicate":{"pulling":1,"pull":0.6666667,"custom_model_data":6},"model":"voxelspawns/vs_thornsset/vs_t_bow_2"},{"predicate":{"custom_model_data":7},"model":"akaleaf/xmas_flow/xmas_flow_bow"},{"predicate":{"pulling":1,"custom_model_data":7},"model":"akaleaf/xmas_flow/xmas_flow_bow_pulling_0"},{"predicate":{"pulling":1,"pull":0.33333334,"custom_model_data":7},"model":"akaleaf/xmas_flow/xmas_flow_bow_pulling_1"},{"predicate":{"pulling":1,"pull":0.6666667,"custom_model_data":7},"model":"akaleaf/xmas_flow/xmas_flow_bow_pulling_2"},{"predicate":{"custom_model_data":3000},"model":"default/amethyst_bow"},{"predicate":{"pulling":1,"custom_model_data":3000},"model":"default/amethyst_bow_pulling_0"},{"predicate":{"pulling":1,"pull":0.33333334,"custom_model_data":3000},"model":"default/amethyst_bow_pulling_1"},{"predicate":{"pulling":1,"pull":0.6666667,"custom_model_data":3000},"model":"default/amethyst_bow_pulling_2"}]}