{"parent":"item/handheld","textures":{"layer0":"item/diamond_sword"},"overrides":[{"predicate":{"custom_model_data":1},"model":"default/magic_book"},{"predicate":{"custom_model_data":2},"model":"naniii/warrior_sword"},{"predicate":{"custom_model_data":3},"model":"naniii/king_sword"},{"predicate":{"custom_model_data":4},"model":"naniii/mercenary_sword"},{"predicate":{"custom_model_data":5},"model":"naniii/foam_sword"},{"predicate":{"custom_model_data":6},"model":"naniii/goblin_slayer_sword"},{"predicate":{"custom_model_data":7},"model":"naniii/oldstone_sword"},{"predicate":{"custom_model_data":8},"model":"naniii/soilder_sword"},{"predicate":{"custom_model_data":9},"model":"naniii/shiro_sword"},{"predicate":{"custom_model_data":10},"model":"naniii/kuro_sword"},{"predicate":{"custom_model_data":11},"model":"naniii/soul_sword"},{"predicate":{"custom_model_data":12},"model":"naniii/no_soul_sword"},{"predicate":{"custom_model_data":13},"model":"naniii/ordinary_sword"},{"predicate":{"custom_model_data":14},"model":"default/great_sword"},{"predicate":{"custom_model_data":15},"model":"default/bone_sword"},{"predicate":{"custom_model_data":16},"model":"default/wood_sword"},{"predicate":{"custom_model_data":17},"model":"default/storm_sword"},{"predicate":{"custom_model_data":18},"model":"default/energy_crystal_sword"},{"predicate":{"custom_model_data":19},"model":"glass_sword"},{"predicate":{"custom_model_data":20},"model":"obsidian_sword"},{"predicate":{"custom_model_data":21},"model":"default/blood_sword"},{"predicate":{"custom_model_data":22},"model":"default/octavia_sword"},{"predicate":{"custom_model_data":23},"model":"default/dagger"},{"predicate":{"custom_model_data":24},"model":"default/katana"},{"predicate":{"custom_model_data":3000},"model":"default/amethyst_sword"}]}