{
    "parent": "minecraft:item/handheld",
    "textures": {
      "layer0": "minecraft:item/emerald"
    },
      "overrides": [
          { "predicate": {"custom_model_data": 1540}, "model": "item/toffy/gems/toffy_redgem"},
          { "predicate": {"custom_model_data": 1541}, "model": "item/toffy/gems/toffy_orangegem"},
          { "predicate": {"custom_model_data": 1542}, "model": "item/toffy/gems/toffy_whitegem"},
          { "predicate": {"custom_model_data": 1543}, "model": "item/toffy/gems/toffy_purplegem"},
          { "predicate": {"custom_model_data": 1544}, "model": "item/toffy/gems/toffy_yellowgem"},
          { "predicate": {"custom_model_data": 1545}, "model": "item/toffy/gems/toffy_browngem"},
          { "predicate": {"custom_model_data": 1546}, "model": "item/toffy/gems/toffy_greengem"},
          { "predicate": {"custom_model_data": 1547}, "model": "item/toffy/gems/toffy_cyangem"},
          { "predicate": {"custom_model_data": 1548}, "model": "item/toffy/gems/toffy_bluegem"},
          { "predicate": {"custom_model_data": 1549}, "model": "item/toffy/gems/toffy_blackgem"}
      ]
  }