{"parent":"item/generated","textures":{"layer0":"item/gold_nugget"},"overrides":[{"predicate":{"custom_model_data":11100},"model":"victoralonso/jobs/button_comingsoon"},{"predicate":{"custom_model_data":11900},"model":"victoralonso/button_air"},{"predicate":{"custom_model_data":12100},"model":"victoralonso/jobs/brewer"},{"predicate":{"custom_model_data":12110},"model":"victoralonso/jobs/brewer_select"},{"predicate":{"custom_model_data":12120},"model":"victoralonso/jobs/brewer_disable"},{"predicate":{"custom_model_data":12200},"model":"victoralonso/jobs/builder"},{"predicate":{"custom_model_data":12210},"model":"victoralonso/jobs/builder_select"},{"predicate":{"custom_model_data":12220},"model":"victoralonso/jobs/builder_disable"},{"predicate":{"custom_model_data":12300},"model":"victoralonso/jobs/crafter"},{"predicate":{"custom_model_data":12310},"model":"victoralonso/jobs/crafter_select"},{"predicate":{"custom_model_data":12320},"model":"victoralonso/jobs/crafter_disable"},{"predicate":{"custom_model_data":12400},"model":"victoralonso/jobs/digger"},{"predicate":{"custom_model_data":12410},"model":"victoralonso/jobs/digger_select"},{"predicate":{"custom_model_data":12420},"model":"victoralonso/jobs/digger_disable"},{"predicate":{"custom_model_data":12500},"model":"victoralonso/jobs/enchanter"},{"predicate":{"custom_model_data":12510},"model":"victoralonso/jobs/enchanter_select"},{"predicate":{"custom_model_data":12520},"model":"victoralonso/jobs/enchanter_disable"},{"predicate":{"custom_model_data":12600},"model":"victoralonso/jobs/explorer"},{"predicate":{"custom_model_data":12610},"model":"victoralonso/jobs/explorer_select"},{"predicate":{"custom_model_data":12620},"model":"victoralonso/jobs/explorer_disable"},{"predicate":{"custom_model_data":12700},"model":"victoralonso/jobs/farmer"},{"predicate":{"custom_model_data":12710},"model":"victoralonso/jobs/farmer_select"},{"predicate":{"custom_model_data":12720},"model":"victoralonso/jobs/farmer_disable"},{"predicate":{"custom_model_data":12800},"model":"victoralonso/jobs/fisherman"},{"predicate":{"custom_model_data":12810},"model":"victoralonso/jobs/fisherman_select"},{"predicate":{"custom_model_data":12820},"model":"victoralonso/jobs/fisherman_disable"},{"predicate":{"custom_model_data":12900},"model":"victoralonso/jobs/hunter"},{"predicate":{"custom_model_data":12910},"model":"victoralonso/jobs/hunter_select"},{"predicate":{"custom_model_data":12920},"model":"victoralonso/jobs/hunter_disable"},{"predicate":{"custom_model_data":13100},"model":"victoralonso/jobs/miner"},{"predicate":{"custom_model_data":13110},"model":"victoralonso/jobs/miner_select"},{"predicate":{"custom_model_data":13120},"model":"victoralonso/jobs/miner_disable"},{"predicate":{"custom_model_data":13200},"model":"victoralonso/jobs/weaponsmith"},{"predicate":{"custom_model_data":13210},"model":"victoralonso/jobs/weaponsmith_select"},{"predicate":{"custom_model_data":13220},"model":"victoralonso/jobs/weaponsmith_disable"},{"predicate":{"custom_model_data":13300},"model":"victoralonso/jobs/woodcutter"},{"predicate":{"custom_model_data":13310},"model":"victoralonso/jobs/woodcutter_select"},{"predicate":{"custom_model_data":13320},"model":"victoralonso/jobs/woodcutter_disable"},{"predicate":{"custom_model_data":15500},"model":"victoralonso/jobs/progress_red"},{"predicate":{"custom_model_data":16500},"model":"victoralonso/jobs/progress_green"},{"predicate":{"custom_model_data":17500},"model":"victoralonso/jobs/progress_yellow"},{"predicate":{"custom_model_data":18000},"model":"victoralonso/jobs/cooker"},{"predicate":{"custom_model_data":18001},"model":"victoralonso/jobs/cooker_select"},{"predicate":{"custom_model_data":18002},"model":"victoralonso/jobs/cooker_disable"},{"predicate":{"custom_model_data":18003},"model":"victoralonso/jobs/engineer"},{"predicate":{"custom_model_data":18004},"model":"victoralonso/jobs/engineer_select"},{"predicate":{"custom_model_data":18005},"model":"victoralonso/jobs/engineer_disable"},{"predicate":{"custom_model_data":18006},"model":"victoralonso/jobs/florist"},{"predicate":{"custom_model_data":18007},"model":"victoralonso/jobs/florist_select"},{"predicate":{"custom_model_data":18008},"model":"victoralonso/jobs/florist_disable"},{"predicate":{"custom_model_data":18009},"model":"victoralonso/jobs/smelter"},{"predicate":{"custom_model_data":18010},"model":"victoralonso/jobs/smelter_select"},{"predicate":{"custom_model_data":18011},"model":"victoralonso/jobs/smelter_disable"},{"predicate":{"custom_model_data":18012},"model":"victoralonso/jobs/tamer"},{"predicate":{"custom_model_data":18013},"model":"victoralonso/jobs/tamer_select"},{"predicate":{"custom_model_data":18014},"model":"victoralonso/jobs/tamer_disable"},{"predicate":{"custom_model_data":18015},"model":"victoralonso/jobs/taster"},{"predicate":{"custom_model_data":18016},"model":"victoralonso/jobs/taster_select"},{"predicate":{"custom_model_data":18017},"model":"victoralonso/jobs/taster_disable"},{"predicate":{"custom_model_data":18018},"model":"victoralonso/jobs/trader"},{"predicate":{"custom_model_data":18019},"model":"victoralonso/jobs/trader_select"},{"predicate":{"custom_model_data":18020},"model":"victoralonso/jobs/trader_disable"}]}