{"parent":"item/handheld","textures":{"layer0":"item/netherite_pickaxe"},"overrides":[{"predicate":{"custom_model_data":1},"model":"tideborn/waterpickaxe"},{"predicate":{"custom_model_data":2},"model":"nebula/nebula_pickaxe"},{"predicate":{"custom_model_data":3},"model":"voxelspawns/vs_dwarvenset/vs_dwarven_hammer"},{"predicate":{"custom_model_data":4},"model":"voxelspawns/vs_clockworkset/vs_clockwork_hammer"},{"predicate":{"custom_model_data":5},"model":"voxelspawns/vs_lichset/vs_lich_pickaxe"},{"predicate":{"custom_model_data":6},"model":"voxelspawns/vs_thornsset/vs_t_pickaxe"},{"predicate":{"custom_model_data":7},"model":"akaleaf/xmas_flow/xmas_flow_pickaxe"}]}