{"parent":"item/handheld","textures":{"layer0":"item/netherite_axe"},"overrides":[{"predicate":{"custom_model_data":1},"model":"tideborn/wateraxe"},{"predicate":{"custom_model_data":2},"model":"nebula/nebula_axe"},{"predicate":{"custom_model_data":3},"model":"voxelspawns/vs_dwarvenset/vs_dwarven_axe"},{"predicate":{"custom_model_data":4},"model":"voxelspawns/vs_clockworkset/vs_clockwork_axe"},{"predicate":{"custom_model_data":5},"model":"voxelspawns/vs_lichset/vs_lich_axe"},{"predicate":{"custom_model_data":6},"model":"voxelspawns/vs_thornsset/vs_t_axe"},{"predicate":{"custom_model_data":7},"model":"akaleaf/xmas_flow/xmas_flow_axe"}]}