{"parent":"item/handheld","textures":{"layer0":"item/netherite_sword"},"overrides":[{"predicate":{"custom_model_data":1},"model":"tideborn/nagaspear"},{"predicate":{"custom_model_data":2},"model":"tideborn/nagaglaive"},{"predicate":{"custom_model_data":3},"model":"nebula/nebula_sword"},{"predicate":{"custom_model_data":4},"model":"voxelspawns/vs_dwarvenset/vs_dwarven_sword"},{"predicate":{"custom_model_data":5},"model":"voxelspawns/vs_clockworkset/vs_clockwork_sword"},{"predicate":{"custom_model_data":6},"model":"voxelspawns/vs_lichset/vs_lich_dagger"},{"predicate":{"custom_model_data":7},"model":"voxelspawns/vs_thornsset/vs_t_dagger"},{"predicate":{"custom_model_data":8},"model":"voxelspawns/vs_thornsset/vs_t_staff"},{"predicate":{"custom_model_data":9},"model":"akaleaf/xmas_flow/xmas_flow_sword"}]}