{"parent":"item/handheld","textures":{"layer0":"item/netherite_hoe"},"overrides":[{"predicate":{"custom_model_data":1},"model":"tideborn/waterhoe"},{"predicate":{"custom_model_data":2},"model":"voxelspawns/vs_dwarvenset/vs_dwarven_hoe"},{"predicate":{"custom_model_data":3},"model":"voxelspawns/vs_clockworkset/vs_clockwork_hoe"},{"predicate":{"custom_model_data":4},"model":"voxelspawns/vs_lichset/vs_lich_hoe"},{"predicate":{"custom_model_data":5},"model":"voxelspawns/vs_thornsset/vs_t_hoe"},{"predicate":{"custom_model_data":6},"model":"akaleaf/xmas_flow/xmas_flow_hoe"}]}