{"parent":"item/handheld","textures":{"layer0":"item/netherite_shovel"},"overrides":[{"predicate":{"custom_model_data":1},"model":"tideborn/watershovel"},{"predicate":{"custom_model_data":2},"model":"nebula/nebula_shovel"},{"predicate":{"custom_model_data":3},"model":"voxelspawns/vs_dwarvenset/vs_dwarven_shovel"},{"predicate":{"custom_model_data":4},"model":"voxelspawns/vs_clockworkset/vs_clockwork_shovel"},{"predicate":{"custom_model_data":5},"model":"voxelspawns/vs_lichset/vs_lich_shovel"},{"predicate":{"custom_model_data":6},"model":"voxelspawns/vs_thornsset/vs_t_shovel"},{"predicate":{"custom_model_data":7},"model":"akaleaf/xmas_flow/xmas_flow_shovel"}]}