{"parent":"item/generated","textures":{"layer0":"item/paper"},"overrides":[{"predicate":{"custom_model_data":1},"model":"default/caveblock"},{"predicate":{"custom_model_data":2},"model":"amethyst_ore"},{"predicate":{"custom_model_data":3},"model":"ruby_ore"},{"predicate":{"custom_model_data":4},"model":"onyx_ore"},{"predicate":{"custom_model_data":5},"model":"orax_ore"},{"predicate":{"custom_model_data":10},"model":"default/shelf"},{"predicate":{"custom_model_data":11},"model":"brunnera"},{"predicate":{"custom_model_data":12},"model":"daffodil"},{"predicate":{"custom_model_data":13},"model":"dailily"},{"predicate":{"custom_model_data":14},"model":"arrow_next_icon"},{"predicate":{"custom_model_data":15},"model":"arrow_previous_icon"},{"predicate":{"custom_model_data":16},"model":"exit_icon"},{"predicate":{"custom_model_data":17},"model":"default/anubis_head"},{"predicate":{"custom_model_data":18},"model":"default/crown"},{"predicate":{"custom_model_data":19},"model":"default/pharaoh_head"},{"predicate":{"custom_model_data":20},"model":"default/witch_hat"},{"predicate":{"custom_model_data":21},"model":"default/space_helmet"},{"predicate":{"custom_model_data":22},"model":"jeqo/icons/alert"},{"predicate":{"custom_model_data":23},"model":"jeqo/icons/arrow_down"},{"predicate":{"custom_model_data":24},"model":"jeqo/icons/arrow_down2"},{"predicate":{"custom_model_data":25},"model":"jeqo/icons/arrow_left"},{"predicate":{"custom_model_data":26},"model":"jeqo/icons/arrow_left2"},{"predicate":{"custom_model_data":27},"model":"jeqo/icons/arrow_right"},{"predicate":{"custom_model_data":28},"model":"jeqo/icons/arrow_right2"},{"predicate":{"custom_model_data":29},"model":"jeqo/icons/arrow_up"},{"predicate":{"custom_model_data":30},"model":"jeqo/icons/arrow_up2"},{"predicate":{"custom_model_data":31},"model":"jeqo/icons/back"},{"predicate":{"custom_model_data":32},"model":"jeqo/icons/blocked"},{"predicate":{"custom_model_data":33},"model":"jeqo/icons/blocked_thin"},{"predicate":{"custom_model_data":34},"model":"jeqo/icons/boxed_arrow_down"},{"predicate":{"custom_model_data":35},"model":"jeqo/icons/boxed_arrow_left"},{"predicate":{"custom_model_data":36},"model":"jeqo/icons/boxed_arrow_right"},{"predicate":{"custom_model_data":37},"model":"jeqo/icons/boxed_arrow_up"},{"predicate":{"custom_model_data":38},"model":"jeqo/icons/bronze_trophy"},{"predicate":{"custom_model_data":39},"model":"jeqo/icons/check"},{"predicate":{"custom_model_data":40},"model":"jeqo/icons/crafting"},{"predicate":{"custom_model_data":41},"model":"jeqo/icons/cross"},{"predicate":{"custom_model_data":42},"model":"jeqo/icons/curved_arrow_left"},{"predicate":{"custom_model_data":43},"model":"jeqo/icons/curved_arrow_left2"},{"predicate":{"custom_model_data":44},"model":"jeqo/icons/curved_arrow_right"},{"predicate":{"custom_model_data":45},"model":"jeqo/icons/curved_arrow_right2"},{"predicate":{"custom_model_data":46},"model":"jeqo/icons/discord"},{"predicate":{"custom_model_data":47},"model":"jeqo/icons/filler"},{"predicate":{"custom_model_data":48},"model":"jeqo/icons/gold_trophy"},{"predicate":{"custom_model_data":49},"model":"jeqo/icons/gray_boxed_arrow_down"},{"predicate":{"custom_model_data":50},"model":"jeqo/icons/gray_boxed_arrow_left"},{"predicate":{"custom_model_data":51},"model":"jeqo/icons/gray_boxed_arrow_right"},{"predicate":{"custom_model_data":52},"model":"jeqo/icons/gray_boxed_arrow_up"},{"predicate":{"custom_model_data":53},"model":"jeqo/icons/home"},{"predicate":{"custom_model_data":54},"model":"jeqo/icons/info"},{"predicate":{"custom_model_data":55},"model":"jeqo/icons/lock"},{"predicate":{"custom_model_data":56},"model":"jeqo/icons/repair"},{"predicate":{"custom_model_data":57},"model":"jeqo/icons/scroll_bottom"},{"predicate":{"custom_model_data":58},"model":"jeqo/icons/scroll_bottom2"},{"predicate":{"custom_model_data":59},"model":"jeqo/icons/scroll_middle"},{"predicate":{"custom_model_data":60},"model":"jeqo/icons/scroll_middle2"},{"predicate":{"custom_model_data":61},"model":"jeqo/icons/scroll_middle3"},{"predicate":{"custom_model_data":62},"model":"jeqo/icons/scroll_middle4"},{"predicate":{"custom_model_data":63},"model":"jeqo/icons/scroll_top"},{"predicate":{"custom_model_data":64},"model":"jeqo/icons/scroll_top2"},{"predicate":{"custom_model_data":65},"model":"jeqo/icons/search"},{"predicate":{"custom_model_data":66},"model":"jeqo/icons/silver_trophy"},{"predicate":{"custom_model_data":67},"model":"jeqo/icons/speech"},{"predicate":{"custom_model_data":68},"model":"jeqo/icons/speech_blocked"},{"predicate":{"custom_model_data":69},"model":"jeqo/icons/unlock"},{"predicate":{"custom_model_data":70},"model":"amethyst"},{"predicate":{"custom_model_data":71},"model":"ruby"},{"predicate":{"custom_model_data":72},"model":"onyx"},{"predicate":{"custom_model_data":73},"model":"orax"},{"predicate":{"custom_model_data":74},"model":"block/fire_floor0"},{"predicate":{"custom_model_data":75},"model":"nebula/nebula_blaze"},{"predicate":{"custom_model_data":76},"model":"iron_cog"},{"predicate":{"custom_model_data":77},"model":"gold_cog"},{"predicate":{"custom_model_data":78},"model":"diamond_cog"},{"predicate":{"custom_model_data":79},"model":"default/401"},{"predicate":{"custom_model_data":80},"model":"default/402"},{"predicate":{"custom_model_data":81},"model":"default/403"},{"predicate":{"custom_model_data":82},"model":"default/404"},{"predicate":{"custom_model_data":83},"model":"default/405"},{"predicate":{"custom_model_data":84},"model":"default/406"},{"predicate":{"custom_model_data":85},"model":"default/407"},{"predicate":{"custom_model_data":86},"model":"default/408"},{"predicate":{"custom_model_data":87},"model":"default/398"},{"predicate":{"custom_model_data":88},"model":"default/399"},{"predicate":{"custom_model_data":89},"model":"default/400"},{"predicate":{"custom_model_data":90},"model":"default/398r"},{"predicate":{"custom_model_data":91},"model":"default/399r"},{"predicate":{"custom_model_data":92},"model":"default/400r"}]}