{"parent":"item/generated","textures":{"layer0":"item/quartz"},"overrides":[{"predicate":{"custom_model_data":1},"model":"furniture/acacia_cupboard"},{"predicate":{"custom_model_data":2},"model":"furniture/old_cupboard"},{"predicate":{"custom_model_data":3},"model":"furniture/dark_cupboard"},{"predicate":{"custom_model_data":4},"model":"furniture/dark_oak_table"},{"predicate":{"custom_model_data":5},"model":"furniture/old_table"},{"predicate":{"custom_model_data":6},"model":"furniture/acacia_table"},{"predicate":{"custom_model_data":7},"model":"furniture/bar_table"},{"predicate":{"custom_model_data":8},"model":"furniture/pool_table"},{"predicate":{"custom_model_data":9},"model":"furniture/tv"},{"predicate":{"custom_model_data":10},"model":"furniture/cyan_fridge"},{"predicate":{"custom_model_data":11},"model":"furniture/white_fridge"},{"predicate":{"custom_model_data":12},"model":"furniture/pink_fridge"},{"predicate":{"custom_model_data":13},"model":"furniture/red_chair"},{"predicate":{"custom_model_data":14},"model":"furniture/lime_chair"},{"predicate":{"custom_model_data":15},"model":"furniture/cyan_chair"},{"predicate":{"custom_model_data":16},"model":"furniture/white_chair"},{"predicate":{"custom_model_data":17},"model":"furniture/street_lamp"},{"predicate":{"custom_model_data":18},"model":"furniture/dark_bench"},{"predicate":{"custom_model_data":19},"model":"furniture/birch_bench"},{"predicate":{"custom_model_data":20},"model":"furniture/white_bench"},{"predicate":{"custom_model_data":21},"model":"furniture/lamp"},{"predicate":{"custom_model_data":22},"model":"furniture/old_bookseller"},{"predicate":{"custom_model_data":23},"model":"furniture/dark_bookseller"},{"predicate":{"custom_model_data":24},"model":"furniture/oak_bookseller"},{"predicate":{"custom_model_data":25},"model":"furniture/globe"},{"predicate":{"custom_model_data":26},"model":"furniture/white_nightstand"},{"predicate":{"custom_model_data":27},"model":"furniture/acacia_nightstand"},{"predicate":{"custom_model_data":28},"model":"furniture/dark_nightstand"},{"predicate":{"custom_model_data":29},"model":"furniture/old_nightstand"},{"predicate":{"custom_model_data":30},"model":"furniture/dresser"}]}