{"parent":"item/handheld","textures":{"layer0":"item/wooden_hoe"},"overrides":[{"predicate":{"custom_model_data":1},"model":"default/magical_wand"},{"predicate":{"custom_model_data":2},"model":"default/ice_staff"},{"predicate":{"custom_model_data":3},"model":"default/withooker"},{"predicate":{"custom_model_data":4},"model":"iron_serpe"},{"predicate":{"custom_model_data":5},"model":"default/131"},{"predicate":{"custom_model_data":6},"model":"default/132"},{"predicate":{"custom_model_data":7},"model":"default/131r"},{"predicate":{"custom_model_data":8},"model":"default/132r"}]}