{
	"credit": "Made with Blockbench",
	"texture_size": [64, 64],
	"textures": {
		"2": "voxelspawns/vs_dwarvenset/vs_dwarven_set",
		"particle": "voxelspawns/vs_dwarvenset/vs_dwarven_set"
	},
	"elements": [
		{
			"from": [-4.752, 7.998, 4.998],
			"to": [-2.748, 10.002, 11.002],
			"rotation": {"angle": 45, "axis": "z", "origin": [7.37037, 19.5, 8]},
			"faces": {
				"north": {"uv": [15.5, 7, 16, 7.5], "texture": "#2"},
				"east": {"uv": [14.5, 9, 16, 9.5], "texture": "#2"},
				"south": {"uv": [16, 7, 15.5, 7.5], "texture": "#2"},
				"west": {"uv": [14.5, 9, 16, 9.5], "texture": "#2"},
				"up": {"uv": [16, 9, 15.5, 7.5], "texture": "#2"},
				"down": {"uv": [16, 7.5, 15.5, 9], "texture": "#2"}
			}
		},
		{
			"from": [4.498, 0.998, 5.998],
			"to": [9.502, 7.002, 10.002],
			"rotation": {"angle": 0, "axis": "y", "origin": [7, 4, 8]},
			"faces": {
				"north": {"uv": [13.75, 1.5, 15, 3], "texture": "#2"},
				"east": {"uv": [12.75, 1.5, 13.75, 3], "texture": "#2"},
				"south": {"uv": [13.75, 1.5, 15, 3], "texture": "#2"},
				"west": {"uv": [12.75, 1.5, 13.75, 3], "texture": "#2"},
				"up": {"uv": [15, 4.25, 14, 3], "rotation": 90, "texture": "#2"},
				"down": {"uv": [14, 3, 13, 4.25], "rotation": 270, "texture": "#2"}
			}
		},
		{
			"from": [5, -9, 6],
			"to": [9, -6, 10],
			"rotation": {"angle": 0, "axis": "y", "origin": [5.37037, -13, 5.5]},
			"faces": {
				"north": {"uv": [14, 4.25, 15, 5], "texture": "#2"},
				"east": {"uv": [13, 4.25, 14, 5], "texture": "#2"},
				"south": {"uv": [13, 5, 14, 5.75], "texture": "#2"},
				"west": {"uv": [14, 5, 15, 5.75], "texture": "#2"},
				"up": {"uv": [16, 6, 15, 5], "texture": "#2"},
				"down": {"uv": [16, 6, 15, 7], "texture": "#2"}
			}
		},
		{
			"from": [6, -6, 7],
			"to": [8, 1, 9],
			"rotation": {"angle": 45, "axis": "y", "origin": [7, -2.5, 8]},
			"faces": {
				"north": {"uv": [15, 2.5, 15.5, 4.25], "texture": "#2"},
				"east": {"uv": [15.5, 2.5, 16, 4.25], "texture": "#2"},
				"south": {"uv": [16, 2.5, 15.5, 4.25], "texture": "#2"},
				"west": {"uv": [15.5, 2.5, 15, 4.25], "texture": "#2"},
				"up": {"uv": [0, 0, 0.5, 0.5], "texture": "#2"},
				"down": {"uv": [0, 0, 0.5, 0.5], "texture": "#2"}
			}
		},
		{
			"from": [5.5, 7, 7.5],
			"to": [8.5, 23, 8.5],
			"faces": {
				"north": {"uv": [3.75, 0, 4.5, 4], "texture": "#2"},
				"east": {"uv": [4.75, 0, 5, 4], "texture": "#2"},
				"south": {"uv": [3.75, 0, 4.5, 4], "texture": "#2"},
				"west": {"uv": [4.5, 0, 4.75, 4], "texture": "#2"},
				"up": {"uv": [5, 0.25, 5.75, 0.5], "texture": "#2"},
				"down": {"uv": [5, 0, 5.75, 0.25], "texture": "#2"}
			}
		},
		{
			"from": [0.5, 3, 7],
			"to": [13.5, 6, 9],
			"rotation": {"angle": 0, "axis": "y", "origin": [7, 4.5, 8]},
			"faces": {
				"north": {"uv": [0, 1, 3.25, 1.75], "texture": "#2"},
				"east": {"uv": [3.25, 0, 3.75, 0.75], "texture": "#2"},
				"south": {"uv": [0, 1, 3.25, 1.75], "texture": "#2"},
				"west": {"uv": [3.25, 0, 3.75, 0.75], "texture": "#2"},
				"up": {"uv": [0, 0, 3.25, 0.5], "texture": "#2"},
				"down": {"uv": [0, 0.5, 3.25, 1], "texture": "#2"}
			}
		},
		{
			"from": [-0.502, 2.998, 6.998],
			"to": [2.502, 6.002, 9.002],
			"rotation": {"angle": -45, "axis": "z", "origin": [1, 4.5, 8]},
			"faces": {
				"north": {"uv": [0, 2.5, 0.75, 1.75], "texture": "#2"},
				"east": {"uv": [0.75, 1.75, 1.25, 2.5], "texture": "#2"},
				"south": {"uv": [0.75, 2.5, 0, 1.75], "texture": "#2"},
				"west": {"uv": [0.75, 1.75, 1.25, 2.5], "texture": "#2"},
				"up": {"uv": [1.25, 1.75, 2, 2.25], "texture": "#2"},
				"down": {"uv": [1.25, 1.75, 2, 2.25], "texture": "#2"}
			}
		},
		{
			"from": [11.498, 2.998, 6.998],
			"to": [14.502, 6.002, 9.002],
			"rotation": {"angle": -45, "axis": "z", "origin": [13, 4.5, 8]},
			"faces": {
				"north": {"uv": [0.75, 1.75, 0, 2.5], "texture": "#2"},
				"east": {"uv": [0.75, 1.75, 1.25, 2.5], "texture": "#2"},
				"south": {"uv": [0, 1.75, 0.75, 2.5], "texture": "#2"},
				"west": {"uv": [0.75, 1.75, 1.25, 2.5], "texture": "#2"},
				"up": {"uv": [1.25, 1.75, 2, 2.25], "texture": "#2"},
				"down": {"uv": [1.25, 1.75, 2, 2.25], "texture": "#2"}
			}
		},
		{
			"from": [1.498, 6.998, 7.498],
			"to": [7.502, 13.002, 8.502],
			"rotation": {"angle": 45, "axis": "z", "origin": [7, 12.5, 8]},
			"faces": {
				"north": {"uv": [0, 2.5, 1.5, 4], "texture": "#2"},
				"east": {"uv": [1.75, 2.5, 2, 4], "texture": "#2"},
				"south": {"uv": [1.5, 2.5, 0, 4], "texture": "#2"},
				"west": {"uv": [1.5, 2.5, 1.75, 4], "texture": "#2"},
				"up": {"uv": [0, 4.25, 1.5, 4.5], "texture": "#2"},
				"down": {"uv": [0, 4, 1.5, 4.25], "texture": "#2"}
			}
		},
		{
			"from": [5.498, 21.998, 7.498],
			"to": [9.502, 26.002, 8.502],
			"rotation": {"angle": -45, "axis": "z", "origin": [7, 24.5, 8]},
			"faces": {
				"north": {"uv": [2, 1.75, 3, 2.75], "rotation": 90, "texture": "#2"},
				"east": {"uv": [2, 3, 3, 3.25], "rotation": 270, "texture": "#2"},
				"south": {"uv": [3, 1.75, 2, 2.75], "rotation": 270, "texture": "#2"},
				"west": {"uv": [2, 2.75, 3, 3], "rotation": 270, "texture": "#2"},
				"up": {"uv": [3.5, 0.75, 3.75, 1.75], "rotation": 270, "texture": "#2"},
				"down": {"uv": [3.25, 0.75, 3.5, 1.75], "rotation": 270, "texture": "#2"}
			}
		}
	],
	"gui_light": "front",
	"display": {
		"thirdperson_righthand": {
			"rotation": [0, 90, 0],
			"translation": [0, 8.5, 0.75]
		},
		"thirdperson_lefthand": {
			"rotation": [0, -90, 0],
			"translation": [0, 8.75, 0.75]
		},
		"firstperson_righthand": {
			"rotation": [0, 95, 0],
			"translation": [6.5, 1.5, -2.75],
			"scale": [0.7, 0.7, 0.7]
		},
		"firstperson_lefthand": {
			"rotation": [0, 85, 0],
			"translation": [6.5, 1.5, -2.75],
			"scale": [0.7, 0.7, 0.7]
		},
		"ground": {
			"rotation": [171, 0, 0],
			"translation": [1, 2.5, -0.5],
			"scale": [0.5, 0.5, 0.5]
		},
		"gui": {
			"rotation": [0, 0, -37],
			"translation": [0.25, -0.25, 0],
			"scale": [0.5, 0.5, 0.5]
		},
		"head": {
			"rotation": [0, -180, -90],
			"translation": [-11.75, 0, 0.25]
		},
		"fixed": {
			"translation": [0, 2, -3.5]
		}
	},
	"groups": [
		{
			"name": "sword",
			"origin": [8, 8, 8],
			"color": 0,
			"children": [0, 1, 2, 3, 4, 5, 6, 7, 8, 9]
		}
	]
}