{
	"credit": "Made with Blockbench",
	"texture_size": [64, 64],
	"textures": {
		"2": "voxelspawns/vs_dwarvenset/vs_dwarven_set",
		"particle": "voxelspawns/vs_dwarvenset/vs_dwarven_set"
	},
	"elements": [
		{
			"from": [6, -8.5, 6],
			"to": [10, -5.5, 10],
			"rotation": {"angle": 0, "axis": "y", "origin": [6.37037, -13, 5.5]},
			"faces": {
				"north": {"uv": [14, 4.25, 15, 5], "texture": "#2"},
				"east": {"uv": [13, 4.25, 14, 5], "texture": "#2"},
				"south": {"uv": [13, 5, 14, 5.75], "texture": "#2"},
				"west": {"uv": [14, 5, 15, 5.75], "texture": "#2"},
				"up": {"uv": [16, 6, 15, 5], "texture": "#2"},
				"down": {"uv": [16, 6, 15, 7], "texture": "#2"}
			}
		},
		{
			"from": [7, -5.5, 7],
			"to": [9, 14.5, 9],
			"rotation": {"angle": 0, "axis": "y", "origin": [6.37037, 2, 5.5]},
			"faces": {
				"north": {"uv": [15.5, 0, 16, 5], "texture": "#2"},
				"east": {"uv": [16, 0, 15.5, 5], "texture": "#2"},
				"south": {"uv": [15.5, 0, 15, 5], "texture": "#2"},
				"west": {"uv": [15, 0, 15.5, 5], "texture": "#2"},
				"up": {"uv": [2.5, 8.75, 2, 8.25], "texture": "#2"},
				"down": {"uv": [3, 8.25, 2.5, 8.75], "texture": "#2"}
			}
		},
		{
			"from": [5.998, 8.998, 5.498],
			"to": [10.002, 15.002, 10.502],
			"rotation": {"angle": 0, "axis": "y", "origin": [5.37037, 18, 5.5]},
			"faces": {
				"north": {"uv": [12.75, 1.5, 13.75, 3], "texture": "#2"},
				"east": {"uv": [13.75, 1.5, 15, 3], "texture": "#2"},
				"south": {"uv": [12.75, 1.5, 13.75, 3], "texture": "#2"},
				"west": {"uv": [13.75, 1.5, 15, 3], "texture": "#2"},
				"up": {"uv": [15, 4.25, 14, 3], "texture": "#2"},
				"down": {"uv": [14, 3, 13, 4.25], "texture": "#2"}
			}
		},
		{
			"from": [7, -6.6, 8],
			"to": [16, -1.6, 8],
			"rotation": {"angle": 0, "axis": "y", "origin": [10.87037, -11.5, 5.5]},
			"faces": {
				"north": {"uv": [12.75, 5.75, 15, 7], "texture": "#2"},
				"east": {"uv": [0, 0, 0, 1.25], "texture": "#2"},
				"south": {"uv": [15, 5.75, 12.75, 7], "texture": "#2"},
				"west": {"uv": [0, 0, 0, 1.25], "texture": "#2"},
				"up": {"uv": [2.25, 0, 0, 0], "texture": "#2"},
				"down": {"uv": [2.25, 0, 0, 0], "texture": "#2"}
			}
		},
		{
			"from": [4.9297, 11.69537, 6.998],
			"to": [10.9337, 13.69937, 9.002],
			"rotation": {"angle": 45, "axis": "x", "origin": [7.9317, 12.69737, 8]},
			"faces": {
				"north": {"uv": [16, 9, 15.5, 7.5], "rotation": 270, "texture": "#2"},
				"east": {"uv": [15.5, 7, 16, 7.5], "rotation": 90, "texture": "#2"},
				"south": {"uv": [16, 7.5, 15.5, 9], "rotation": 270, "texture": "#2"},
				"west": {"uv": [16, 7, 15.5, 7.5], "rotation": 270, "texture": "#2"},
				"up": {"uv": [14.5, 9, 16, 9.5], "texture": "#2"},
				"down": {"uv": [14.5, 9, 16, 9.5], "rotation": 180, "texture": "#2"}
			}
		},
		{
			"from": [7.999, 11.999, 4.997],
			"to": [9.999, 15.999, 10.997],
			"rotation": {"angle": 0, "axis": "y", "origin": [7.999, 17.999, -2.753]},
			"faces": {
				"north": {"uv": [8.75, 12.25, 8.25, 13.25], "texture": "#2"},
				"east": {"uv": [8.75, 11.25, 10.25, 12.25], "texture": "#2"},
				"south": {"uv": [8.25, 12.25, 7.75, 13.25], "texture": "#2"},
				"west": {"uv": [8.75, 12.25, 10.25, 13.25], "texture": "#2"},
				"up": {"uv": [8.75, 11.75, 7.25, 11.25], "rotation": 90, "texture": "#2"},
				"down": {"uv": [8.75, 11.75, 7.25, 12.25], "rotation": 270, "texture": "#2"}
			}
		},
		{
			"from": [8.998, 15.998, 4.996],
			"to": [10, 21, 10.998],
			"rotation": {"angle": 0, "axis": "y", "origin": [6.249, 19.249, -3.753]},
			"faces": {
				"north": {"uv": [12, 10.5, 11.75, 11.75], "texture": "#2"},
				"east": {"uv": [8.75, 9.75, 10.25, 11], "texture": "#2"},
				"south": {"uv": [12, 10.5, 11.75, 11.75], "texture": "#2"},
				"west": {"uv": [10.25, 10.5, 11.75, 11.75], "texture": "#2"},
				"up": {"uv": [11.75, 10.25, 10.25, 10.5], "rotation": 90, "texture": "#2"},
				"down": {"uv": [11.75, 10, 10.25, 10.25], "rotation": 270, "texture": "#2"}
			}
		},
		{
			"from": [6.998, 11.998, 3.996],
			"to": [10, 22, 4.998],
			"rotation": {"angle": 0, "axis": "y", "origin": [6.249, 19.249, -3.753]},
			"faces": {
				"north": {"uv": [14, 7, 13.25, 9.5], "texture": "#2"},
				"east": {"uv": [12.75, 7, 13, 9.5], "texture": "#2"},
				"south": {"uv": [12.75, 7, 12, 9.5], "texture": "#2"},
				"west": {"uv": [14, 7, 14.25, 9.5], "texture": "#2"},
				"up": {"uv": [13.25, 7.75, 13, 7], "rotation": 90, "texture": "#2"},
				"down": {"uv": [13.25, 7.75, 13, 8.5], "rotation": 270, "texture": "#2"}
			}
		},
		{
			"from": [6.998, 11.998, 10.996],
			"to": [10, 22, 11.998],
			"rotation": {"angle": 0, "axis": "y", "origin": [6.249, 19.249, -3.753]},
			"faces": {
				"north": {"uv": [12, 7, 12.75, 9.5], "texture": "#2"},
				"east": {"uv": [12.75, 7, 13, 9.5], "texture": "#2"},
				"south": {"uv": [13.25, 7, 14, 9.5], "texture": "#2"},
				"west": {"uv": [14, 7, 14.25, 9.5], "texture": "#2"},
				"up": {"uv": [13.25, 7.75, 13, 7], "rotation": 90, "texture": "#2"},
				"down": {"uv": [13.25, 7.75, 13, 8.5], "rotation": 270, "texture": "#2"}
			}
		}
	],
	"gui_light": "front",
	"display": {
		"thirdperson_righthand": {
			"rotation": [0, 90, 0],
			"translation": [0, 4, 0.75]
		},
		"thirdperson_lefthand": {
			"rotation": [0, -90, 0],
			"translation": [0, 4, 0.75]
		},
		"firstperson_righthand": {
			"rotation": [0, 95, 0],
			"translation": [6.5, 1.5, -2.75],
			"scale": [0.8, 0.8, 0.8]
		},
		"firstperson_lefthand": {
			"rotation": [0, -95, 0],
			"translation": [6.5, 1.5, -2.75],
			"scale": [0.8, 0.8, 0.8]
		},
		"ground": {
			"rotation": [171, 0, 0],
			"translation": [-1.5, 0, 0],
			"scale": [0.5, 0.5, 0.5]
		},
		"gui": {
			"rotation": [66.71, 46.86, -72.98],
			"translation": [0, 0.5, 0],
			"scale": [0.55, 0.55, 0.55]
		},
		"head": {
			"rotation": [0, -180, -90],
			"translation": [-11.75, 0, 0.25]
		},
		"fixed": {
			"rotation": [74, -90, 0],
			"translation": [0, 2, -9.25]
		}
	},
	"groups": [
		{
			"name": "Griff",
			"origin": [8, 8, 8],
			"color": 0,
			"children": [0, 1, 2, 3]
		},
		{
			"name": "shovel",
			"origin": [8, 8, 8],
			"color": 0,
			"children": [4, 5, 6, 7, 8]
		}
	]
}