{
	"credit": "Made with Blockbench",
	"texture_size": [64, 64],
	"textures": {
		"0": "voxelspawns/vs_dwarvenset/vs_dwarven_arrow",
		"1": "voxelspawns/vs_dwarvenset/vs_dwarven_bow",
		"particle": "voxelspawns/vs_dwarvenset/vs_dwarven_arrow"
	},
	"elements": [
		{
			"from": [10.6, 8, 7],
			"to": [15.6, 12, 11],
			"rotation": {"angle": 0, "axis": "y", "origin": [-1, 0, 2.4]},
			"faces": {
				"north": {"uv": [6.25, 0, 7.5, 1], "texture": "#1"},
				"east": {"uv": [7.5, 0, 8.5, 1], "texture": "#1"},
				"south": {"uv": [7.5, 1, 6.25, 0], "texture": "#1"},
				"west": {"uv": [8.5, 0, 9.5, 1], "texture": "#1"},
				"up": {"uv": [7.5, 0, 6.25, 1], "texture": "#1"},
				"down": {"uv": [7.5, 0, 6.25, 1], "texture": "#1"}
			}
		},
		{
			"from": [-1.4, 8, 7],
			"to": [3.6, 12, 11],
			"rotation": {"angle": 0, "axis": "y", "origin": [-2, 0, 2.4]},
			"faces": {
				"north": {"uv": [7.5, 0, 6.25, 1], "texture": "#1"},
				"east": {"uv": [8.5, 0, 9.5, 1], "texture": "#1"},
				"south": {"uv": [6.25, 1, 7.5, 0], "texture": "#1"},
				"west": {"uv": [7.5, 0, 8.5, 1], "texture": "#1"},
				"up": {"uv": [6.25, 0, 7.5, 1], "texture": "#1"},
				"down": {"uv": [6.25, 0, 7.5, 1], "texture": "#1"}
			}
		},
		{
			"from": [-4.4, 9, 8],
			"to": [18.6, 11, 10],
			"rotation": {"angle": 0, "axis": "y", "origin": [-1.6, 0, 2.4]},
			"faces": {
				"north": {"uv": [0, 0, 5.75, 0.5], "texture": "#1"},
				"east": {"uv": [5.75, 0, 6.25, 0.5], "texture": "#1"},
				"south": {"uv": [0, 1, 5.75, 0.5], "texture": "#1"},
				"west": {"uv": [5.75, 0, 6.25, 0.5], "texture": "#1"},
				"up": {"uv": [5.75, 0, 0, 0.5], "texture": "#1"},
				"down": {"uv": [0, 0.5, 5.75, 1], "texture": "#1"}
			}
		},
		{
			"from": [16.73477, 2.55452, 8.002],
			"to": [18.73077, 10.55052, 9.998],
			"rotation": {"angle": 22.5, "axis": "z", "origin": [17.54157, 10.44252, 8.7003]},
			"faces": {
				"north": {"uv": [9.5, 0, 10, 2], "texture": "#1"},
				"east": {"uv": [10, 0, 9.5, 2], "texture": "#1"},
				"south": {"uv": [10.5, 0, 10, 2], "texture": "#1"},
				"west": {"uv": [10, 0, 10.5, 2], "texture": "#1"},
				"up": {"uv": [6.25, 1, 5.75, 0.5], "texture": "#1"},
				"down": {"uv": [6.25, 0.5, 5.75, 1], "texture": "#1"}
			}
		},
		{
			"from": [-13.61371, 4.62494, 8.37442],
			"to": [-8.61371, 8.62494, 8.37442],
			"rotation": {"angle": -22.5, "axis": "x", "origin": [-11.01371, 4.79994, 9.14442]},
			"faces": {
				"north": {"uv": [11.75, 0.5, 10.5, 1.5], "texture": "#1"},
				"east": {"uv": [0, 0, 0, 1], "texture": "#1"},
				"south": {"uv": [11.75, 0.5, 10.5, 1.5], "texture": "#1"},
				"west": {"uv": [0, 0, 0, 1], "texture": "#1"},
				"up": {"uv": [0, 0, 1.25, 0], "texture": "#1"},
				"down": {"uv": [0, 0, 1.25, 0], "texture": "#1"}
			}
		},
		{
			"from": [-13.61371, 4.03599, 9.50743],
			"to": [-8.61371, 8.03599, 9.50743],
			"rotation": {"angle": 22.5, "axis": "x", "origin": [-10.01371, 4.21099, 10.27743]},
			"faces": {
				"north": {"uv": [11.75, 0.5, 10.5, 1.5], "texture": "#1"},
				"east": {"uv": [0, 0, 0, 1], "texture": "#1"},
				"south": {"uv": [11.75, 0.5, 10.5, 1.5], "texture": "#1"},
				"west": {"uv": [0, 0, 0, 1], "texture": "#1"},
				"up": {"uv": [0, 0, 1.25, 0], "texture": "#1"},
				"down": {"uv": [0, 0, 1.25, 0], "texture": "#1"}
			}
		},
		{
			"from": [-9.896, 8.004, 8.004],
			"to": [-1.904, 9.996, 9.996],
			"rotation": {"angle": 45, "axis": "z", "origin": [-2.9, 9, 9]},
			"faces": {
				"north": {"uv": [12.5, 0, 10.5, 0.5], "texture": "#1"},
				"east": {"uv": [15, 0.5, 14.5, 1], "texture": "#1"},
				"south": {"uv": [10.5, 0.5, 12.5, 0], "texture": "#1"},
				"west": {"uv": [14.5, 0.5, 14, 1], "texture": "#1"},
				"up": {"uv": [10.5, 0, 12.5, 0.5], "texture": "#1"},
				"down": {"uv": [10.5, 0, 12.5, 0.5], "texture": "#1"}
			}
		},
		{
			"from": [-12.61371, 3.3436, 8.5],
			"to": [-9.61371, 4.3436, 9.5],
			"rotation": {"angle": 0, "axis": "y", "origin": [-2.78871, 0.2921, 2.05]},
			"faces": {
				"north": {"uv": [12.5, 0.5, 11.75, 0.75], "texture": "#1"},
				"east": {"uv": [13.5, 0.5, 13.25, 0.75], "texture": "#1"},
				"south": {"uv": [13.25, 0.5, 12.5, 0.75], "texture": "#1"},
				"west": {"uv": [13.5, 0.5, 13.25, 0.75], "texture": "#1"},
				"up": {"uv": [11.75, 0.75, 12.5, 0.5], "texture": "#1"},
				"down": {"uv": [12.5, 0.5, 13.25, 0.75], "texture": "#1"}
			}
		},
		{
			"from": [-14.61371, 2.8436, 8],
			"to": [-12.61371, 4.8436, 10],
			"rotation": {"angle": 0, "axis": "y", "origin": [-1.38871, 0.6421, 2.4]},
			"faces": {
				"north": {"uv": [12.25, 0.75, 11.75, 1.25], "texture": "#1"},
				"east": {"uv": [13.75, 0.75, 13.25, 1.25], "texture": "#1"},
				"south": {"uv": [12.75, 1.25, 12.25, 0.75], "texture": "#1"},
				"west": {"uv": [13.25, 0.75, 12.75, 1.25], "texture": "#1"},
				"up": {"uv": [11.75, 0.75, 12.25, 1.25], "texture": "#1"},
				"down": {"uv": [12.75, 0.75, 12.25, 1.25], "texture": "#1"}
			}
		},
		{
			"from": [-9.61371, 2.8436, 8],
			"to": [-5.61371, 4.8436, 10],
			"rotation": {"angle": 0, "axis": "y", "origin": [-0.88871, 0.6421, 2.4]},
			"faces": {
				"north": {"uv": [13.5, 0, 12.5, 0.5], "texture": "#1"},
				"east": {"uv": [15.5, 0, 15, 0.5], "texture": "#1"},
				"south": {"uv": [14.5, 0.5, 13.5, 0], "texture": "#1"},
				"west": {"uv": [15, 0, 14.5, 0.5], "texture": "#1"},
				"up": {"uv": [12.5, 0.5, 13.5, 0], "texture": "#1"},
				"down": {"uv": [14.5, 0, 13.5, 0.5], "texture": "#1"}
			}
		},
		{
			"from": [-4.53077, 2.55452, 8.002],
			"to": [-2.53477, 10.55052, 9.998],
			"rotation": {"angle": -22.5, "axis": "z", "origin": [-3.34157, 10.44252, 8.7003]},
			"faces": {
				"north": {"uv": [10, 0, 9.5, 2], "texture": "#1"},
				"east": {"uv": [10.5, 0, 10, 2], "texture": "#1"},
				"south": {"uv": [10, 0, 10.5, 2], "texture": "#1"},
				"west": {"uv": [9.5, 0, 10, 2], "texture": "#1"},
				"up": {"uv": [5.75, 1, 6.25, 0.5], "texture": "#1"},
				"down": {"uv": [5.75, 0.5, 6.25, 1], "texture": "#1"}
			}
		},
		{
			"from": [19.81371, 2.8436, 8],
			"to": [23.81371, 4.8436, 10],
			"rotation": {"angle": 0, "axis": "y", "origin": [15.08871, 0.6421, 2.4]},
			"faces": {
				"north": {"uv": [12.5, 0, 13.5, 0.5], "texture": "#1"},
				"east": {"uv": [14.5, 0, 15, 0.5], "texture": "#1"},
				"south": {"uv": [13.5, 0.5, 14.5, 0], "texture": "#1"},
				"west": {"uv": [15, 0, 15.5, 0.5], "texture": "#1"},
				"up": {"uv": [13.5, 0.5, 12.5, 0], "texture": "#1"},
				"down": {"uv": [13.5, 0, 14.5, 0.5], "texture": "#1"}
			}
		},
		{
			"from": [26.81371, 2.8436, 8],
			"to": [28.81371, 4.8436, 10],
			"rotation": {"angle": 0, "axis": "y", "origin": [15.58871, 0.6421, 2.4]},
			"faces": {
				"north": {"uv": [11.75, 0.75, 12.25, 1.25], "texture": "#1"},
				"east": {"uv": [12.75, 0.75, 13.25, 1.25], "texture": "#1"},
				"south": {"uv": [12.25, 1.25, 12.75, 0.75], "texture": "#1"},
				"west": {"uv": [13.25, 0.75, 13.75, 1.25], "texture": "#1"},
				"up": {"uv": [12.25, 0.75, 11.75, 1.25], "texture": "#1"},
				"down": {"uv": [12.25, 0.75, 12.75, 1.25], "texture": "#1"}
			}
		},
		{
			"from": [23.81371, 3.3436, 8.5],
			"to": [26.81371, 4.3436, 9.5],
			"rotation": {"angle": 0, "axis": "y", "origin": [16.98871, 0.2921, 2.05]},
			"faces": {
				"north": {"uv": [11.75, 0.5, 12.5, 0.75], "texture": "#1"},
				"east": {"uv": [13.25, 0.5, 13.5, 0.75], "texture": "#1"},
				"south": {"uv": [12.5, 0.5, 13.25, 0.75], "texture": "#1"},
				"west": {"uv": [13.25, 0.5, 13.5, 0.75], "texture": "#1"},
				"up": {"uv": [12.5, 0.75, 11.75, 0.5], "texture": "#1"},
				"down": {"uv": [13.25, 0.5, 12.5, 0.75], "texture": "#1"}
			}
		},
		{
			"from": [16.104, 8.004, 8.004],
			"to": [24.096, 9.996, 9.996],
			"rotation": {"angle": -45, "axis": "z", "origin": [17.1, 9, 9]},
			"faces": {
				"north": {"uv": [10.5, 0, 12.5, 0.5], "texture": "#1"},
				"east": {"uv": [14, 0.5, 14.5, 1], "texture": "#1"},
				"south": {"uv": [12.5, 0.5, 10.5, 0], "texture": "#1"},
				"west": {"uv": [14.5, 0.5, 15, 1], "texture": "#1"},
				"up": {"uv": [12.5, 0, 10.5, 0.5], "texture": "#1"},
				"down": {"uv": [12.5, 0, 10.5, 0.5], "texture": "#1"}
			}
		},
		{
			"from": [22.81371, 4.03599, 9.50743],
			"to": [27.81371, 8.03599, 9.50743],
			"rotation": {"angle": 22.5, "axis": "x", "origin": [26.21371, 4.21099, 10.27743]},
			"faces": {
				"north": {"uv": [10.5, 0.5, 11.75, 1.5], "texture": "#1"},
				"east": {"uv": [0, 0, 0, 1], "texture": "#1"},
				"south": {"uv": [10.5, 0.5, 11.75, 1.5], "texture": "#1"},
				"west": {"uv": [0, 0, 0, 1], "texture": "#1"},
				"up": {"uv": [1.25, 0, 0, 0], "texture": "#1"},
				"down": {"uv": [1.25, 0, 0, 0], "texture": "#1"}
			}
		},
		{
			"from": [22.81371, 4.62494, 8.37442],
			"to": [27.81371, 8.62494, 8.37442],
			"rotation": {"angle": -22.5, "axis": "x", "origin": [25.21371, 4.79994, 9.14442]},
			"faces": {
				"north": {"uv": [10.5, 0.5, 11.75, 1.5], "texture": "#1"},
				"east": {"uv": [0, 0, 0, 1], "texture": "#1"},
				"south": {"uv": [10.5, 0.5, 11.75, 1.5], "texture": "#1"},
				"west": {"uv": [0, 0, 0, 1], "texture": "#1"},
				"up": {"uv": [1.25, 0, 0, 0], "texture": "#1"},
				"down": {"uv": [1.25, 0, 0, 0], "texture": "#1"}
			}
		},
		{
			"from": [0.1, 9, 6],
			"to": [2.1, 11, 12],
			"rotation": {"angle": 45, "axis": "z", "origin": [1.1, 10, 9]},
			"faces": {
				"north": {"uv": [15, 0.5, 15.5, 1], "texture": "#1"},
				"east": {"uv": [14.5, 1.5, 16, 2], "texture": "#1"},
				"south": {"uv": [15.5, 0.5, 15, 1], "texture": "#1"},
				"west": {"uv": [14, 1, 15.5, 1.5], "texture": "#1"},
				"up": {"uv": [15.5, 0, 16, 1.5], "texture": "#1"},
				"down": {"uv": [15.5, 2, 16, 3.5], "texture": "#1"}
			}
		},
		{
			"from": [12.1, 9, 6],
			"to": [14.1, 11, 12],
			"rotation": {"angle": 45, "axis": "z", "origin": [13.1, 10, 6.5]},
			"faces": {
				"north": {"uv": [15, 0.5, 15.5, 1], "texture": "#1"},
				"east": {"uv": [14.5, 1.5, 16, 2], "texture": "#1"},
				"south": {"uv": [15.5, 0.5, 15, 1], "texture": "#1"},
				"west": {"uv": [14, 1, 15.5, 1.5], "texture": "#1"},
				"up": {"uv": [15.5, 0, 16, 1.5], "texture": "#1"},
				"down": {"uv": [15.5, 2, 16, 3.5], "texture": "#1"}
			}
		},
		{
			"from": [-14.93629, -10.1564, 9],
			"to": [29.06371, 2.8436, 9],
			"rotation": {"angle": 0, "axis": "y", "origin": [-0.96129, 4.9921, 1.7]},
			"faces": {
				"north": {"uv": [0, 9.5, 11, 12.75], "texture": "#1"},
				"east": {"uv": [0, 0, 0, 3.25], "texture": "#1"},
				"south": {"uv": [0, 9.5, 11, 12.75], "texture": "#1"},
				"west": {"uv": [0, 0, 0, 3.25], "texture": "#1"},
				"up": {"uv": [11, 0, 0, 0], "texture": "#1"},
				"down": {"uv": [11, 0, 0, 0], "texture": "#1"}
			}
		},
		{
			"from": [6.499, -0.001, 1.499],
			"to": [6.501, 18.001, 17.501],
			"rotation": {"angle": 0, "axis": "y", "origin": [8.5, 11, 0]},
			"faces": {
				"north": {"uv": [0, 0, 0, 10], "texture": "#0"},
				"east": {"uv": [0, 1, 8, 10], "texture": "#0"},
				"south": {"uv": [0, 0, 0, 10], "texture": "#0"},
				"west": {"uv": [0.5, 1, 8.5, 10], "texture": "#0"},
				"up": {"uv": [0, 0, 8, 0], "rotation": 90, "texture": "#0"},
				"down": {"uv": [0, 0, 8, 0], "rotation": 270, "texture": "#0"}
			}
		},
		{
			"from": [-2.002, -0.002, 8.998],
			"to": [14.002, 18.002, 9.002],
			"rotation": {"angle": 0, "axis": "y", "origin": [8, 11, 0]},
			"faces": {
				"north": {"uv": [0.5, 1, 8.5, 10], "texture": "#0"},
				"east": {"uv": [0, 0, 0, 10], "texture": "#0"},
				"south": {"uv": [0, 1, 8, 10], "texture": "#0"},
				"west": {"uv": [0, 0, 0, 10], "texture": "#0"},
				"up": {"uv": [0, 0, 8, 0], "texture": "#0"},
				"down": {"uv": [0, 0, 8, 0], "texture": "#0"}
			}
		}
	],
	"gui_light": "front",
	"display": {
		"thirdperson_righthand": {
			"rotation": [0, 90, -90],
			"translation": [-1, -3, 2.5]
		},
		"thirdperson_lefthand": {
			"rotation": [0, 90, -90],
			"translation": [-1, -0.75, 2.5]
		},
		"firstperson_righthand": {
			"rotation": [-157.59, -73.25, -57.43],
			"translation": [3.75, 3.75, 0],
			"scale": [0.47852, 0.47852, 0.47852]
		},
		"firstperson_lefthand": {
			"rotation": [-157.59, -73.25, -57.43],
			"translation": [3.75, 3.75, 0],
			"scale": [0.47852, 0.47852, 0.47852]
		},
		"ground": {
			"rotation": [38.5, -26, -65.5],
			"scale": [0.5, 0.5, 0.5]
		},
		"gui": {
			"rotation": [0, 0, 44],
			"translation": [-0.75, 1.5, 0],
			"scale": [0.45, 0.45, 0.45]
		},
		"head": {
			"rotation": [-179.75, 0, 0]
		},
		"fixed": {
			"translation": [1, 0, -4]
		}
	},
	"groups": [
		{
			"name": "bow",
			"origin": [0, 0, 0],
			"color": 0,
			"children": [
				0,
				1,
				2,
				3,
				4,
				5,
				6,
				7,
				8,
				9,
				10,
				11,
				12,
				13,
				14,
				15,
				16,
				17,
				18,
				{
					"name": "string",
					"origin": [-0.96129, 4.9921, 1.7],
					"color": 0,
					"children": [19]
				}
			]
		},
		{
			"name": "arrow",
			"origin": [8, 8, 8],
			"color": 0,
			"children": [20, 21]
		}
	]
}