{
	"credit": "Made with Blockbench",
	"texture_size": [64, 64],
	"textures": {
		"2": "voxelspawns/vs_dwarvenset/vs_dwarven_set",
		"particle": "voxelspawns/vs_dwarvenset/vs_dwarven_set"
	},
	"elements": [
		{
			"from": [6, -8.5, 6],
			"to": [10, -5.5, 10],
			"rotation": {"angle": 0, "axis": "y", "origin": [6.37037, -13, 5.5]},
			"faces": {
				"north": {"uv": [14, 4.25, 15, 5], "texture": "#2"},
				"east": {"uv": [13, 4.25, 14, 5], "texture": "#2"},
				"south": {"uv": [13, 5, 14, 5.75], "texture": "#2"},
				"west": {"uv": [14, 5, 15, 5.75], "texture": "#2"},
				"up": {"uv": [16, 6, 15, 5], "texture": "#2"},
				"down": {"uv": [16, 6, 15, 7], "texture": "#2"}
			}
		},
		{
			"from": [7, -5.5, 7],
			"to": [9, 14.5, 9],
			"rotation": {"angle": 0, "axis": "y", "origin": [6.37037, 2, 5.5]},
			"faces": {
				"north": {"uv": [15.5, 0, 16, 5], "texture": "#2"},
				"east": {"uv": [16, 0, 15.5, 5], "texture": "#2"},
				"south": {"uv": [15.5, 0, 15, 5], "texture": "#2"},
				"west": {"uv": [15, 0, 15.5, 5], "texture": "#2"},
				"up": {"uv": [2.5, 8.75, 2, 8.25], "texture": "#2"},
				"down": {"uv": [3, 8.25, 2.5, 8.75], "texture": "#2"}
			}
		},
		{
			"from": [5.998, 8.998, 5.498],
			"to": [10.002, 15.002, 10.502],
			"rotation": {"angle": 0, "axis": "y", "origin": [5.37037, 18, 5.5]},
			"faces": {
				"north": {"uv": [12.75, 1.5, 13.75, 3], "texture": "#2"},
				"east": {"uv": [13.75, 1.5, 15, 3], "texture": "#2"},
				"south": {"uv": [12.75, 1.5, 13.75, 3], "texture": "#2"},
				"west": {"uv": [13.75, 1.5, 15, 3], "texture": "#2"},
				"up": {"uv": [15, 4.25, 14, 3], "texture": "#2"},
				"down": {"uv": [14, 3, 13, 4.25], "texture": "#2"}
			}
		},
		{
			"from": [7, -6.6, 8],
			"to": [16, -1.6, 8],
			"rotation": {"angle": 0, "axis": "y", "origin": [10.87037, -11.5, 5.5]},
			"faces": {
				"north": {"uv": [12.75, 5.75, 15, 7], "texture": "#2"},
				"east": {"uv": [0, 0, 0, 1.25], "texture": "#2"},
				"south": {"uv": [15, 5.75, 12.75, 7], "texture": "#2"},
				"west": {"uv": [0, 0, 0, 1.25], "texture": "#2"},
				"up": {"uv": [2.25, 0, 0, 0], "texture": "#2"},
				"down": {"uv": [2.25, 0, 0, 0], "texture": "#2"}
			}
		},
		{
			"from": [10.80333, 6.2118, 7.498],
			"to": [15.80333, 9.2118, 8.498],
			"rotation": {"angle": 45, "axis": "z", "origin": [12.45533, 7.2138, 7.75]},
			"faces": {
				"north": {"uv": [3.5, 15.25, 4.75, 16], "texture": "#2"},
				"east": {"uv": [4.75, 15.25, 5, 16], "texture": "#2"},
				"south": {"uv": [4.75, 15.25, 3.5, 16], "texture": "#2"},
				"west": {"uv": [5, 15.25, 5.25, 16], "texture": "#2"},
				"up": {"uv": [4.75, 15.25, 3.5, 15], "texture": "#2"},
				"down": {"uv": [4.75, 14.75, 3.5, 15], "texture": "#2"}
			}
		},
		{
			"from": [10.64153, 8.96836, 7.49],
			"to": [14.64553, 15.97236, 8.494],
			"rotation": {"angle": -22.5, "axis": "z", "origin": [14.84303, 6.66986, 7.7415]},
			"faces": {
				"north": {"uv": [2, 14.25, 3, 16], "texture": "#2"},
				"east": {"uv": [3.25, 14.25, 3.5, 16], "texture": "#2"},
				"south": {"uv": [3, 14.25, 2, 16], "texture": "#2"},
				"west": {"uv": [3, 14.25, 3.25, 16], "texture": "#2"},
				"up": {"uv": [1, 14.25, 0, 14], "texture": "#2"},
				"down": {"uv": [2, 14, 1, 14.25], "texture": "#2"}
			}
		},
		{
			"from": [14.66364, 15.52287, 7.488],
			"to": [20.67164, 20.53087, 8.496],
			"rotation": {"angle": 22.5, "axis": "z", "origin": [19.91564, 9.27487, 7.74]},
			"faces": {
				"north": {"uv": [0, 14.75, 1.5, 16], "texture": "#2"},
				"east": {"uv": [1.5, 14.75, 1.75, 16], "texture": "#2"},
				"south": {"uv": [1.5, 14.75, 0, 16], "texture": "#2"},
				"west": {"uv": [1.75, 14.75, 2, 16], "texture": "#2"},
				"up": {"uv": [1.5, 14.75, 0, 14.5], "texture": "#2"},
				"down": {"uv": [1.5, 14.25, 0, 14.5], "texture": "#2"}
			}
		},
		{
			"from": [1.992, 6.992, 6.5],
			"to": [4, 17, 9.508],
			"rotation": {"angle": 0, "axis": "y", "origin": [-0.32465, 13.8331, 6.252]},
			"faces": {
				"north": {"uv": [2.5, 5.75, 3, 8.25], "texture": "#2"},
				"east": {"uv": [5.75, 4.5, 6.5, 7], "texture": "#2"},
				"south": {"uv": [2.5, 5.75, 3, 8.25], "texture": "#2"},
				"west": {"uv": [5.75, 4.5, 6.5, 7], "texture": "#2"},
				"up": {"uv": [2, 9, 1.5, 8.25], "texture": "#2"},
				"down": {"uv": [8.75, 1.5, 8.25, 2.25], "texture": "#2"}
			}
		},
		{
			"from": [4.007, 11.007, 7.507],
			"to": [12.993, 14.993, 8.493],
			"rotation": {"angle": 0, "axis": "y", "origin": [3, 12.72221, 6.25]},
			"faces": {
				"north": {"uv": [7.25, 15, 9.5, 16], "texture": "#2"},
				"east": {"uv": [5.5, 7.5, 5.75, 8.5], "texture": "#2"},
				"south": {"uv": [9.5, 15, 7.25, 16], "texture": "#2"},
				"west": {"uv": [8.25, 5.5, 8.5, 6.5], "texture": "#2"},
				"up": {"uv": [9.5, 15, 7.25, 14.75], "texture": "#2"},
				"down": {"uv": [9.5, 14.75, 7.25, 15], "texture": "#2"}
			}
		},
		{
			"from": [2.248, 13.998, 4.998],
			"to": [4.252, 16.002, 11.002],
			"rotation": {"angle": 45, "axis": "z", "origin": [8.37037, 19.5, 8]},
			"faces": {
				"north": {"uv": [15.5, 7, 16, 7.5], "texture": "#2"},
				"east": {"uv": [14.5, 9, 16, 9.5], "texture": "#2"},
				"south": {"uv": [16, 7, 15.5, 7.5], "texture": "#2"},
				"west": {"uv": [14.5, 9, 16, 9.5], "texture": "#2"},
				"up": {"uv": [16, 9, 15.5, 7.5], "texture": "#2"},
				"down": {"uv": [16, 7.5, 15.5, 9], "texture": "#2"}
			}
		}
	],
	"gui_light": "front",
	"display": {
		"thirdperson_righthand": {
			"rotation": [0, 90, 0],
			"translation": [0, 4, 0.75]
		},
		"thirdperson_lefthand": {
			"rotation": [0, -90, 0],
			"translation": [0, 4, 0.75]
		},
		"firstperson_righthand": {
			"rotation": [0, 95, 0],
			"translation": [6.5, 1.5, -2.75],
			"scale": [0.8, 0.8, 0.8]
		},
		"firstperson_lefthand": {
			"rotation": [0, -95, 0],
			"translation": [6.5, 1.5, -2.75],
			"scale": [0.8, 0.8, 0.8]
		},
		"ground": {
			"rotation": [171, 0, 0],
			"translation": [-1.5, -1, 0],
			"scale": [0.5, 0.5, 0.5]
		},
		"gui": {
			"rotation": [0, 0, -37],
			"translation": [0.25, 1.5, 0],
			"scale": [0.55, 0.55, 0.55]
		},
		"head": {
			"rotation": [0, -180, -90],
			"translation": [-11.75, 0, 0.25]
		},
		"fixed": {
			"translation": [0, 2, -3.5]
		}
	},
	"groups": [
		{
			"name": "Griff",
			"origin": [8, 8, 8],
			"color": 0,
			"children": [0, 1, 2, 3]
		},
		{
			"name": "axe",
			"origin": [8, 8, 8],
			"color": 0,
			"children": [4, 5, 6, 7, 8, 9]
		}
	]
}