{
	"credit": "Made with Blockbench",
	"texture_size": [64, 64],
	"textures": {
		"2": "voxelspawns/vs_dwarvenset/vs_dwarven_set",
		"particle": "voxelspawns/vs_dwarvenset/vs_dwarven_set"
	},
	"elements": [
		{
			"from": [6, -8.5, 6],
			"to": [10, -5.5, 10],
			"rotation": {"angle": 0, "axis": "y", "origin": [6.37037, -13, 5.5]},
			"faces": {
				"north": {"uv": [14, 4.25, 15, 5], "texture": "#2"},
				"east": {"uv": [13, 4.25, 14, 5], "texture": "#2"},
				"south": {"uv": [13, 5, 14, 5.75], "texture": "#2"},
				"west": {"uv": [14, 5, 15, 5.75], "texture": "#2"},
				"up": {"uv": [16, 6, 15, 5], "texture": "#2"},
				"down": {"uv": [16, 6, 15, 7], "texture": "#2"}
			}
		},
		{
			"from": [7, -5.5, 7],
			"to": [9, 14.5, 9],
			"rotation": {"angle": 0, "axis": "y", "origin": [6.37037, 2, 5.5]},
			"faces": {
				"north": {"uv": [15.5, 0, 16, 5], "texture": "#2"},
				"east": {"uv": [16, 0, 15.5, 5], "texture": "#2"},
				"south": {"uv": [15.5, 0, 15, 5], "texture": "#2"},
				"west": {"uv": [15, 0, 15.5, 5], "texture": "#2"},
				"up": {"uv": [2.5, 8.75, 2, 8.25], "texture": "#2"},
				"down": {"uv": [3, 8.25, 2.5, 8.75], "texture": "#2"}
			}
		},
		{
			"from": [5.998, 8.998, 5.498],
			"to": [10.002, 15.002, 10.502],
			"rotation": {"angle": 0, "axis": "y", "origin": [5.37037, 18, 5.5]},
			"faces": {
				"north": {"uv": [12.75, 1.5, 13.75, 3], "texture": "#2"},
				"east": {"uv": [13.75, 1.5, 15, 3], "texture": "#2"},
				"south": {"uv": [12.75, 1.5, 13.75, 3], "texture": "#2"},
				"west": {"uv": [13.75, 1.5, 15, 3], "texture": "#2"},
				"up": {"uv": [15, 4.25, 14, 3], "texture": "#2"},
				"down": {"uv": [14, 3, 13, 4.25], "texture": "#2"}
			}
		},
		{
			"from": [7, -6.6, 8],
			"to": [16, -1.6, 8],
			"rotation": {"angle": 0, "axis": "y", "origin": [10.87037, -11.5, 5.5]},
			"faces": {
				"north": {"uv": [12.75, 5.75, 15, 7], "texture": "#2"},
				"east": {"uv": [0, 0, 0, 1.25], "texture": "#2"},
				"south": {"uv": [15, 5.75, 12.75, 7], "texture": "#2"},
				"west": {"uv": [0, 0, 0, 1.25], "texture": "#2"},
				"up": {"uv": [2.25, 0, 0, 0], "texture": "#2"},
				"down": {"uv": [2.25, 0, 0, 0], "texture": "#2"}
			}
		},
		{
			"from": [13, 7, 3],
			"to": [16, 18, 13],
			"rotation": {"angle": 0, "axis": "y", "origin": [9, 24.5, 8.5]},
			"faces": {
				"north": {"uv": [16, 13.25, 15.25, 16], "texture": "#2"},
				"east": {"uv": [10.25, 13.25, 12.75, 16], "texture": "#2"},
				"south": {"uv": [15.25, 13.25, 16, 16], "texture": "#2"},
				"west": {"uv": [10.25, 13.25, 12.75, 16], "texture": "#2"},
				"up": {"uv": [10.25, 16, 9.5, 13.5], "texture": "#2"},
				"down": {"uv": [10.25, 13.5, 9.5, 16], "texture": "#2"}
			}
		},
		{
			"from": [11, 9, 5],
			"to": [13, 16, 11],
			"rotation": {"angle": 0, "axis": "y", "origin": [9, 24.5, 8.5]},
			"faces": {
				"north": {"uv": [15.5, 11.5, 16, 13.25], "texture": "#2"},
				"east": {"uv": [0, 4, 1.5, 5.75], "texture": "#2"},
				"south": {"uv": [16, 11.5, 15.5, 13.25], "texture": "#2"},
				"west": {"uv": [13.5, 11.5, 15, 13.25], "texture": "#2"},
				"up": {"uv": [15.5, 13.25, 15, 11.75], "texture": "#2"},
				"down": {"uv": [15.5, 11.75, 15, 13.25], "texture": "#2"}
			}
		},
		{
			"from": [1.992, 6.992, 6.5],
			"to": [4, 17, 9.508],
			"rotation": {"angle": 0, "axis": "y", "origin": [-0.32465, 13.8331, 6.252]},
			"faces": {
				"north": {"uv": [2.5, 5.75, 3, 8.25], "texture": "#2"},
				"east": {"uv": [5.75, 4.5, 6.5, 7], "texture": "#2"},
				"south": {"uv": [2.5, 5.75, 3, 8.25], "texture": "#2"},
				"west": {"uv": [5.75, 4.5, 6.5, 7], "texture": "#2"},
				"up": {"uv": [2, 9, 1.5, 8.25], "texture": "#2"},
				"down": {"uv": [8.75, 1.5, 8.25, 2.25], "texture": "#2"}
			}
		},
		{
			"from": [4, 11, 7.5],
			"to": [13, 15, 8.5],
			"rotation": {"angle": 0, "axis": "y", "origin": [3, 12.72221, 6.25]},
			"faces": {
				"north": {"uv": [7.25, 15, 9.5, 16], "texture": "#2"},
				"east": {"uv": [5.5, 7.5, 5.75, 8.5], "texture": "#2"},
				"south": {"uv": [9.5, 15, 7.25, 16], "texture": "#2"},
				"west": {"uv": [8.25, 5.5, 8.5, 6.5], "texture": "#2"},
				"up": {"uv": [9.5, 15, 7.25, 14.75], "texture": "#2"},
				"down": {"uv": [9.5, 14.75, 7.25, 15], "texture": "#2"}
			}
		},
		{
			"from": [2.248, 13.998, 4.998],
			"to": [4.252, 16.002, 11.002],
			"rotation": {"angle": 45, "axis": "z", "origin": [8.37037, 19.5, 8]},
			"faces": {
				"north": {"uv": [15.5, 7, 16, 7.5], "texture": "#2"},
				"east": {"uv": [14.5, 9, 16, 9.5], "texture": "#2"},
				"south": {"uv": [16, 7, 15.5, 7.5], "texture": "#2"},
				"west": {"uv": [14.5, 9, 16, 9.5], "texture": "#2"},
				"up": {"uv": [16, 9, 15.5, 7.5], "texture": "#2"},
				"down": {"uv": [16, 7.5, 15.5, 9], "texture": "#2"}
			}
		}
	],
	"gui_light": "front",
	"display": {
		"thirdperson_righthand": {
			"rotation": [0, 90, 0],
			"translation": [0, 4, 0.75]
		},
		"thirdperson_lefthand": {
			"rotation": [0, -90, 0],
			"translation": [0, 4, 0.75]
		},
		"firstperson_righthand": {
			"rotation": [0, 95, 0],
			"translation": [6.5, 1.5, -2.75],
			"scale": [0.8, 0.8, 0.8]
		},
		"firstperson_lefthand": {
			"rotation": [0, -95, 0],
			"translation": [6.5, 1.5, -2.75],
			"scale": [0.8, 0.8, 0.8]
		},
		"ground": {
			"rotation": [171, 0, 0],
			"translation": [-1.5, 0, 0],
			"scale": [0.5, 0.5, 0.5]
		},
		"gui": {
			"rotation": [0, -20, -45],
			"translation": [0, 1.5, 0],
			"scale": [0.59, 0.59, 0.59]
		},
		"head": {
			"rotation": [0, -180, -90],
			"translation": [-11.75, 0, 0.25]
		},
		"fixed": {
			"rotation": [74, -90, 0],
			"translation": [0, 2, -9.25]
		}
	},
	"groups": [
		{
			"name": "Griff",
			"origin": [8, 8, 8],
			"color": 0,
			"children": [0, 1, 2, 3]
		},
		{
			"name": "Hammer",
			"origin": [8, 8, 8],
			"color": 0,
			"children": [4, 5, 6, 7, 8]
		}
	]
}