{
	"credit": "Made with Blockbench",
	"texture_size": [64, 64],
	"textures": {
		"2": "voxelspawns/vs_dwarvenset/vs_dwarven_set",
		"particle": "voxelspawns/vs_dwarvenset/vs_dwarven_set"
	},
	"elements": [
		{
			"from": [6, -8.5, 6],
			"to": [10, -5.5, 10],
			"rotation": {"angle": 0, "axis": "y", "origin": [6.37037, -13, 5.5]},
			"faces": {
				"north": {"uv": [14, 4.25, 15, 5], "texture": "#2"},
				"east": {"uv": [13, 4.25, 14, 5], "texture": "#2"},
				"south": {"uv": [13, 5, 14, 5.75], "texture": "#2"},
				"west": {"uv": [14, 5, 15, 5.75], "texture": "#2"},
				"up": {"uv": [16, 6, 15, 5], "texture": "#2"},
				"down": {"uv": [16, 6, 15, 7], "texture": "#2"}
			}
		},
		{
			"from": [7, -5.5, 7],
			"to": [9, 14.5, 9],
			"rotation": {"angle": 0, "axis": "y", "origin": [6.37037, 2, 5.5]},
			"faces": {
				"north": {"uv": [15.5, 0, 16, 5], "texture": "#2"},
				"east": {"uv": [16, 0, 15.5, 5], "texture": "#2"},
				"south": {"uv": [15.5, 0, 15, 5], "texture": "#2"},
				"west": {"uv": [15, 0, 15.5, 5], "texture": "#2"},
				"up": {"uv": [2.5, 8.75, 2, 8.25], "texture": "#2"},
				"down": {"uv": [3, 8.25, 2.5, 8.75], "texture": "#2"}
			}
		},
		{
			"from": [5.998, 8.998, 5.498],
			"to": [10.002, 15.002, 10.502],
			"rotation": {"angle": 0, "axis": "y", "origin": [5.37037, 18, 5.5]},
			"faces": {
				"north": {"uv": [12.75, 1.5, 13.75, 3], "texture": "#2"},
				"east": {"uv": [13.75, 1.5, 15, 3], "texture": "#2"},
				"south": {"uv": [12.75, 1.5, 13.75, 3], "texture": "#2"},
				"west": {"uv": [13.75, 1.5, 15, 3], "texture": "#2"},
				"up": {"uv": [15, 4.25, 14, 3], "texture": "#2"},
				"down": {"uv": [14, 3, 13, 4.25], "texture": "#2"}
			}
		},
		{
			"from": [7, -6.6, 8],
			"to": [16, -1.6, 8],
			"rotation": {"angle": 0, "axis": "y", "origin": [10.87037, -11.5, 5.5]},
			"faces": {
				"north": {"uv": [12.75, 5.75, 15, 7], "texture": "#2"},
				"east": {"uv": [0, 0, 0, 1.25], "texture": "#2"},
				"south": {"uv": [15, 5.75, 12.75, 7], "texture": "#2"},
				"west": {"uv": [0, 0, 0, 1.25], "texture": "#2"},
				"up": {"uv": [2.25, 0, 0, 0], "texture": "#2"},
				"down": {"uv": [2.25, 0, 0, 0], "texture": "#2"}
			}
		},
		{
			"from": [12.59749, 9.68427, 7.501],
			"to": [16.59349, 12.68027, 8.497],
			"rotation": {"angle": -45, "axis": "z", "origin": [16.59549, 10.93863, 7.999]},
			"faces": {
				"north": {"uv": [8.75, 13.75, 9.5, 14.75], "rotation": 90, "texture": "#2"},
				"east": {"uv": [9.5, 13.5, 8.75, 13.75], "rotation": 270, "texture": "#2"},
				"south": {"uv": [9.5, 13.75, 8.75, 14.75], "rotation": 270, "texture": "#2"},
				"west": {"uv": [9.5, 13.75, 8.75, 13.5], "rotation": 270, "texture": "#2"},
				"up": {"uv": [7.5, 13.5, 7.75, 14.5], "rotation": 270, "texture": "#2"},
				"down": {"uv": [8.5, 13.75, 8.75, 14.75], "rotation": 270, "texture": "#2"}
			}
		},
		{
			"from": [17.83231, 7.17715, 7.505],
			"to": [19.82031, 12.16515, 8.493],
			"rotation": {"angle": 22.5, "axis": "z", "origin": [18.82631, 7.14934, 7.999]},
			"faces": {
				"north": {"uv": [8, 13.5, 8.5, 14.75], "texture": "#2"},
				"east": {"uv": [7, 14.75, 7.25, 16], "texture": "#2"},
				"south": {"uv": [8.5, 13.5, 8, 14.75], "texture": "#2"},
				"west": {"uv": [7.75, 13.5, 8, 14.75], "texture": "#2"},
				"up": {"uv": [7.75, 14.75, 7.25, 14.5], "texture": "#2"},
				"down": {"uv": [7.75, 14.5, 7.25, 14.75], "texture": "#2"}
			}
		},
		{
			"from": [4, 11, 7.499],
			"to": [15, 15, 8.499],
			"rotation": {"angle": 0, "axis": "y", "origin": [16.701, 18.999, 7.999]},
			"faces": {
				"north": {"uv": [10.75, 13.25, 13.5, 12.25], "texture": "#2"},
				"east": {"uv": [10.25, 12.25, 10.5, 13.25], "texture": "#2"},
				"south": {"uv": [13.5, 13.25, 10.75, 12.25], "texture": "#2"},
				"west": {"uv": [10.5, 12.25, 10.75, 13.25], "texture": "#2"},
				"up": {"uv": [13.5, 12, 10.75, 11.75], "texture": "#2"},
				"down": {"uv": [13.5, 12, 10.75, 12.25], "texture": "#2"}
			}
		},
		{
			"from": [17.14803, 6.57838, 7.501],
			"to": [18.14203, 8.57238, 8.495],
			"rotation": {"angle": 45, "axis": "z", "origin": [14.64503, 7.57538, 7.998]},
			"faces": {
				"north": {"uv": [14.25, 11, 14.5, 11.5], "texture": "#2"},
				"east": {"uv": [13.5, 11, 13.75, 11.5], "texture": "#2"},
				"south": {"uv": [14.5, 11.5, 14.25, 11], "texture": "#2"},
				"west": {"uv": [14.25, 11, 14.5, 11.5], "texture": "#2"},
				"up": {"uv": [13.25, 11.5, 13, 11.25], "texture": "#2"},
				"down": {"uv": [13.5, 11.25, 13.25, 11.5], "texture": "#2"}
			}
		},
		{
			"from": [1.992, 6.992, 6.5],
			"to": [4, 17, 9.508],
			"rotation": {"angle": 0, "axis": "y", "origin": [-0.32465, 13.8331, 6.252]},
			"faces": {
				"north": {"uv": [2.5, 5.75, 3, 8.25], "texture": "#2"},
				"east": {"uv": [5.75, 4.5, 6.5, 7], "texture": "#2"},
				"south": {"uv": [2.5, 5.75, 3, 8.25], "texture": "#2"},
				"west": {"uv": [5.75, 4.5, 6.5, 7], "texture": "#2"},
				"up": {"uv": [2, 9, 1.5, 8.25], "texture": "#2"},
				"down": {"uv": [8.75, 1.5, 8.25, 2.25], "texture": "#2"}
			}
		},
		{
			"from": [2.248, 13.998, 4.998],
			"to": [4.252, 16.002, 11.002],
			"rotation": {"angle": 45, "axis": "z", "origin": [8.37037, 19.5, 8]},
			"faces": {
				"north": {"uv": [15.5, 7, 16, 7.5], "texture": "#2"},
				"east": {"uv": [14.5, 9, 16, 9.5], "texture": "#2"},
				"south": {"uv": [16, 7, 15.5, 7.5], "texture": "#2"},
				"west": {"uv": [14.5, 9, 16, 9.5], "texture": "#2"},
				"up": {"uv": [16, 9, 15.5, 7.5], "texture": "#2"},
				"down": {"uv": [16, 7.5, 15.5, 9], "texture": "#2"}
			}
		}
	],
	"gui_light": "front",
	"display": {
		"thirdperson_righthand": {
			"rotation": [0, 90, 0],
			"translation": [0, 4, 0.75]
		},
		"thirdperson_lefthand": {
			"rotation": [0, -90, 0],
			"translation": [0, 4, 0.75]
		},
		"firstperson_righthand": {
			"rotation": [0, 95, 0],
			"translation": [6.5, 1.5, -2.75],
			"scale": [0.8, 0.8, 0.8]
		},
		"firstperson_lefthand": {
			"rotation": [0, -95, 0],
			"translation": [6.5, 1.5, -2.75],
			"scale": [0.8, 0.8, 0.8]
		},
		"ground": {
			"rotation": [171, 0, 0],
			"translation": [-1.5, -1, 0],
			"scale": [0.5, 0.5, 0.5]
		},
		"gui": {
			"rotation": [0, 0, -37],
			"translation": [0.25, 1.5, 0],
			"scale": [0.55, 0.55, 0.55]
		},
		"head": {
			"rotation": [0, -180, -90],
			"translation": [-11.75, 0, 0.25]
		},
		"fixed": {
			"translation": [0, 2, -3.5]
		}
	},
	"groups": [
		{
			"name": "Griff",
			"origin": [8, 8, 8],
			"color": 0,
			"children": [0, 1, 2, 3]
		},
		{
			"name": "hoe",
			"origin": [8, 8, 8],
			"color": 0,
			"children": [4, 5, 6, 7, 8, 9]
		}
	]
}