{
	"credit": "Made with Blockbench",
	"texture_size": [64, 64],
	"textures": {
		"2": "voxelspawns/vs_dwarvenset/vs_dwarven_set",
		"particle": "voxelspawns/vs_dwarvenset/vs_dwarven_set"
	},
	"elements": [
		{
			"from": [4, -7, 10],
			"to": [16, 17, 11],
			"rotation": {"angle": 0, "axis": "y", "origin": [10, 4.5, 10.5]},
			"faces": {
				"north": {"uv": [9.75, 0, 12.75, 6], "texture": "#2"},
				"east": {"uv": [9.5, 0, 9.75, 5.75], "texture": "#2"},
				"south": {"uv": [9.75, 0, 12.75, 6], "texture": "#2"},
				"west": {"uv": [9.5, 0, 9.75, 5.75], "texture": "#2"},
				"up": {"uv": [9.75, 6, 12.75, 6.25], "texture": "#2"},
				"down": {"uv": [9.75, 6, 12.75, 6.25], "texture": "#2"}
			}
		},
		{
			"from": [8, 4, 7],
			"to": [10, 13, 8],
			"rotation": {"angle": 0, "axis": "y", "origin": [10, 9.5, 9.5]},
			"faces": {
				"north": {"uv": [11, 6.25, 11.5, 8.5], "texture": "#2"},
				"east": {"uv": [9, 0, 9.25, 2.25], "texture": "#2"},
				"south": {"uv": [11.5, 6.25, 11, 8.5], "texture": "#2"},
				"west": {"uv": [8.75, 0, 9, 2.25], "texture": "#2"},
				"up": {"uv": [12.25, 6.5, 12.75, 6.75], "texture": "#2"},
				"down": {"uv": [12.25, 6.25, 12.75, 6.5], "texture": "#2"}
			}
		},
		{
			"from": [8, 11, 8],
			"to": [10, 12, 10],
			"rotation": {"angle": 0, "axis": "y", "origin": [10, 9.5, 9.5]},
			"faces": {
				"north": {"uv": [8.75, 3.75, 9.25, 4], "texture": "#2"},
				"east": {"uv": [8.75, 5.5, 9.25, 5.75], "texture": "#2"},
				"south": {"uv": [8.75, 4, 9.25, 4.25], "texture": "#2"},
				"west": {"uv": [8.75, 4.25, 9.25, 4.5], "texture": "#2"},
				"up": {"uv": [8.75, 4.5, 9.25, 5], "texture": "#2"},
				"down": {"uv": [8.75, 5, 9.25, 5.5], "texture": "#2"}
			}
		},
		{
			"from": [15.002, 12.002, 10.002],
			"to": [16.998, 13.998, 11.998],
			"rotation": {"angle": 0, "axis": "y", "origin": [4, 0, -1]},
			"faces": {
				"north": {"uv": [5.75, 1.75, 6.25, 2.25], "texture": "#2"},
				"east": {"uv": [6.25, 2.25, 5.75, 1.75], "texture": "#2"},
				"south": {"uv": [5.75, 2.25, 6.25, 1.75], "texture": "#2"},
				"west": {"uv": [6.25, 2.25, 5.75, 1.75], "texture": "#2"},
				"up": {"uv": [5.75, 1.75, 6.25, 2.25], "texture": "#2"},
				"down": {"uv": [6.25, 1.75, 5.75, 2.25], "texture": "#2"}
			}
		},
		{
			"from": [9.002, 12.002, 10.002],
			"to": [10.998, 13.998, 11.998],
			"rotation": {"angle": -45, "axis": "z", "origin": [10, 13, 11]},
			"faces": {
				"north": {"uv": [5.75, 1.75, 6.25, 2.25], "texture": "#2"},
				"east": {"uv": [6.25, 2.25, 5.75, 1.75], "texture": "#2"},
				"south": {"uv": [5.75, 2.25, 6.25, 1.75], "texture": "#2"},
				"west": {"uv": [6.25, 2.25, 5.75, 1.75], "texture": "#2"},
				"up": {"uv": [5.75, 1.75, 6.25, 2.25], "texture": "#2"},
				"down": {"uv": [6.25, 1.75, 5.75, 2.25], "texture": "#2"}
			}
		},
		{
			"from": [3.002, 12.002, 10.002],
			"to": [4.998, 13.998, 11.998],
			"rotation": {"angle": 0, "axis": "y", "origin": [4, 0, -1]},
			"faces": {
				"north": {"uv": [5.75, 1.75, 6.25, 2.25], "texture": "#2"},
				"east": {"uv": [6.25, 2.25, 5.75, 1.75], "texture": "#2"},
				"south": {"uv": [5.75, 2.25, 6.25, 1.75], "texture": "#2"},
				"west": {"uv": [6.25, 2.25, 5.75, 1.75], "texture": "#2"},
				"up": {"uv": [5.75, 1.75, 6.25, 2.25], "texture": "#2"},
				"down": {"uv": [6.25, 1.75, 5.75, 2.25], "texture": "#2"}
			}
		},
		{
			"from": [15.002, 4.002, 10.002],
			"to": [16.998, 5.998, 11.998],
			"rotation": {"angle": -45, "axis": "z", "origin": [16, 5, 11]},
			"faces": {
				"north": {"uv": [5.75, 1.75, 6.25, 2.25], "texture": "#2"},
				"east": {"uv": [6.25, 2.25, 5.75, 1.75], "texture": "#2"},
				"south": {"uv": [5.75, 2.25, 6.25, 1.75], "texture": "#2"},
				"west": {"uv": [6.25, 2.25, 5.75, 1.75], "texture": "#2"},
				"up": {"uv": [5.75, 1.75, 6.25, 2.25], "texture": "#2"},
				"down": {"uv": [6.25, 1.75, 5.75, 2.25], "texture": "#2"}
			}
		},
		{
			"from": [9.002, 4.002, 10.002],
			"to": [10.998, 5.998, 11.998],
			"rotation": {"angle": 0, "axis": "y", "origin": [4, 0, -1]},
			"faces": {
				"north": {"uv": [5.75, 1.75, 6.25, 2.25], "texture": "#2"},
				"east": {"uv": [6.25, 2.25, 5.75, 1.75], "texture": "#2"},
				"south": {"uv": [5.75, 2.25, 6.25, 1.75], "texture": "#2"},
				"west": {"uv": [6.25, 2.25, 5.75, 1.75], "texture": "#2"},
				"up": {"uv": [5.75, 1.75, 6.25, 2.25], "texture": "#2"},
				"down": {"uv": [6.25, 1.75, 5.75, 2.25], "texture": "#2"}
			}
		},
		{
			"from": [3.002, 4.002, 10.002],
			"to": [4.998, 5.998, 11.998],
			"rotation": {"angle": -45, "axis": "z", "origin": [4, 5, 11]},
			"faces": {
				"north": {"uv": [5.75, 1.75, 6.25, 2.25], "texture": "#2"},
				"east": {"uv": [6.25, 2.25, 5.75, 1.75], "texture": "#2"},
				"south": {"uv": [5.75, 2.25, 6.25, 1.75], "texture": "#2"},
				"west": {"uv": [6.25, 2.25, 5.75, 1.75], "texture": "#2"},
				"up": {"uv": [5.75, 1.75, 6.25, 2.25], "texture": "#2"},
				"down": {"uv": [6.25, 1.75, 5.75, 2.25], "texture": "#2"}
			}
		},
		{
			"from": [15.002, -3.998, 10.002],
			"to": [16.998, -2.002, 11.998],
			"rotation": {"angle": 0, "axis": "y", "origin": [4, 0, -1]},
			"faces": {
				"north": {"uv": [5.75, 1.75, 6.25, 2.25], "texture": "#2"},
				"east": {"uv": [6.25, 2.25, 5.75, 1.75], "texture": "#2"},
				"south": {"uv": [5.75, 2.25, 6.25, 1.75], "texture": "#2"},
				"west": {"uv": [6.25, 2.25, 5.75, 1.75], "texture": "#2"},
				"up": {"uv": [5.75, 1.75, 6.25, 2.25], "texture": "#2"},
				"down": {"uv": [6.25, 1.75, 5.75, 2.25], "texture": "#2"}
			}
		},
		{
			"from": [9.002, -3.998, 10.002],
			"to": [10.998, -2.002, 11.998],
			"rotation": {"angle": -45, "axis": "z", "origin": [10, -3, 11]},
			"faces": {
				"north": {"uv": [5.75, 1.75, 6.25, 2.25], "texture": "#2"},
				"east": {"uv": [6.25, 2.25, 5.75, 1.75], "texture": "#2"},
				"south": {"uv": [5.75, 2.25, 6.25, 1.75], "texture": "#2"},
				"west": {"uv": [6.25, 2.25, 5.75, 1.75], "texture": "#2"},
				"up": {"uv": [5.75, 1.75, 6.25, 2.25], "texture": "#2"},
				"down": {"uv": [6.25, 1.75, 5.75, 2.25], "texture": "#2"}
			}
		},
		{
			"from": [3.002, -3.998, 10.002],
			"to": [4.998, -2.002, 11.998],
			"rotation": {"angle": 0, "axis": "y", "origin": [4, 0, -1]},
			"faces": {
				"north": {"uv": [5.75, 1.75, 6.25, 2.25], "texture": "#2"},
				"east": {"uv": [6.25, 2.25, 5.75, 1.75], "texture": "#2"},
				"south": {"uv": [5.75, 2.25, 6.25, 1.75], "texture": "#2"},
				"west": {"uv": [6.25, 2.25, 5.75, 1.75], "texture": "#2"},
				"up": {"uv": [5.75, 1.75, 6.25, 2.25], "texture": "#2"},
				"down": {"uv": [6.25, 1.75, 5.75, 2.25], "texture": "#2"}
			}
		},
		{
			"from": [-0.42502, -6.998, 9.12141],
			"to": [4.57098, 16.998, 10.11741],
			"rotation": {"angle": -22.5, "axis": "y", "origin": [2.07298, 5.5, 9.11941]},
			"faces": {
				"north": {"uv": [8.25, 0, 7, 6], "texture": "#2"},
				"east": {"uv": [9.25, 0, 9.5, 5.75], "texture": "#2"},
				"south": {"uv": [7, 0, 8.25, 6], "texture": "#2"},
				"west": {"uv": [9.25, 0, 9.5, 5.75], "texture": "#2"},
				"up": {"uv": [8.5, 5.75, 9.75, 6], "texture": "#2"},
				"down": {"uv": [8.5, 5.75, 9.75, 6], "texture": "#2"}
			}
		},
		{
			"from": [15.62036, -6.998, 9.08335],
			"to": [20.61636, 16.998, 10.07935],
			"rotation": {"angle": 22.5, "axis": "y", "origin": [18.11836, 4.5, 9.58135]},
			"faces": {
				"north": {"uv": [5.5, 10, 6.75, 16], "texture": "#2"},
				"east": {"uv": [9.25, 0, 9.5, 5.75], "texture": "#2"},
				"south": {"uv": [6.75, 10, 5.5, 16], "texture": "#2"},
				"west": {"uv": [9.25, 0, 9.5, 5.75], "texture": "#2"},
				"up": {"uv": [8.5, 5.75, 9.75, 6], "texture": "#2"},
				"down": {"uv": [8.5, 5.75, 9.75, 6], "texture": "#2"}
			}
		}
	],
	"gui_light": "front",
	"display": {
		"thirdperson_righthand": {
			"rotation": [-115.86, 35.25, 179.28],
			"translation": [1.5, -0.5, 2]
		},
		"thirdperson_lefthand": {
			"rotation": [-117.11, 35.25, 179.28],
			"translation": [0, 1, 2]
		},
		"firstperson_righthand": {
			"rotation": [-180, 6, -180],
			"translation": [4.5, 1, -2.75],
			"scale": [0.7, 0.7, 0.7]
		},
		"firstperson_lefthand": {
			"rotation": [-180, 6, -180],
			"translation": [3.25, 1, -2.75],
			"scale": [0.7, 0.7, 0.7]
		},
		"ground": {
			"rotation": [-19.93, 5.7, 18.31],
			"translation": [-1.75, 0, -2.5],
			"scale": [0.5, 0.5, 0.5]
		},
		"gui": {
			"rotation": [0, 0, -19],
			"translation": [-0.25, 1.75, 0],
			"scale": [0.5, 0.5, 0.5]
		},
		"head": {
			"rotation": [0, -180, -90],
			"translation": [-11.75, 0, 0.25]
		},
		"fixed": {
			"rotation": [0, -180, 0],
			"translation": [2, 2, -0.75]
		}
	},
	"groups": [
		{
			"name": "shield",
			"origin": [8, 8, 8],
			"color": 0,
			"children": [0, 1, 2, 3, 4, 5, 6, 7, 8, 9, 10, 11, 12, 13]
		}
	]
}