{
	"credit": "Made with Blockbench",
	"texture_size": [32, 32],
	"textures": {
		"6": "default/131"
	},
	"elements": [
		{
			"from": [3.82322, 20.1263, 7.9],
			"to": [11.82322, 30, 8.1],
			"rotation": {"angle": 0, "axis": "y", "origin": [8, 13, 8]},
			"faces": {
				"north": {"uv": [0.016, 3.516, 3.984, 8.484], "texture": "#6"},
				"east": {"uv": [14.75, 14.516, 6.75, 14.516], "rotation": 90, "texture": "#6"},
				"south": {"uv": [3.984, 3.516, 0.016, 8.484], "texture": "#6"},
				"west": {"uv": [14.75, 14.516, 6.75, 14.516], "rotation": 90, "texture": "#6"},
				"up": {"uv": [14.75, 14.516, 6.75, 14.516], "rotation": 90, "texture": "#6"},
				"down": {"uv": [14.75, 14.516, 6.75, 14.516], "rotation": 90, "texture": "#6"}
			}
		},
		{
			"from": [10.41406, 16.41406, 7.75],
			"to": [22.41406, 17.41406, 8.75],
			"rotation": {"angle": 45, "axis": "z", "origin": [9, 14, 8.75]},
			"faces": {
				"north": {"uv": [8.5, 7, 14.5, 7.5], "texture": "#6"},
				"east": {"uv": [8, 3, 8.5, 3.5], "texture": "#6"},
				"south": {"uv": [8.5, 7.5, 14.5, 8], "texture": "#6"},
				"west": {"uv": [9.5, 10.5, 10, 11], "texture": "#6"},
				"up": {"uv": [14.5, 8.5, 8.5, 8], "texture": "#6"},
				"down": {"uv": [14.5, 8.5, 8.5, 9], "texture": "#6"}
			}
		},
		{
			"from": [10.86396, 21.57084, 7],
			"to": [16.86396, 22.57084, 9],
			"rotation": {"angle": -45, "axis": "z", "origin": [13.36396, 22.07084, 8]},
			"faces": {
				"north": {"uv": [9, 6.5, 12, 7], "texture": "#6"},
				"east": {"uv": [12, 12.5, 13, 13], "texture": "#6"},
				"south": {"uv": [10.5, 5, 13.5, 5.5], "texture": "#6"},
				"west": {"uv": [13, 0, 14, 0.5], "texture": "#6"},
				"up": {"uv": [12, 1, 9, 0], "texture": "#6"},
				"down": {"uv": [12, 1, 9, 2], "texture": "#6"}
			}
		},
		{
			"from": [11.86396, 20.57084, 7],
			"to": [14.86396, 21.57084, 9],
			"rotation": {"angle": -45, "axis": "z", "origin": [13.36396, 22.07084, 8]},
			"faces": {
				"north": {"uv": [4.5, 12.5, 6, 13], "texture": "#6"},
				"east": {"uv": [13, 5.5, 14, 6], "texture": "#6"},
				"south": {"uv": [10.5, 12.5, 12, 13], "texture": "#6"},
				"west": {"uv": [13, 6, 14, 6.5], "texture": "#6"},
				"up": {"uv": [12, 6.5, 10.5, 5.5], "texture": "#6"},
				"down": {"uv": [11, 11, 9.5, 12], "texture": "#6"}
			}
		},
		{
			"from": [12.94975, 25.19217, 7],
			"to": [21.94975, 26.19217, 9],
			"rotation": {"angle": 0, "axis": "y", "origin": [16.94975, 26.19217, 8]},
			"faces": {
				"north": {"uv": [9, 4, 13.5, 4.5], "texture": "#6"},
				"east": {"uv": [13, 0.5, 14, 1], "texture": "#6"},
				"south": {"uv": [9, 4.5, 13.5, 5], "texture": "#6"},
				"west": {"uv": [13, 1, 14, 1.5], "texture": "#6"},
				"up": {"uv": [8.5, 4.5, 4, 3.5], "texture": "#6"},
				"down": {"uv": [8.5, 4.5, 4, 5.5], "texture": "#6"}
			}
		},
		{
			"from": [13.94975, 24.19217, 7],
			"to": [18.94975, 25.19217, 9],
			"rotation": {"angle": 0, "axis": "y", "origin": [16.94975, 25.19217, 8]},
			"faces": {
				"north": {"uv": [11, 11, 13.5, 11.5], "texture": "#6"},
				"east": {"uv": [4.5, 13, 5.5, 13.5], "texture": "#6"},
				"south": {"uv": [11.5, 2, 14, 2.5], "texture": "#6"},
				"west": {"uv": [5.5, 13, 6.5, 13.5], "texture": "#6"},
				"up": {"uv": [11.5, 3, 9, 2], "texture": "#6"},
				"down": {"uv": [11.5, 3, 9, 4], "texture": "#6"}
			}
		},
		{
			"from": [3.58594, 16.41406, 7],
			"to": [7.58594, 20.41406, 9],
			"rotation": {"angle": -45, "axis": "z", "origin": [8, 16, 8]},
			"faces": {
				"north": {"uv": [4, 5.5, 6, 7.5], "texture": "#6"},
				"east": {"uv": [6, 9.5, 7, 11.5], "texture": "#6"},
				"south": {"uv": [6, 5.5, 8, 7.5], "texture": "#6"},
				"west": {"uv": [7, 9.5, 8, 11.5], "texture": "#6"},
				"up": {"uv": [12, 10, 10, 9], "texture": "#6"},
				"down": {"uv": [12, 10, 10, 11], "texture": "#6"}
			}
		},
		{
			"from": [4.58594, 16.91406, 7.5],
			"to": [7.58594, 19.91406, 8.5],
			"rotation": {"angle": -45, "axis": "z", "origin": [8, 16.5, 7.5]},
			"faces": {
				"north": {"uv": [9, 5, 10.5, 6.5], "texture": "#6"},
				"east": {"uv": [8, 0, 8.5, 1.5], "texture": "#6"},
				"south": {"uv": [8.5, 9, 10, 10.5], "texture": "#6"},
				"west": {"uv": [8, 1.5, 8.5, 3], "texture": "#6"},
				"up": {"uv": [13.5, 7, 12, 6.5], "texture": "#6"},
				"down": {"uv": [13.5, 10, 12, 10.5], "texture": "#6"}
			}
		},
		{
			"from": [5.58594, 24.41406, 7.5],
			"to": [7.58594, 26.41406, 8.5],
			"rotation": {"angle": -45, "axis": "z", "origin": [8, 24, 7.5]},
			"faces": {
				"north": {"uv": [7, 12, 8, 13], "texture": "#6"},
				"east": {"uv": [8, 12.5, 8.5, 13.5], "texture": "#6"},
				"south": {"uv": [8.5, 12, 9.5, 13], "texture": "#6"},
				"west": {"uv": [3, 13, 3.5, 14], "texture": "#6"},
				"up": {"uv": [14, 2, 13, 1.5], "texture": "#6"},
				"down": {"uv": [4.5, 13, 3.5, 13.5], "texture": "#6"}
			}
		},
		{
			"from": [7.5, -16, 7.5],
			"to": [8.5, 0.25, 8.5],
			"rotation": {"angle": 0, "axis": "y", "origin": [8, 0.125, 8]},
			"faces": {
				"north": {"uv": [8, 5.5, 8.5, 12.5], "texture": "#6"},
				"east": {"uv": [0, 8.5, 0.5, 15.5], "texture": "#6"},
				"south": {"uv": [8.5, 0, 9, 7], "texture": "#6"},
				"west": {"uv": [0.5, 8.5, 1, 15.5], "texture": "#6"},
				"up": {"uv": [11, 12.5, 10.5, 12], "texture": "#6"},
				"down": {"uv": [7, 13, 6.5, 13.5], "texture": "#6"}
			}
		},
		{
			"from": [6, 17.25, 6],
			"to": [10, 18.25, 10],
			"rotation": {"angle": 45, "axis": "y", "origin": [8, 15, 8]},
			"faces": {
				"north": {"uv": [11.5, 2.5, 13.5, 3], "texture": "#6"},
				"east": {"uv": [11.5, 3, 13.5, 3.5], "texture": "#6"},
				"south": {"uv": [11.5, 3.5, 13.5, 4], "texture": "#6"},
				"west": {"uv": [6, 11.5, 8, 12], "texture": "#6"},
				"up": {"uv": [6, 9.5, 4, 7.5], "texture": "#6"},
				"down": {"uv": [8, 7.5, 6, 9.5], "texture": "#6"}
			}
		},
		{
			"from": [6.5, 13.25, 6.5],
			"to": [9.5, 14.25, 9.5],
			"rotation": {"angle": 45, "axis": "y", "origin": [8, 16, 8]},
			"faces": {
				"north": {"uv": [12, 10.5, 13.5, 11], "texture": "#6"},
				"east": {"uv": [12, 11.5, 13.5, 12], "texture": "#6"},
				"south": {"uv": [12, 12, 13.5, 12.5], "texture": "#6"},
				"west": {"uv": [3, 12.5, 4.5, 13], "texture": "#6"},
				"up": {"uv": [4.5, 11, 3, 9.5], "texture": "#6"},
				"down": {"uv": [6, 9.5, 4.5, 11], "texture": "#6"}
			}
		},
		{
			"from": [7, 14.25, 7],
			"to": [9, 17.25, 9],
			"rotation": {"angle": 0, "axis": "y", "origin": [8, 15.75, 8]},
			"faces": {
				"north": {"uv": [8.5, 10.5, 9.5, 12], "texture": "#6"},
				"east": {"uv": [3, 11, 4, 12.5], "texture": "#6"},
				"south": {"uv": [4, 11, 5, 12.5], "texture": "#6"},
				"west": {"uv": [5, 11, 6, 12.5], "texture": "#6"},
				"up": {"uv": [13, 10, 12, 9], "texture": "#6"},
				"down": {"uv": [10.5, 12, 9.5, 13], "texture": "#6"}
			}
		},
		{
			"from": [-11.97056, -9.47056, 7],
			"to": [-9.97056, -7.47056, 9],
			"rotation": {"angle": 45, "axis": "z", "origin": [8, 10.5, 8]},
			"faces": {
				"north": {"uv": [3, 8.5, 4, 9.5], "texture": "#6"},
				"east": {"uv": [11, 11.5, 12, 12.5], "texture": "#6"},
				"south": {"uv": [12, 0, 13, 1], "texture": "#6"},
				"west": {"uv": [12, 1, 13, 2], "texture": "#6"},
				"up": {"uv": [13, 6.5, 12, 5.5], "texture": "#6"},
				"down": {"uv": [7, 12, 6, 13], "texture": "#6"}
			}
		},
		{
			"from": [7.5, 0.25, 7.5],
			"to": [8.5, 13.25, 8.5],
			"rotation": {"angle": 0, "axis": "y", "origin": [8, 29.25, 8]},
			"faces": {
				"north": {"uv": [1, 8.5, 1.5, 15], "texture": "#6"},
				"east": {"uv": [1.5, 8.5, 2, 15], "texture": "#6"},
				"south": {"uv": [2, 8.5, 2.5, 15], "texture": "#6"},
				"west": {"uv": [2.5, 8.5, 3, 15], "texture": "#6"},
				"up": {"uv": [7.5, 13.5, 7, 13], "texture": "#6"},
				"down": {"uv": [8, 13, 7.5, 13.5], "texture": "#6"}
			}
		},
		{
			"from": [9.25, 11.84619, 8],
			"to": [16.25, 27.84619, 8.01],
			"rotation": {"angle": 22.5, "axis": "z", "origin": [17.09619, 19.84619, 8.005]},
			"faces": {
				"north": {"uv": [0.016, 0.016, 7.984, 3.484], "rotation": 270, "texture": "#6"},
				"east": {"uv": [14.75, 14.516, 6.75, 14.516], "rotation": 90, "texture": "#6"},
				"south": {"uv": [7.984, 0.016, 0.016, 3.484], "rotation": 90, "texture": "#6"},
				"west": {"uv": [14.75, 14.516, 6.75, 14.516], "rotation": 90, "texture": "#6"},
				"up": {"uv": [14.75, 14.516, 6.75, 14.516], "rotation": 90, "texture": "#6"},
				"down": {"uv": [14.75, 14.516, 6.75, 14.516], "rotation": 90, "texture": "#6"}
			}
		},
		{
			"from": [-0.25, 11.84619, 8],
			"to": [6.75, 27.84619, 8.01],
			"rotation": {"angle": -22.5, "axis": "z", "origin": [-1.09619, 19.84619, 8.005]},
			"faces": {
				"north": {"uv": [0.016, 3.484, 7.984, 0.016], "rotation": 270, "texture": "#6"},
				"east": {"uv": [14.75, 14.516, 6.75, 14.516], "rotation": 90, "texture": "#6"},
				"south": {"uv": [7.984, 3.484, 0.016, 0.016], "rotation": 90, "texture": "#6"},
				"west": {"uv": [14.75, 14.516, 6.75, 14.516], "rotation": 90, "texture": "#6"},
				"up": {"uv": [14.75, 14.516, 6.75, 14.516], "rotation": 90, "texture": "#6"},
				"down": {"uv": [14.75, 14.516, 6.75, 14.516], "rotation": 90, "texture": "#6"}
			}
		},
		{
			"from": [-5.94975, 25.19217, 7],
			"to": [3.05025, 26.19217, 9],
			"rotation": {"angle": 0, "axis": "y", "origin": [-0.94975, 26.19217, 8]},
			"faces": {
				"north": {"uv": [13.5, 4, 9, 4.5], "texture": "#6"},
				"east": {"uv": [14, 1, 13, 1.5], "texture": "#6"},
				"south": {"uv": [13.5, 4.5, 9, 5], "texture": "#6"},
				"west": {"uv": [14, 0.5, 13, 1], "texture": "#6"},
				"up": {"uv": [4, 4.5, 8.5, 3.5], "texture": "#6"},
				"down": {"uv": [4, 4.5, 8.5, 5.5], "texture": "#6"}
			}
		},
		{
			"from": [-2.94975, 24.19217, 7],
			"to": [2.05025, 25.19217, 9],
			"rotation": {"angle": 0, "axis": "y", "origin": [-0.94975, 25.19217, 8]},
			"faces": {
				"north": {"uv": [13.5, 11, 11, 11.5], "texture": "#6"},
				"east": {"uv": [6.5, 13, 5.5, 13.5], "texture": "#6"},
				"south": {"uv": [14, 2, 11.5, 2.5], "texture": "#6"},
				"west": {"uv": [5.5, 13, 4.5, 13.5], "texture": "#6"},
				"up": {"uv": [9, 3, 11.5, 2], "texture": "#6"},
				"down": {"uv": [9, 3, 11.5, 4], "texture": "#6"}
			}
		},
		{
			"from": [-6.41406, 16.41406, 7.75],
			"to": [5.58594, 17.41406, 8.75],
			"rotation": {"angle": -45, "axis": "z", "origin": [7, 14, 8.75]},
			"faces": {
				"north": {"uv": [14.5, 7, 8.5, 7.5], "texture": "#6"},
				"east": {"uv": [10, 10.5, 9.5, 11], "texture": "#6"},
				"south": {"uv": [14.5, 7.5, 8.5, 8], "texture": "#6"},
				"west": {"uv": [8.5, 3, 8, 3.5], "texture": "#6"},
				"up": {"uv": [8.5, 8.5, 14.5, 8], "texture": "#6"},
				"down": {"uv": [8.5, 8.5, 14.5, 9], "texture": "#6"}
			}
		},
		{
			"from": [-0.86396, 21.57084, 7],
			"to": [5.13604, 22.57084, 9],
			"rotation": {"angle": 45, "axis": "z", "origin": [2.63604, 22.07084, 8]},
			"faces": {
				"north": {"uv": [12, 6.5, 9, 7], "texture": "#6"},
				"east": {"uv": [14, 0, 13, 0.5], "texture": "#6"},
				"south": {"uv": [13.5, 5, 10.5, 5.5], "texture": "#6"},
				"west": {"uv": [13, 12.5, 12, 13], "texture": "#6"},
				"up": {"uv": [9, 1, 12, 0], "texture": "#6"},
				"down": {"uv": [9, 1, 12, 2], "texture": "#6"}
			}
		},
		{
			"from": [1.13604, 20.57084, 7],
			"to": [4.13604, 21.57084, 9],
			"rotation": {"angle": 45, "axis": "z", "origin": [2.63604, 22.07084, 8]},
			"faces": {
				"north": {"uv": [6, 12.5, 4.5, 13], "texture": "#6"},
				"east": {"uv": [14, 6, 13, 6.5], "texture": "#6"},
				"south": {"uv": [12, 12.5, 10.5, 13], "texture": "#6"},
				"west": {"uv": [14, 5.5, 13, 6], "texture": "#6"},
				"up": {"uv": [10.5, 6.5, 12, 5.5], "texture": "#6"},
				"down": {"uv": [9.5, 11, 11, 12], "texture": "#6"}
			}
		}
	],
	"gui_light": "front",
	"display": {
		"thirdperson_righthand": {
			"rotation": [19, -76, 0],
			"translation": [0, 4, 3.75]
		},
		"thirdperson_lefthand": {
			"rotation": [19, -76, 0],
			"translation": [0, 4, 3.75]
		},
		"firstperson_righthand": {
			"rotation": [-31, 88, 0],
			"translation": [4.25, 0, -0.5]
		},
		"firstperson_lefthand": {
			"rotation": [-31, 88, 0],
			"translation": [4.25, 0, -0.5]
		},
		"ground": {
			"rotation": [28, 0, 0],
			"translation": [0, 24.5, 0]
		},
		"gui": {
			"rotation": [0, -180, 44],
			"translation": [-0.25, -0.25, 0],
			"scale": [0.35, 0.35, 0.35]
		},
		"head": {
			"rotation": [4, -180, -30],
			"translation": [-1.5, -11.5, 7],
			"scale": [1.4, 1.4, 1.4]
		},
		"fixed": {
			"rotation": [0, 0, -46],
			"translation": [0, 0, -7.75]
		}
	}
}