{
	"credit": "Made with Blockbench",
	"texture_size": [64, 64],
	"textures": {
		"1": "default/132r",
		"2": "default/398-1",
		"particle": "default/132r"
	},
	"elements": [
		{
			"from": [-1.74867, -3.38566, 4.12834],
			"to": [10.25133, 12.61434, 5.12834],
			"rotation": {"angle": 22.5, "axis": "y", "origin": [8, 42.24302, 9.62868]},
			"faces": {
				"east": {"uv": [13.5, 0, 9.5, 0.25], "rotation": 270, "texture": "#1"},
				"south": {"uv": [9.5, 0, 6.5, 4], "texture": "#1"},
				"west": {"uv": [13.5, 0.25, 9.5, 0.5], "rotation": 90, "texture": "#1"},
				"up": {"uv": [2.25, 9.75, 5.25, 9.5], "texture": "#1"},
				"down": {"uv": [9.5, 2.25, 12.5, 2], "rotation": 180, "texture": "#1"}
			}
		},
		{
			"from": [-2.84867, -3.88566, 3.12834],
			"to": [10.15133, 13.11434, 4.12834],
			"rotation": {"angle": 22.5, "axis": "y", "origin": [8, 42.24302, 9.62868]},
			"faces": {
				"north": {"uv": [6.5, 8.5, 3.25, 4.25], "rotation": 180, "texture": "#1"},
				"east": {"uv": [6.5, 9, 2.25, 9.25], "rotation": 270, "texture": "#1"},
				"south": {"uv": [3.25, 4.25, 0, 8.5], "texture": "#1"},
				"west": {"uv": [6.5, 9.25, 2.25, 9.5], "rotation": 90, "texture": "#1"},
				"up": {"uv": [9.5, 2, 12.75, 1.75], "texture": "#1"},
				"down": {"uv": [9.5, 1.75, 12.75, 1.5], "rotation": 180, "texture": "#1"}
			}
		},
		{
			"from": [5.84867, -3.88566, 3.12834],
			"to": [18.84867, 13.11434, 4.12834],
			"rotation": {"angle": -22.5, "axis": "y", "origin": [8, 42.24302, 9.62868]},
			"faces": {
				"north": {"uv": [6.5, 4.25, 3.25, 0], "rotation": 180, "texture": "#1"},
				"east": {"uv": [6.5, 8.5, 2.25, 8.75], "rotation": 270, "texture": "#1"},
				"south": {"uv": [3.25, 0, 0, 4.25], "texture": "#1"},
				"west": {"uv": [6.5, 8.75, 2.25, 9], "rotation": 90, "texture": "#1"},
				"up": {"uv": [9.5, 1.5, 12.75, 1.25], "texture": "#1"},
				"down": {"uv": [9.5, 1.25, 12.75, 1], "rotation": 180, "texture": "#1"}
			}
		},
		{
			"from": [16.09867, -4.38566, 2.87834],
			"to": [19.09867, 13.61434, 3.87834],
			"rotation": {"angle": -22.5, "axis": "y", "origin": [8, 42.24302, 9.62868]},
			"faces": {
				"north": {"uv": [0.75, 13, 0, 8.5], "rotation": 180, "texture": "#1"},
				"east": {"uv": [13.25, 8.5, 8.75, 8.75], "rotation": 270, "texture": "#1"},
				"south": {"uv": [8.75, 8, 8, 12.5], "texture": "#1"},
				"west": {"uv": [13.25, 8.75, 8.75, 9], "rotation": 90, "texture": "#1"},
				"up": {"uv": [9.5, 3.75, 10.25, 3.5], "texture": "#1"},
				"down": {"uv": [9.5, 3.5, 10.25, 3.25], "rotation": 180, "texture": "#1"}
			}
		},
		{
			"from": [-3.09867, -4.38566, 2.87834],
			"to": [-0.09867, 13.61434, 3.87834],
			"rotation": {"angle": 22.5, "axis": "y", "origin": [8, 42.24302, 9.62868]},
			"faces": {
				"north": {"uv": [2.25, 13, 1.5, 8.5], "rotation": 180, "texture": "#1"},
				"east": {"uv": [13.25, 9, 8.75, 9.25], "rotation": 270, "texture": "#1"},
				"south": {"uv": [1.5, 8.5, 0.75, 13], "texture": "#1"},
				"west": {"uv": [13.25, 9.25, 8.75, 9.5], "rotation": 90, "texture": "#1"},
				"up": {"uv": [9.5, 4.25, 10.25, 4], "texture": "#1"},
				"down": {"uv": [9.5, 4, 10.25, 3.75], "rotation": 180, "texture": "#1"}
			}
		},
		{
			"from": [6.5, -4.38566, 2.79987],
			"to": [9.5, 13.61434, 3.79987],
			"rotation": {"angle": 0, "axis": "y", "origin": [8, 42.24302, 9.62868]},
			"faces": {
				"north": {"uv": [8, 12.5, 7.25, 8], "rotation": 180, "texture": "#1"},
				"east": {"uv": [13.25, 8, 8.75, 8.25], "rotation": 270, "texture": "#1"},
				"south": {"uv": [7.25, 8, 6.5, 12.5], "texture": "#1"},
				"west": {"uv": [13.25, 8.25, 8.75, 8.5], "rotation": 90, "texture": "#1"},
				"up": {"uv": [9.5, 3.25, 10.25, 3], "texture": "#1"},
				"down": {"uv": [9.5, 3, 10.25, 2.75], "rotation": 180, "texture": "#1"}
			}
		},
		{
			"from": [5.74867, -3.38566, 4.12834],
			"to": [17.74867, 12.61434, 5.12834],
			"rotation": {"angle": -22.5, "axis": "y", "origin": [8, 42.24302, 9.62868]},
			"faces": {
				"east": {"uv": [13.5, 0.5, 9.5, 0.75], "rotation": 270, "texture": "#1"},
				"south": {"uv": [9.5, 4, 6.5, 8], "texture": "#1"},
				"west": {"uv": [13.5, 0.75, 9.5, 1], "rotation": 90, "texture": "#1"},
				"up": {"uv": [9.5, 2.75, 12.5, 2.5], "texture": "#1"},
				"down": {"uv": [9.5, 2.5, 12.5, 2.25], "rotation": 180, "texture": "#1"}
			}
		},
		{
			"from": [13, 3.5, 15.5],
			"to": [17, 24.5, 15.5],
			"rotation": {"angle": 45, "axis": "x", "origin": [15, 14, 15.5]},
			"faces": {
				"north": {"uv": [14.875, 16, 12.5, 1.75], "rotation": 180, "texture": "#2"},
				"east": {"uv": [5, 0, 0, 0], "rotation": 90, "texture": "#2"},
				"south": {"uv": [14.875, 1.75, 12.5, 16], "texture": "#2"},
				"west": {"uv": [5, 0, 0, 0], "rotation": 270, "texture": "#2"},
				"up": {"uv": [0.75, 0, 0, 0], "texture": "#2"},
				"down": {"uv": [0.75, 0, 0, 0], "rotation": 180, "texture": "#2"}
			}
		},
		{
			"from": [-2, 2.23223, 15.26777],
			"to": [1, 18.23223, 15.26777],
			"rotation": {"angle": 45, "axis": "x", "origin": [-0.5, 10.23223, 15.26777]},
			"faces": {
				"north": {"uv": [14.875, 16, 12.5, 1.75], "rotation": 180, "texture": "#2"},
				"east": {"uv": [5, 0, 0, 0], "rotation": 90, "texture": "#2"},
				"south": {"uv": [14.875, 1.75, 12.5, 16], "texture": "#2"},
				"west": {"uv": [5, 0, 0, 0], "rotation": 270, "texture": "#2"},
				"up": {"uv": [0.75, 0, 0, 0], "texture": "#2"},
				"down": {"uv": [0.75, 0, 0, 0], "rotation": 180, "texture": "#2"}
			}
		},
		{
			"from": [10, 0.54182, 11.19867],
			"to": [12, 13.54182, 11.19867],
			"rotation": {"angle": 45, "axis": "x", "origin": [11, 7.04182, 11.19867]},
			"faces": {
				"north": {"uv": [14.875, 16, 12.5, 1.75], "rotation": 180, "texture": "#2"},
				"east": {"uv": [5, 0, 0, 0], "rotation": 90, "texture": "#2"},
				"south": {"uv": [14.875, 1.75, 12.5, 16], "texture": "#2"},
				"west": {"uv": [5, 0, 0, 0], "rotation": 270, "texture": "#2"},
				"up": {"uv": [0.75, 0, 0, 0], "texture": "#2"},
				"down": {"uv": [0.75, 0, 0, 0], "rotation": 180, "texture": "#2"}
			}
		}
	],
	"gui_light": "front",
	"display": {
		"thirdperson_righthand": {
			"rotation": [20, 0, 0],
			"translation": [0, 8.25, 4.25],
			"scale": [0.5, 0.5, 0.5]
		},
		"thirdperson_lefthand": {
			"rotation": [20, 0, 0],
			"translation": [0, 8.25, 4.25],
			"scale": [0.5, 0.5, 0.5]
		},
		"firstperson_righthand": {
			"rotation": [-57, 0, 0],
			"translation": [7.25, 0.5, -6.5],
			"scale": [0.5, 0.5, 0.5]
		},
		"firstperson_lefthand": {
			"rotation": [-57, 0, 0],
			"translation": [7.25, 0.5, -6.5],
			"scale": [0.5, 0.5, 0.5]
		},
		"ground": {
			"rotation": [-56, 0, 0],
			"translation": [0, 2.75, 0],
			"scale": [0.5, 0.5, 0.5]
		},
		"gui": {
			"rotation": [108, -180, -180],
			"translation": [0, -1.75, 0],
			"scale": [0.6, 0.6, 0.6]
		},
		"head": {
			"rotation": [144, -180, -180],
			"translation": [0, -15, -19]
		},
		"fixed": {
			"rotation": [-147, 0, -180],
			"translation": [0, -8.25, -10]
		}
	}
}