{
	"credit": "Made with Blockbench",
	"texture_size": [128, 128],
	"textures": {
		"4": "default/398-1",
		"5": "default/398"
	},
	"elements": [
		{
			"from": [2, -16, -0.5],
			"to": [14, 4, 17.5],
			"rotation": {"angle": 0, "axis": "y", "origin": [12, 2, -1.5]},
			"faces": {
				"north": {"uv": [0.004, 6.129, 1.496, 8.621], "texture": "#5"},
				"east": {"uv": [0.004, 0.004, 2.246, 2.496], "texture": "#5"},
				"south": {"uv": [6.879, 3.754, 8.371, 6.246], "texture": "#5"},
				"west": {"uv": [2.246, 0.004, 0.004, 2.496], "texture": "#5"},
				"up": {"uv": [9.871, 9.996, 8.379, 7.754], "texture": "#5"},
				"down": {"uv": [1.496, 8.629, 0.004, 10.871], "texture": "#5"}
			}
		},
		{
			"from": [14, 0, 0],
			"to": [22, 6, 17],
			"rotation": {"angle": 0, "axis": "y", "origin": [13, 4, 0]},
			"faces": {
				"north": {"uv": [9.629, 13.004, 10.621, 13.746], "texture": "#5"},
				"east": {"uv": [9.629, 11.879, 11.746, 12.621], "texture": "#5"},
				"south": {"uv": [10.629, 13.004, 11.621, 13.746], "texture": "#5"},
				"west": {"uv": [12.004, 7.629, 14.121, 8.371], "texture": "#5"},
				"up": {"uv": [11.121, 5.871, 10.129, 3.754], "texture": "#5"}
			}
		},
		{
			"from": [5, -6, -1],
			"to": [10, -1, 1],
			"rotation": {"angle": 45, "axis": "z", "origin": [8, -3, 0.5]},
			"faces": {
				"north": {"uv": [1.504, 2.504, 2.121, 3.121], "texture": "#5"},
				"east": {"uv": [9.629, 10.004, 9.871, 10.621], "texture": "#5"},
				"south": {"uv": [3.754, 2.254, 4.371, 2.871], "texture": "#5"},
				"west": {"uv": [3.254, 10.754, 3.496, 11.371], "texture": "#5"},
				"up": {"uv": [8.121, 9.996, 7.504, 9.754], "texture": "#5"},
				"down": {"uv": [1.496, 11.254, 0.879, 11.496], "texture": "#5"}
			}
		},
		{
			"from": [7, -6, -1.5],
			"to": [11, -3, 1.5],
			"rotation": {"angle": 45, "axis": "z", "origin": [9, -3, 0]},
			"faces": {
				"north": {"uv": [1.504, 3.129, 1.996, 3.496], "texture": "#5"},
				"east": {"uv": [6.504, 8.254, 6.871, 8.621], "texture": "#5"},
				"south": {"uv": [5.754, 1.879, 6.246, 2.246], "texture": "#5"},
				"west": {"uv": [3.254, 11.379, 3.621, 11.746], "texture": "#5"},
				"up": {"uv": [6.496, 8.621, 6.004, 8.254], "texture": "#5"},
				"down": {"uv": [5.996, 10.629, 5.504, 10.996], "texture": "#5"}
			}
		},
		{
			"from": [14.78669, -12, -1],
			"to": [26.78669, 3, 18],
			"rotation": {"angle": 22.5, "axis": "z", "origin": [22.28669, -6.03699, 8]},
			"faces": {
				"north": {"uv": [8.129, 0.004, 9.621, 1.871], "texture": "#5"},
				"east": {"uv": [4.504, 4.504, 6.871, 6.371], "texture": "#5"},
				"south": {"uv": [6.004, 8.629, 7.496, 10.496], "texture": "#5"},
				"west": {"uv": [5.754, 0.004, 8.121, 1.871], "texture": "#5"},
				"up": {"uv": [8.371, 8.621, 6.879, 6.254], "texture": "#5"},
				"down": {"uv": [2.996, 7.254, 1.504, 9.621], "texture": "#5"}
			}
		},
		{
			"from": [5, -6, -1.5],
			"to": [9, -3, 1.5],
			"rotation": {"angle": -45, "axis": "z", "origin": [7, -3, 0]},
			"faces": {
				"north": {"uv": [0.879, 10.879, 1.371, 11.246], "texture": "#5"},
				"east": {"uv": [5.504, 11.379, 5.871, 11.746], "texture": "#5"},
				"south": {"uv": [5.504, 11.004, 5.996, 11.371], "texture": "#5"},
				"west": {"uv": [0.879, 11.504, 1.246, 11.871], "texture": "#5"},
				"up": {"uv": [11.496, 10.996, 11.004, 10.629], "texture": "#5"},
				"down": {"uv": [7.496, 11.129, 7.004, 11.496], "texture": "#5"}
			}
		},
		{
			"from": [-10.78669, -12, -1],
			"to": [1.21331, 3, 18],
			"rotation": {"angle": -22.5, "axis": "z", "origin": [-6.28669, -6.03699, 8]},
			"faces": {
				"north": {"uv": [8.879, 1.879, 10.371, 3.746], "texture": "#5"},
				"east": {"uv": [4.504, 6.379, 6.871, 8.246], "texture": "#5"},
				"south": {"uv": [9.629, 0.004, 11.121, 1.871], "texture": "#5"},
				"west": {"uv": [6.504, 1.879, 8.871, 3.746], "texture": "#5"},
				"up": {"uv": [4.496, 9.621, 3.004, 7.254], "texture": "#5"},
				"down": {"uv": [5.996, 8.254, 4.504, 10.621], "texture": "#5"}
			}
		},
		{
			"from": [-6, 0, 0],
			"to": [2, 6, 17],
			"rotation": {"angle": 0, "axis": "y", "origin": [3, 4, 0]},
			"faces": {
				"north": {"uv": [11.629, 12.879, 12.621, 13.621], "texture": "#5"},
				"east": {"uv": [11.754, 10.629, 13.871, 11.371], "texture": "#5"},
				"south": {"uv": [12.629, 12.879, 13.621, 13.621], "texture": "#5"},
				"west": {"uv": [11.754, 11.379, 13.871, 12.121], "texture": "#5"},
				"up": {"uv": [9.621, 12.121, 8.629, 10.004], "texture": "#5"}
			}
		},
		{
			"from": [10.6005, 18.93503, -0.5],
			"to": [17.6005, 27.93503, 16.5],
			"rotation": {"angle": 45, "axis": "z", "origin": [22, 19.53554, 8]},
			"faces": {
				"north": {"uv": [7.504, 8.629, 8.371, 9.746], "texture": "#5"},
				"east": {"uv": [1.504, 9.629, 3.621, 10.746], "texture": "#5"},
				"south": {"uv": [8.754, 12.129, 9.621, 13.246], "texture": "#5"},
				"west": {"uv": [9.879, 7.754, 11.996, 8.871], "texture": "#5"},
				"up": {"uv": [5.496, 12.746, 4.629, 10.629], "texture": "#5"},
				"down": {"uv": [2.371, 10.754, 1.504, 12.871], "texture": "#5"}
			}
		},
		{
			"from": [-1.6005, 18.93503, -0.5],
			"to": [5.3995, 27.93503, 16.5],
			"rotation": {"angle": -45, "axis": "z", "origin": [-6, 19.53554, 8]},
			"faces": {
				"north": {"uv": [8.371, 8.629, 7.504, 9.746], "texture": "#5"},
				"east": {"uv": [11.996, 7.754, 9.879, 8.871], "texture": "#5"},
				"south": {"uv": [9.621, 12.129, 8.754, 13.246], "texture": "#5"},
				"west": {"uv": [3.621, 9.629, 1.504, 10.746], "texture": "#5"},
				"up": {"uv": [4.629, 12.746, 5.496, 10.629], "texture": "#5"},
				"down": {"uv": [1.504, 10.754, 2.371, 12.871], "texture": "#5"}
			}
		},
		{
			"from": [7.91421, 17.44975, -0.5],
			"to": [14.91421, 24.44975, 16.5],
			"rotation": {"angle": 45, "axis": "z", "origin": [8, 17.53554, 8]},
			"faces": {
				"north": {"uv": [3.629, 9.629, 4.496, 10.496], "texture": "#5"},
				"east": {"uv": [11.004, 9.754, 13.121, 10.621], "texture": "#5"},
				"south": {"uv": [5.504, 12.379, 6.371, 13.246], "texture": "#5"},
				"west": {"uv": [11.129, 0.004, 13.246, 0.871], "texture": "#5"},
				"up": {"uv": [3.246, 12.871, 2.379, 10.754], "texture": "#5"},
				"down": {"uv": [0.871, 10.879, 0.004, 12.996], "texture": "#5"}
			}
		},
		{
			"from": [1, 12, 0],
			"to": [15, 18, 16],
			"rotation": {"angle": 0, "axis": "y", "origin": [0, 12, 0]},
			"faces": {
				"north": {"uv": [7.004, 12.129, 8.746, 12.871], "texture": "#5"},
				"east": {"uv": [12.129, 6.004, 14.121, 6.746], "texture": "#5"},
				"south": {"uv": [11.754, 12.129, 13.496, 12.871], "texture": "#5"},
				"west": {"uv": [12.129, 6.754, 14.121, 7.496], "texture": "#5"},
				"up": {"uv": [10.121, 5.746, 8.379, 3.754], "texture": "#5"},
				"down": {"uv": [10.121, 5.754, 8.379, 7.746], "texture": "#5"}
			}
		},
		{
			"from": [0, 11, -1],
			"to": [16, 14, 17],
			"rotation": {"angle": 0, "axis": "y", "origin": [0, 11, 0]},
			"faces": {
				"north": {"uv": [9.629, 12.629, 11.621, 12.996], "texture": "#5"},
				"east": {"uv": [11.379, 3.379, 13.621, 3.746], "texture": "#5"},
				"south": {"uv": [3.254, 12.754, 5.246, 13.121], "texture": "#5"},
				"west": {"uv": [12.004, 8.379, 14.246, 8.746], "texture": "#5"},
				"up": {"uv": [5.746, 2.246, 3.754, 0.004], "texture": "#5"},
				"down": {"uv": [6.496, 2.254, 4.504, 4.496], "texture": "#5"}
			}
		},
		{
			"from": [16.5, 6, -1.25],
			"to": [16.51, 12, 17.75],
			"rotation": {"angle": 0, "axis": "y", "origin": [0.5, 9, -0.25]},
			"faces": {
				"north": {"uv": [14.754, 1.129, 14.746, 2.996], "texture": "#5"},
				"east": {"uv": [11.129, 0.879, 13.496, 1.621], "texture": "#5"},
				"south": {"uv": [14.754, 1.129, 14.746, 2.996], "texture": "#5"},
				"west": {"uv": [11.129, 3.754, 13.496, 4.496], "texture": "#5"},
				"up": {"uv": [14.754, 1.129, 14.746, 2.996], "texture": "#5"},
				"down": {"uv": [14.754, 1.129, 14.746, 2.996], "texture": "#5"}
			}
		},
		{
			"from": [8.5, 8, 17.45],
			"to": [16.5, 14, 17.45],
			"rotation": {"angle": 0, "axis": "y", "origin": [0.5, 11, 18.45]},
			"faces": {
				"north": {"uv": [0.879, 12.879, 1.871, 13.621], "texture": "#5"},
				"east": {"uv": [14.754, 1.129, 14.746, 2.996], "texture": "#5"},
				"south": {"uv": [1.879, 12.879, 2.871, 13.621], "texture": "#5"},
				"west": {"uv": [14.754, 1.129, 14.746, 2.996], "texture": "#5"},
				"up": {"uv": [14.754, 1.129, 14.746, 2.996], "texture": "#5"},
				"down": {"uv": [14.754, 1.129, 14.746, 2.996], "texture": "#5"}
			}
		},
		{
			"from": [4, 19, -1],
			"to": [12, 32, -0.99],
			"rotation": {"angle": 0, "axis": "y", "origin": [8, 12, -1]},
			"faces": {
				"north": {"uv": [11.129, 6.004, 12.121, 7.621], "texture": "#5"},
				"east": {"uv": [14.754, 1.129, 14.746, 2.996], "texture": "#5"},
				"south": {"uv": [11.379, 1.629, 12.371, 3.246], "texture": "#5"},
				"west": {"uv": [14.754, 1.129, 14.746, 2.996], "texture": "#5"},
				"up": {"uv": [14.754, 1.129, 14.746, 2.996], "texture": "#5"},
				"down": {"uv": [14.754, 1.129, 14.746, 2.996], "texture": "#5"}
			}
		},
		{
			"from": [13.14267, 10.90015, -1.25],
			"to": [21.14267, 25.90015, -1.24],
			"rotation": {"angle": -22.5, "axis": "z", "origin": [15.43366, 16.16661, -1.25]},
			"faces": {
				"north": {"uv": [10.129, 5.879, 11.121, 7.746], "texture": "#5"},
				"east": {"uv": [14.746, 1.129, 14.746, 2.996], "texture": "#5"},
				"south": {"uv": [10.379, 1.879, 11.371, 3.746], "texture": "#5"},
				"west": {"uv": [14.746, 1.129, 14.746, 2.996], "texture": "#5"},
				"up": {"uv": [14.754, 1.129, 14.746, 2.996], "texture": "#5"},
				"down": {"uv": [14.754, 1.129, 14.746, 2.996], "texture": "#5"}
			}
		},
		{
			"from": [8, 19, -1],
			"to": [11, 24, -1],
			"rotation": {"angle": -22.5, "axis": "z", "origin": [9, 12, -1]},
			"faces": {
				"north": {"uv": [3.754, 2.879, 4.121, 3.496], "texture": "#5"},
				"east": {"uv": [14.754, 1.129, 14.746, 2.996], "texture": "#5"},
				"south": {"uv": [4.129, 2.879, 4.496, 3.496], "texture": "#5"},
				"west": {"uv": [14.754, 1.129, 14.746, 2.996], "texture": "#5"},
				"up": {"uv": [14.754, 1.129, 14.746, 2.996], "texture": "#5"},
				"down": {"uv": [14.754, 1.129, 14.746, 2.996], "texture": "#5"}
			}
		},
		{
			"from": [12.21613, 15.8908, -1.75],
			"to": [14.21613, 17.8908, -0.75],
			"rotation": {"angle": 45, "axis": "z", "origin": [15.93366, 16.16661, -1.25]},
			"faces": {
				"north": {"uv": [2.004, 3.129, 2.246, 3.371], "texture": "#5"},
				"east": {"uv": [2.129, 2.504, 2.246, 2.746], "texture": "#5"},
				"south": {"uv": [2.004, 3.379, 2.246, 3.621], "texture": "#5"},
				"west": {"uv": [2.129, 2.754, 2.246, 2.996], "texture": "#5"},
				"up": {"uv": [1.746, 3.621, 1.504, 3.504], "texture": "#5"},
				"down": {"uv": [1.996, 3.504, 1.754, 3.621], "texture": "#5"}
			}
		},
		{
			"from": [6.71613, 14.8908, 16.7],
			"to": [8.71613, 16.8908, 18.7],
			"rotation": {"angle": 45, "axis": "z", "origin": [10.43366, 15.16661, 18.2]},
			"faces": {
				"north": {"uv": [6.254, 1.879, 6.496, 2.121], "texture": "#5"},
				"east": {"uv": [8.129, 9.754, 8.371, 9.996], "texture": "#5"},
				"south": {"uv": [9.629, 10.629, 9.871, 10.871], "texture": "#5"},
				"west": {"uv": [11.129, 1.629, 11.371, 1.871], "texture": "#5"},
				"up": {"uv": [1.496, 11.746, 1.254, 11.504], "texture": "#5"},
				"down": {"uv": [7.246, 11.504, 7.004, 11.746], "texture": "#5"}
			}
		},
		{
			"from": [10, -13, 18.55],
			"to": [22, 16, 18.56],
			"rotation": {"angle": 22.5, "axis": "z", "origin": [16, 1.5, 18.55]},
			"faces": {
				"north": {"uv": [2.254, 0.004, 3.746, 3.621], "texture": "#5"},
				"east": {"uv": [14.746, 1.129, 14.746, 2.996], "texture": "#5"},
				"south": {"uv": [0.004, 2.504, 1.496, 6.121], "texture": "#5"},
				"west": {"uv": [14.746, 1.129, 14.746, 2.996], "texture": "#5"},
				"up": {"uv": [14.746, 1.129, 14.746, 2.996], "texture": "#5"},
				"down": {"uv": [14.746, 1.129, 14.746, 2.996], "texture": "#5"}
			}
		},
		{
			"from": [5, 19, -1],
			"to": [8, 24, -1],
			"rotation": {"angle": 22.5, "axis": "z", "origin": [7, 12, -1]},
			"faces": {
				"north": {"uv": [6.504, 3.754, 6.871, 4.371], "texture": "#5"},
				"east": {"uv": [14.754, 1.129, 14.746, 2.996], "texture": "#5"},
				"south": {"uv": [7.004, 10.504, 7.371, 11.121], "texture": "#5"},
				"west": {"uv": [14.754, 1.129, 14.746, 2.996], "texture": "#5"},
				"up": {"uv": [14.754, 1.129, 14.746, 2.996], "texture": "#5"},
				"down": {"uv": [14.754, 1.129, 14.746, 2.996], "texture": "#5"}
			}
		},
		{
			"from": [-5.14267, 10.90015, -1.25],
			"to": [2.85733, 25.90015, -1.24],
			"rotation": {"angle": 22.5, "axis": "z", "origin": [0.56634, 16.16661, -1.25]},
			"faces": {
				"north": {"uv": [6.004, 10.504, 6.996, 12.371], "texture": "#5"},
				"east": {"uv": [14.746, 1.129, 14.746, 2.996], "texture": "#5"},
				"south": {"uv": [3.629, 10.629, 4.621, 12.496], "texture": "#5"},
				"west": {"uv": [14.746, 1.129, 14.746, 2.996], "texture": "#5"},
				"up": {"uv": [14.754, 1.129, 14.746, 2.996], "texture": "#5"},
				"down": {"uv": [14.754, 1.129, 14.746, 2.996], "texture": "#5"}
			}
		},
		{
			"from": [1.78387, 15.8908, -1.75],
			"to": [3.78387, 17.8908, -0.75],
			"rotation": {"angle": -45, "axis": "z", "origin": [0.06634, 16.16661, -1.25]},
			"faces": {
				"north": {"uv": [7.254, 11.504, 7.496, 11.746], "texture": "#5"},
				"east": {"uv": [4.379, 2.254, 4.496, 2.496], "texture": "#5"},
				"south": {"uv": [11.504, 10.629, 11.746, 10.871], "texture": "#5"},
				"west": {"uv": [4.379, 2.504, 4.496, 2.746], "texture": "#5"},
				"up": {"uv": [3.996, 3.621, 3.754, 3.504], "texture": "#5"},
				"down": {"uv": [4.246, 3.504, 4.004, 3.621], "texture": "#5"}
			}
		},
		{
			"from": [-0.5, 6, -1.25],
			"to": [-0.49, 12, 17.75],
			"rotation": {"angle": 0, "axis": "y", "origin": [15.5, 9, -0.25]},
			"faces": {
				"north": {"uv": [14.754, 1.129, 14.746, 2.996], "texture": "#5"},
				"east": {"uv": [11.129, 4.504, 13.496, 5.246], "texture": "#5"},
				"south": {"uv": [14.754, 1.129, 14.746, 2.996], "texture": "#5"},
				"west": {"uv": [11.129, 5.254, 13.496, 5.996], "texture": "#5"},
				"up": {"uv": [14.754, 1.129, 14.746, 2.996], "texture": "#5"},
				"down": {"uv": [14.754, 1.129, 14.746, 2.996], "texture": "#5"}
			}
		},
		{
			"from": [-6, -13, 18.45],
			"to": [6, 16, 18.46],
			"rotation": {"angle": -22.5, "axis": "z", "origin": [0, 1.5, 18.45]},
			"faces": {
				"north": {"uv": [1.504, 3.629, 2.996, 7.246], "texture": "#5"},
				"east": {"uv": [14.746, 1.129, 14.746, 2.996], "texture": "#5"},
				"south": {"uv": [3.004, 3.629, 4.496, 7.246], "texture": "#5"},
				"west": {"uv": [14.746, 1.129, 14.746, 2.996], "texture": "#5"},
				"up": {"uv": [14.746, 1.129, 14.746, 2.996], "texture": "#5"},
				"down": {"uv": [14.746, 1.129, 14.746, 2.996], "texture": "#5"}
			}
		},
		{
			"from": [-0.5, 8, 17.45],
			"to": [7.5, 14, 17.45],
			"rotation": {"angle": 0, "axis": "y", "origin": [15.5, 11, 18.45]},
			"faces": {
				"north": {"uv": [6.379, 12.879, 7.371, 13.621], "texture": "#5"},
				"east": {"uv": [0.004, 0.004, -0.004, 0.746], "texture": "#5"},
				"south": {"uv": [7.379, 12.879, 8.371, 13.621], "texture": "#5"},
				"west": {"uv": [0.004, 0.004, -0.004, 0.746], "texture": "#5"},
				"up": {"uv": [0.996, 0.004, 0.004, -0.004], "texture": "#5"},
				"down": {"uv": [0.996, 0.004, 0.004, -0.004], "texture": "#5"}
			}
		},
		{
			"from": [-11, -15.35357, 32],
			"to": [25, 20.64643, 32],
			"rotation": {"angle": 22.5, "axis": "x", "origin": [7, 44.51472, 88.58579]},
			"faces": {
				"north": {"uv": [1.379, 0.879, 9.621, 9.121], "rotation": 180, "texture": "#4"},
				"east": {"uv": [0.004, 0.004, 3.996, -0.004], "rotation": 90, "texture": "#4"},
				"south": {"uv": [9.621, 0.879, 1.379, 9.121], "rotation": 180, "texture": "#4"},
				"west": {"uv": [0.004, 0.004, 3.996, -0.004], "rotation": 270, "texture": "#4"},
				"up": {"uv": [0.004, 0.004, 3.996, -0.004], "texture": "#4"},
				"down": {"uv": [0.004, 0.004, 3.996, -0.004], "rotation": 180, "texture": "#4"}
			}
		}
	],
	"gui_light": "front",
	"display": {
		"thirdperson_righthand": {
			"rotation": [42, 0, 0],
			"translation": [0, 1.75, 0],
			"scale": [0.3, 0.3, 0.3]
		},
		"thirdperson_lefthand": {
			"rotation": [42, 0, 0],
			"translation": [0, 1.75, 0],
			"scale": [0.3, 0.3, 0.3]
		},
		"firstperson_righthand": {
			"translation": [5.25, 0, -3.5],
			"scale": [0.3, 0.3, 0.3]
		},
		"firstperson_lefthand": {
			"translation": [5.25, 0, -3.5],
			"scale": [0.3, 0.3, 0.3]
		},
		"ground": {
			"translation": [0, 7.5, 0],
			"scale": [0.35, 0.35, 0.35]
		},
		"gui": {
			"rotation": [12, -147, 0],
			"translation": [1, -1.5, 0],
			"scale": [0.25, 0.25, 0.25]
		},
		"head": {
			"translation": [0, -3, -0.25]
		},
		"fixed": {
			"translation": [0, 0, -26.5]
		}
	},
	"groups": [
		0,
		1,
		2,
		3,
		4,
		5,
		6,
		7,
		{
			"name": "신관모자2",
			"origin": [8, 8, 8],
			"color": 0,
			"children": [8, 9, 10, 11, 12, 13, 14, 15, 16, 17, 18, 19, 20, 21, 22, 23, 24, 25, 26]
		},
		27
	]
}