{
	"credit": "Made with Blockbench",
	"texture_size": [128, 128],
	"textures": {
		"5": "default/398r"
	},
	"elements": [
		{
			"from": [-6, 0, 0],
			"to": [2, 6, 17],
			"rotation": {"angle": 0, "axis": "y", "origin": [3, 4, 0]},
			"faces": {
				"north": {"uv": [11.629, 12.879, 12.621, 13.621], "texture": "#5"},
				"east": {"uv": [11.754, 10.629, 13.871, 11.371], "texture": "#5"},
				"south": {"uv": [12.629, 12.879, 13.621, 13.621], "texture": "#5"},
				"west": {"uv": [11.754, 11.379, 13.871, 12.121], "texture": "#5"},
				"up": {"uv": [9.621, 12.121, 8.629, 10.004], "texture": "#5"}
			}
		},
		{
			"from": [2, -16, -0.5],
			"to": [14, 4, 17.5],
			"rotation": {"angle": 0, "axis": "y", "origin": [12, 2, -1.5]},
			"faces": {
				"north": {"uv": [0.004, 6.129, 1.496, 8.621], "texture": "#5"},
				"east": {"uv": [0.004, 0.004, 2.246, 2.496], "texture": "#5"},
				"south": {"uv": [6.879, 3.754, 8.371, 6.246], "texture": "#5"},
				"west": {"uv": [2.246, 0.004, 0.004, 2.496], "texture": "#5"},
				"up": {"uv": [9.871, 9.996, 8.379, 7.754], "texture": "#5"},
				"down": {"uv": [1.496, 8.629, 0.004, 10.871], "texture": "#5"}
			}
		},
		{
			"from": [14, 0, 0],
			"to": [22, 6, 17],
			"rotation": {"angle": 0, "axis": "y", "origin": [13, 4, 0]},
			"faces": {
				"north": {"uv": [9.629, 13.004, 10.621, 13.746], "texture": "#5"},
				"east": {"uv": [9.629, 11.879, 11.746, 12.621], "texture": "#5"},
				"south": {"uv": [10.629, 13.004, 11.621, 13.746], "texture": "#5"},
				"west": {"uv": [12.004, 7.629, 14.121, 8.371], "texture": "#5"},
				"up": {"uv": [11.121, 5.871, 10.129, 3.754], "texture": "#5"}
			}
		},
		{
			"from": [5, -6, -1],
			"to": [10, -1, 1],
			"rotation": {"angle": 45, "axis": "z", "origin": [8, -3, 0.5]},
			"faces": {
				"north": {"uv": [1.504, 2.504, 2.121, 3.121], "texture": "#5"},
				"east": {"uv": [9.629, 10.004, 9.871, 10.621], "texture": "#5"},
				"south": {"uv": [3.754, 2.254, 4.371, 2.871], "texture": "#5"},
				"west": {"uv": [3.254, 10.754, 3.496, 11.371], "texture": "#5"},
				"up": {"uv": [8.121, 9.996, 7.504, 9.754], "texture": "#5"},
				"down": {"uv": [1.496, 11.254, 0.879, 11.496], "texture": "#5"}
			}
		},
		{
			"from": [7, -6, -1.5],
			"to": [11, -3, 1.5],
			"rotation": {"angle": 45, "axis": "z", "origin": [9, -3, 0]},
			"faces": {
				"north": {"uv": [1.504, 3.129, 1.996, 3.496], "texture": "#5"},
				"east": {"uv": [6.504, 8.254, 6.871, 8.621], "texture": "#5"},
				"south": {"uv": [5.754, 1.879, 6.246, 2.246], "texture": "#5"},
				"west": {"uv": [3.254, 11.379, 3.621, 11.746], "texture": "#5"},
				"up": {"uv": [6.496, 8.621, 6.004, 8.254], "texture": "#5"},
				"down": {"uv": [5.996, 10.629, 5.504, 10.996], "texture": "#5"}
			}
		},
		{
			"from": [14.78669, -12, -1],
			"to": [26.78669, 3, 18],
			"rotation": {"angle": 22.5, "axis": "z", "origin": [22.28669, -6.03699, 8]},
			"faces": {
				"north": {"uv": [8.129, 0.004, 9.621, 1.871], "texture": "#5"},
				"east": {"uv": [4.504, 4.504, 6.871, 6.371], "texture": "#5"},
				"south": {"uv": [6.004, 8.629, 7.496, 10.496], "texture": "#5"},
				"west": {"uv": [5.754, 0.004, 8.121, 1.871], "texture": "#5"},
				"up": {"uv": [8.371, 8.621, 6.879, 6.254], "texture": "#5"},
				"down": {"uv": [2.996, 7.254, 1.504, 9.621], "texture": "#5"}
			}
		},
		{
			"from": [5, -6, -1.5],
			"to": [9, -3, 1.5],
			"rotation": {"angle": -45, "axis": "z", "origin": [7, -3, 0]},
			"faces": {
				"north": {"uv": [0.879, 10.879, 1.371, 11.246], "texture": "#5"},
				"east": {"uv": [5.504, 11.379, 5.871, 11.746], "texture": "#5"},
				"south": {"uv": [5.504, 11.004, 5.996, 11.371], "texture": "#5"},
				"west": {"uv": [0.879, 11.504, 1.246, 11.871], "texture": "#5"},
				"up": {"uv": [11.496, 10.996, 11.004, 10.629], "texture": "#5"},
				"down": {"uv": [7.496, 11.129, 7.004, 11.496], "texture": "#5"}
			}
		},
		{
			"from": [-10.78669, -12, -1],
			"to": [1.21331, 3, 18],
			"rotation": {"angle": -22.5, "axis": "z", "origin": [-6.28669, -6.03699, 8]},
			"faces": {
				"north": {"uv": [8.879, 1.879, 10.371, 3.746], "texture": "#5"},
				"east": {"uv": [4.504, 6.379, 6.871, 8.246], "texture": "#5"},
				"south": {"uv": [9.629, 0.004, 11.121, 1.871], "texture": "#5"},
				"west": {"uv": [6.504, 1.879, 8.871, 3.746], "texture": "#5"},
				"up": {"uv": [4.496, 9.621, 3.004, 7.254], "texture": "#5"},
				"down": {"uv": [5.996, 8.254, 4.504, 10.621], "texture": "#5"}
			}
		}
	],
	"gui_light": "front",
	"display": {
		"thirdperson_righthand": {
			"rotation": [42, 0, 0],
			"translation": [0, 1.75, 0],
			"scale": [0.3, 0.3, 0.3]
		},
		"thirdperson_lefthand": {
			"rotation": [42, 0, 0],
			"translation": [0, 1.75, 0],
			"scale": [0.3, 0.3, 0.3]
		},
		"firstperson_righthand": {
			"translation": [5.25, 0, -3.5],
			"scale": [0.3, 0.3, 0.3]
		},
		"firstperson_lefthand": {
			"translation": [5.25, 0, -3.5],
			"scale": [0.3, 0.3, 0.3]
		},
		"ground": {
			"translation": [0, 7.5, 0],
			"scale": [0.35, 0.35, 0.35]
		},
		"gui": {
			"rotation": [12, -147, 0],
			"translation": [0.5, 2.75, 0],
			"scale": [0.25, 0.25, 0.25]
		},
		"head": {
			"translation": [0, -3, -0.25]
		},
		"fixed": {
			"translation": [0, 0, -26.5]
		}
	},
	"groups": [
		{
			"name": "group",
			"origin": [-6.28669, -6.03699, 8],
			"color": 0,
			"children": [0, 1, 2, 3, 4, 5, 6, 7]
		}
	]
}