{"parent":"minecraft:item/generated","textures":{"layer0":"minecraft:item/leather_horse_armor"},"overrides":[{"predicate":{"custom_model_data":1},"model":"modelengine:nocsy_skeleton_archer/hat"},{"predicate":{"custom_model_data":2},"model":"modelengine:nocsy_skeleton_archer/head"},{"predicate":{"custom_model_data":3},"model":"modelengine:nocsy_skeleton_archer/jaw"},{"predicate":{"custom_model_data":4},"model":"modelengine:nocsy_skeleton_archer/iliac"},{"predicate":{"custom_model_data":5},"model":"modelengine:nocsy_skeleton_archer/left_femur"},{"predicate":{"custom_model_data":6},"model":"modelengine:nocsy_skeleton_archer/left_tibia"},{"predicate":{"custom_model_data":7},"model":"modelengine:nocsy_skeleton_archer/right_femur"},{"predicate":{"custom_model_data":8},"model":"modelengine:nocsy_skeleton_archer/right_tibia"},{"predicate":{"custom_model_data":9},"model":"modelengine:nocsy_skeleton_archer/left_arm"},{"predicate":{"custom_model_data":10},"model":"modelengine:nocsy_skeleton_archer/left_mid_arm"},{"predicate":{"custom_model_data":11},"model":"modelengine:nocsy_skeleton_archer/right_arm"},{"predicate":{"custom_model_data":12},"model":"modelengine:nocsy_skeleton_archer/right_mid_arm"},{"predicate":{"custom_model_data":13},"model":"modelengine:nocsy_skeleton_archer/bow"},{"predicate":{"custom_model_data":14},"model":"modelengine:nocsy_skeleton_archer/body"},{"predicate":{"custom_model_data":15},"model":"modelengine:nocsy_skeleton_archer/arrow"},{"predicate":{"custom_model_data":16},"model":"modelengine:nocsy_skeleton_brute1/head"},{"predicate":{"custom_model_data":17},"model":"modelengine:nocsy_skeleton_brute1/jaw"},{"predicate":{"custom_model_data":18},"model":"modelengine:nocsy_skeleton_brute1/iliac"},{"predicate":{"custom_model_data":19},"model":"modelengine:nocsy_skeleton_brute1/left_femur"},{"predicate":{"custom_model_data":20},"model":"modelengine:nocsy_skeleton_brute1/left_tibia"},{"predicate":{"custom_model_data":21},"model":"modelengine:nocsy_skeleton_brute1/right_femur"},{"predicate":{"custom_model_data":22},"model":"modelengine:nocsy_skeleton_brute1/right_tibia"},{"predicate":{"custom_model_data":23},"model":"modelengine:nocsy_skeleton_brute1/right_foot"},{"predicate":{"custom_model_data":24},"model":"modelengine:nocsy_skeleton_brute1/left_arm"},{"predicate":{"custom_model_data":25},"model":"modelengine:nocsy_skeleton_brute1/left_mid_arm"},{"predicate":{"custom_model_data":26},"model":"modelengine:nocsy_skeleton_brute1/right_arm"},{"predicate":{"custom_model_data":27},"model":"modelengine:nocsy_skeleton_brute1/right_mid_arm"},{"predicate":{"custom_model_data":28},"model":"modelengine:nocsy_skeleton_brute1/weapon"},{"predicate":{"custom_model_data":29},"model":"modelengine:nocsy_skeleton_brute1/pectus"},{"predicate":{"custom_model_data":30},"model":"modelengine:nocsy_skeleton_brute1/body"},{"predicate":{"custom_model_data":31},"model":"modelengine:nocsy_skeleton_brute2/head"},{"predicate":{"custom_model_data":32},"model":"modelengine:nocsy_skeleton_brute2/jaw"},{"predicate":{"custom_model_data":33},"model":"modelengine:nocsy_skeleton_brute2/iliac"},{"predicate":{"custom_model_data":34},"model":"modelengine:nocsy_skeleton_brute2/right_femur"},{"predicate":{"custom_model_data":35},"model":"modelengine:nocsy_skeleton_brute2/right_tibia"},{"predicate":{"custom_model_data":36},"model":"modelengine:nocsy_skeleton_brute2/right_foot"},{"predicate":{"custom_model_data":37},"model":"modelengine:nocsy_skeleton_brute2/left_femur"},{"predicate":{"custom_model_data":38},"model":"modelengine:nocsy_skeleton_brute2/left_tibia"},{"predicate":{"custom_model_data":39},"model":"modelengine:nocsy_skeleton_brute2/left_foot"},{"predicate":{"custom_model_data":40},"model":"modelengine:nocsy_skeleton_brute2/left_arm"},{"predicate":{"custom_model_data":41},"model":"modelengine:nocsy_skeleton_brute2/left_mid_arm"},{"predicate":{"custom_model_data":42},"model":"modelengine:nocsy_skeleton_brute2/right_arm"},{"predicate":{"custom_model_data":43},"model":"modelengine:nocsy_skeleton_brute2/right_mid_arm"},{"predicate":{"custom_model_data":44},"model":"modelengine:nocsy_skeleton_brute2/sword"},{"predicate":{"custom_model_data":45},"model":"modelengine:nocsy_skeleton_brute2/pectus"},{"predicate":{"custom_model_data":46},"model":"modelengine:nocsy_skeleton_brute2/body"},{"predicate":{"custom_model_data":47},"model":"modelengine:nocsy_skeleton_necromancer/head"},{"predicate":{"custom_model_data":48},"model":"modelengine:nocsy_skeleton_necromancer/jaw"},{"predicate":{"custom_model_data":49},"model":"modelengine:nocsy_skeleton_necromancer/iliac"},{"predicate":{"custom_model_data":50},"model":"modelengine:nocsy_skeleton_necromancer/right_drap"},{"predicate":{"custom_model_data":51},"model":"modelengine:nocsy_skeleton_necromancer/left_drap"},{"predicate":{"custom_model_data":52},"model":"modelengine:nocsy_skeleton_necromancer/back_drap"},{"predicate":{"custom_model_data":53},"model":"modelengine:nocsy_skeleton_necromancer/front_drap"},{"predicate":{"custom_model_data":54},"model":"modelengine:nocsy_skeleton_necromancer/left_arm"},{"predicate":{"custom_model_data":55},"model":"modelengine:nocsy_skeleton_necromancer/head_chain"},{"predicate":{"custom_model_data":56},"model":"modelengine:nocsy_skeleton_necromancer/lantern"},{"predicate":{"custom_model_data":57},"model":"modelengine:nocsy_skeleton_necromancer/left_mid_arm"},{"predicate":{"custom_model_data":58},"model":"modelengine:nocsy_skeleton_necromancer/right_arm"},{"predicate":{"custom_model_data":59},"model":"modelengine:nocsy_skeleton_necromancer/right_mid_arm"},{"predicate":{"custom_model_data":60},"model":"modelengine:nocsy_skeleton_necromancer/pectus"},{"predicate":{"custom_model_data":61},"model":"modelengine:nocsy_skeleton_necromancer/body"},{"predicate":{"custom_model_data":62},"model":"modelengine:nocsy_skeleton_necromancer/right_manche"},{"predicate":{"custom_model_data":63},"model":"modelengine:nocsy_skeleton_necromancer/left_manche"},{"predicate":{"custom_model_data":64},"model":"modelengine:nocsy_skeleton_skull/head"},{"predicate":{"custom_model_data":65},"model":"modelengine:nocsy_skeleton_skull/wheel"},{"predicate":{"custom_model_data":66},"model":"modelengine:nocsy_skeleton_skull/jaw"},{"predicate":{"custom_model_data":67},"model":"modelengine:nocsy_skeleton_warrior/head"},{"predicate":{"custom_model_data":68},"model":"modelengine:nocsy_skeleton_warrior/jaw"},{"predicate":{"custom_model_data":69},"model":"modelengine:nocsy_skeleton_warrior/iliac"},{"predicate":{"custom_model_data":70},"model":"modelengine:nocsy_skeleton_warrior/left_femur"},{"predicate":{"custom_model_data":71},"model":"modelengine:nocsy_skeleton_warrior/left_tibia"},{"predicate":{"custom_model_data":72},"model":"modelengine:nocsy_skeleton_warrior/right_femur"},{"predicate":{"custom_model_data":73},"model":"modelengine:nocsy_skeleton_warrior/right_tibia"},{"predicate":{"custom_model_data":74},"model":"modelengine:nocsy_skeleton_warrior/left_arm"},{"predicate":{"custom_model_data":75},"model":"modelengine:nocsy_skeleton_warrior/left_mid_arm"},{"predicate":{"custom_model_data":76},"model":"modelengine:nocsy_skeleton_warrior/shield"},{"predicate":{"custom_model_data":77},"model":"modelengine:nocsy_skeleton_warrior/right_arm"},{"predicate":{"custom_model_data":78},"model":"modelengine:nocsy_skeleton_warrior/right_mid_arm"},{"predicate":{"custom_model_data":79},"model":"modelengine:nocsy_skeleton_warrior/body"}]}