{
	"credit": "Made with Blockbench",
	"texture_size": [64, 64],
	"textures": {
		"0": "naniii/assasin_hood",
		"particle": "naniii/assasin_hood"
	},
	"elements": [
		{
			"name": "Voxels",
			"from": [-1, 1, -6],
			"to": [1, 16, 7],
			"faces": {
				"north": {"uv": [6.25, 8, 6.75, 11.75], "texture": "#0"},
				"east": {"uv": [0, 7.5, 3.25, 11.25], "texture": "#0"},
				"south": {"uv": [6.75, 8, 7.25, 11.75], "texture": "#0"},
				"west": {"uv": [7.5, 0, 10.75, 3.75], "texture": "#0"},
				"up": {"uv": [3.75, 14.25, 3.25, 11], "texture": "#0"},
				"down": {"uv": [4.25, 11, 3.75, 14.25], "texture": "#0"}
			}
		},
		{
			"name": "Voxels",
			"from": [-1, 8, 7],
			"to": [2, 15, 8],
			"faces": {
				"north": {"uv": [10.75, 2, 11.5, 3.75], "texture": "#0"},
				"east": {"uv": [9.5, 12.25, 9.75, 14], "texture": "#0"},
				"south": {"uv": [5.25, 11, 6, 12.75], "texture": "#0"},
				"west": {"uv": [9.75, 12.25, 10, 14], "texture": "#0"},
				"up": {"uv": [14.5, 1.5, 13.75, 1.25], "texture": "#0"},
				"down": {"uv": [14.5, 1.5, 13.75, 1.75], "texture": "#0"}
			}
		},
		{
			"name": "Voxels",
			"from": [0, 1, -7],
			"to": [16, 16, -6],
			"faces": {
				"north": {"uv": [0, 0, 4, 3.75], "texture": "#0"},
				"east": {"uv": [1, 11.25, 1.25, 15], "texture": "#0"},
				"south": {"uv": [0, 3.75, 4, 7.5], "texture": "#0"},
				"west": {"uv": [1.25, 11.25, 1.5, 15], "texture": "#0"},
				"up": {"uv": [15.5, 2.25, 11.5, 2], "texture": "#0"},
				"down": {"uv": [15.5, 2.25, 11.5, 2.5], "texture": "#0"}
			}
		},
		{
			"name": "Voxels",
			"from": [0, 1, 7],
			"to": [2, 8, 8],
			"faces": {
				"north": {"uv": [6.25, 12.25, 6.75, 14], "texture": "#0"},
				"east": {"uv": [5.25, 12.75, 5.5, 14.5], "texture": "#0"},
				"south": {"uv": [6.75, 12.25, 7.25, 14], "texture": "#0"},
				"west": {"uv": [5.5, 12.75, 5.75, 14.5], "texture": "#0"},
				"up": {"uv": [10, 14.25, 9.5, 14], "texture": "#0"},
				"down": {"uv": [13.5, 14, 13, 14.25], "texture": "#0"}
			}
		},
		{
			"name": "Voxels",
			"from": [0, 13, 8],
			"to": [1, 17, 9],
			"faces": {
				"north": {"uv": [11, 13.5, 11.25, 14.5], "texture": "#0"},
				"east": {"uv": [11.25, 13.5, 11.5, 14.5], "texture": "#0"},
				"south": {"uv": [11.5, 13.5, 11.75, 14.5], "texture": "#0"},
				"west": {"uv": [11.75, 13.5, 12, 14.5], "texture": "#0"},
				"up": {"uv": [7.5, 14.5, 7.25, 14.25], "texture": "#0"},
				"down": {"uv": [7.75, 14.25, 7.5, 14.5], "texture": "#0"}
			}
		},
		{
			"name": "Voxels",
			"from": [0, 13, 9],
			"to": [1, 16, 10],
			"faces": {
				"north": {"uv": [12, 13.75, 12.25, 14.5], "texture": "#0"},
				"east": {"uv": [12.25, 13.75, 12.5, 14.5], "texture": "#0"},
				"south": {"uv": [12.5, 13.75, 12.75, 14.5], "texture": "#0"},
				"west": {"uv": [12.75, 13.75, 13, 14.5], "texture": "#0"},
				"up": {"uv": [9.75, 14.5, 9.5, 14.25], "texture": "#0"},
				"down": {"uv": [10, 14.25, 9.75, 14.5], "texture": "#0"}
			}
		},
		{
			"name": "Voxels",
			"from": [0, 15, 7],
			"to": [14, 17, 8],
			"faces": {
				"north": {"uv": [10.75, 0, 14.75, 0.5], "texture": "#0"},
				"east": {"uv": [8, 14, 8.25, 14.5], "texture": "#0"},
				"south": {"uv": [10.75, 0.5, 14.75, 1], "texture": "#0"},
				"west": {"uv": [13.5, 14, 13.75, 14.5], "texture": "#0"},
				"up": {"uv": [15.5, 2.75, 11.5, 2.5], "texture": "#0"},
				"down": {"uv": [15.5, 2.75, 11.5, 3], "texture": "#0"}
			}
		},
		{
			"name": "Voxels",
			"from": [0, 16, -7],
			"to": [4, 17, -6],
			"faces": {
				"north": {"uv": [6.25, 11.75, 7.25, 12], "texture": "#0"},
				"east": {"uv": [10.25, 14.25, 10.5, 14.5], "texture": "#0"},
				"south": {"uv": [12, 13.5, 13, 13.75], "texture": "#0"},
				"west": {"uv": [10.5, 14.25, 10.75, 14.5], "texture": "#0"},
				"up": {"uv": [14, 13.75, 13, 13.5], "texture": "#0"},
				"down": {"uv": [14.75, 1, 13.75, 1.25], "texture": "#0"}
			}
		},
		{
			"name": "Voxels",
			"from": [0, 16, -6],
			"to": [2, 17, 7],
			"faces": {
				"north": {"uv": [14, 13.5, 14.5, 13.75], "texture": "#0"},
				"east": {"uv": [12.5, 8.25, 15.75, 8.5], "texture": "#0"},
				"south": {"uv": [13.75, 14, 14.25, 14.25], "texture": "#0"},
				"west": {"uv": [12.5, 8.5, 15.75, 8.75], "texture": "#0"},
				"up": {"uv": [4.75, 14.25, 4.25, 11], "texture": "#0"},
				"down": {"uv": [5.25, 11, 4.75, 14.25], "texture": "#0"}
			}
		},
		{
			"name": "Voxels",
			"from": [1, 1, -8],
			"to": [15, 17, -7],
			"faces": {
				"north": {"uv": [4, 0, 7.5, 4], "texture": "#0"},
				"east": {"uv": [7.25, 8, 7.5, 12], "texture": "#0"},
				"south": {"uv": [4, 4, 7.5, 8], "texture": "#0"},
				"west": {"uv": [6, 11, 6.25, 15], "texture": "#0"},
				"up": {"uv": [16, 7, 12.5, 6.75], "texture": "#0"},
				"down": {"uv": [16, 7, 12.5, 7.25], "texture": "#0"}
			}
		},
		{
			"name": "Voxels",
			"from": [1, 15, 10],
			"to": [4, 16, 11],
			"faces": {
				"north": {"uv": [13.75, 1.75, 14.5, 2], "texture": "#0"},
				"east": {"uv": [10.75, 14.25, 11, 14.5], "texture": "#0"},
				"south": {"uv": [13, 13.75, 13.75, 14], "texture": "#0"},
				"west": {"uv": [13, 14.25, 13.25, 14.5], "texture": "#0"},
				"up": {"uv": [14.5, 14, 13.75, 13.75], "texture": "#0"},
				"down": {"uv": [0.75, 14, 0, 14.25], "texture": "#0"}
			}
		},
		{
			"name": "Voxels",
			"from": [1, 16, 8],
			"to": [16, 17, 9],
			"faces": {
				"north": {"uv": [11.5, 3, 15.25, 3.25], "texture": "#0"},
				"east": {"uv": [13.25, 14.25, 13.5, 14.5], "texture": "#0"},
				"south": {"uv": [11.5, 3.25, 15.25, 3.5], "texture": "#0"},
				"west": {"uv": [13.75, 14.25, 14, 14.5], "texture": "#0"},
				"up": {"uv": [15.25, 3.75, 11.5, 3.5], "texture": "#0"},
				"down": {"uv": [10, 12, 6.25, 12.25], "texture": "#0"}
			}
		},
		{
			"name": "Voxels",
			"from": [1, 16, 9],
			"to": [15, 17, 10],
			"faces": {
				"north": {"uv": [12.5, 7.25, 16, 7.5], "texture": "#0"},
				"east": {"uv": [14, 14.25, 14.25, 14.5], "texture": "#0"},
				"south": {"uv": [12.5, 7.5, 16, 7.75], "texture": "#0"},
				"west": {"uv": [14.25, 14, 14.5, 14.25], "texture": "#0"},
				"up": {"uv": [16, 8, 12.5, 7.75], "texture": "#0"},
				"down": {"uv": [16, 8, 12.5, 8.25], "texture": "#0"}
			}
		},
		{
			"name": "Voxels",
			"from": [2, 17, -6],
			"to": [14, 18, 6],
			"faces": {
				"north": {"uv": [12.5, 8.75, 15.5, 9], "texture": "#0"},
				"east": {"uv": [12.5, 9, 15.5, 9.25], "texture": "#0"},
				"south": {"uv": [12.5, 9.25, 15.5, 9.5], "texture": "#0"},
				"west": {"uv": [12.5, 9.5, 15.5, 9.75], "texture": "#0"},
				"up": {"uv": [6.25, 11, 3.25, 8], "texture": "#0"},
				"down": {"uv": [13.5, 3.75, 10.5, 6.75], "texture": "#0"}
			}
		},
		{
			"name": "Voxels",
			"from": [2, 17, 6],
			"to": [14, 18, 8],
			"faces": {
				"north": {"uv": [12.5, 9.75, 15.5, 10], "texture": "#0"},
				"east": {"uv": [0, 14.25, 0.5, 14.5], "texture": "#0"},
				"south": {"uv": [12.5, 10, 15.5, 10.25], "texture": "#0"},
				"west": {"uv": [1.75, 14.25, 2.25, 14.5], "texture": "#0"},
				"up": {"uv": [13.75, 1.5, 10.75, 1], "texture": "#0"},
				"down": {"uv": [13.75, 1.5, 10.75, 2], "texture": "#0"}
			}
		},
		{
			"name": "Voxels",
			"from": [3, 16, 10],
			"to": [13, 17, 11],
			"faces": {
				"north": {"uv": [7.5, 11.25, 10, 11.5], "texture": "#0"},
				"east": {"uv": [14.25, 14.25, 14.5, 14.5], "texture": "#0"},
				"south": {"uv": [7.5, 11.5, 10, 11.75], "texture": "#0"},
				"west": {"uv": [0, 14.5, 0.25, 14.75], "texture": "#0"},
				"up": {"uv": [10, 12, 7.5, 11.75], "texture": "#0"},
				"down": {"uv": [15, 11.75, 12.5, 12], "texture": "#0"}
			}
		},
		{
			"name": "Voxels",
			"from": [3, 17, -7],
			"to": [13, 18, -6],
			"faces": {
				"north": {"uv": [12.5, 12, 15, 12.25], "texture": "#0"},
				"east": {"uv": [0.25, 14.5, 0.5, 14.75], "texture": "#0"},
				"south": {"uv": [12.5, 12.25, 15, 12.5], "texture": "#0"},
				"west": {"uv": [14.5, 1.25, 14.75, 1.5], "texture": "#0"},
				"up": {"uv": [15, 12.75, 12.5, 12.5], "texture": "#0"},
				"down": {"uv": [13, 12.75, 10.5, 13], "texture": "#0"}
			}
		},
		{
			"name": "Voxels",
			"from": [3, 17, 8],
			"to": [13, 18, 9],
			"faces": {
				"north": {"uv": [10.5, 13, 13, 13.25], "texture": "#0"},
				"east": {"uv": [14.5, 1.5, 14.75, 1.75], "texture": "#0"},
				"south": {"uv": [13, 12.75, 15.5, 13], "texture": "#0"},
				"west": {"uv": [1.75, 14.5, 2, 14.75], "texture": "#0"},
				"up": {"uv": [15.5, 13.25, 13, 13], "texture": "#0"},
				"down": {"uv": [13, 13.25, 10.5, 13.5], "texture": "#0"}
			}
		},
		{
			"name": "Voxels",
			"from": [4, 16, 6],
			"to": [14, 17, 7],
			"faces": {
				"north": {"uv": [12.5, 10.25, 15.5, 10.5], "texture": "#0"},
				"east": {"uv": [14.5, 1.75, 14.75, 2], "texture": "#0"},
				"south": {"uv": [12.5, 10.5, 15.5, 10.75], "texture": "#0"},
				"west": {"uv": [2, 14.5, 2.25, 14.75], "texture": "#0"},
				"up": {"uv": [15.5, 11, 12.5, 10.75], "texture": "#0"},
				"down": {"uv": [15.5, 11, 12.5, 11.25], "texture": "#0"}
			}
		},
		{
			"name": "Voxels",
			"from": [4, 18, -5],
			"to": [12, 19, 7],
			"faces": {
				"north": {"uv": [13.5, 4, 15.5, 4.25], "texture": "#0"},
				"east": {"uv": [12.5, 11.25, 15.5, 11.5], "texture": "#0"},
				"south": {"uv": [13.5, 4.25, 15.5, 4.5], "texture": "#0"},
				"west": {"uv": [12.5, 11.5, 15.5, 11.75], "texture": "#0"},
				"up": {"uv": [12.5, 9.75, 10.5, 6.75], "texture": "#0"},
				"down": {"uv": [12.5, 9.75, 10.5, 12.75], "texture": "#0"}
			}
		},
		{
			"name": "Voxels",
			"from": [12, 15, 10],
			"to": [15, 16, 11],
			"faces": {
				"north": {"uv": [1.75, 14, 2.5, 14.25], "texture": "#0"},
				"east": {"uv": [2.75, 14.5, 3, 14.75], "texture": "#0"},
				"south": {"uv": [14, 4.5, 14.75, 4.75], "texture": "#0"},
				"west": {"uv": [3.25, 14.5, 3.5, 14.75], "texture": "#0"},
				"up": {"uv": [14.75, 5, 14, 4.75], "texture": "#0"},
				"down": {"uv": [14.75, 5, 14, 5.25], "texture": "#0"}
			}
		},
		{
			"name": "Voxels",
			"from": [14, 1, 7],
			"to": [16, 8, 8],
			"faces": {
				"north": {"uv": [7.25, 12.25, 7.75, 14], "texture": "#0"},
				"east": {"uv": [5.75, 12.75, 6, 14.5], "texture": "#0"},
				"south": {"uv": [7.75, 12.25, 8.25, 14], "texture": "#0"},
				"west": {"uv": [1.5, 13.25, 1.75, 15], "texture": "#0"},
				"up": {"uv": [3.75, 14.5, 3.25, 14.25], "texture": "#0"},
				"down": {"uv": [4.25, 14.25, 3.75, 14.5], "texture": "#0"}
			}
		},
		{
			"name": "Voxels",
			"from": [14, 13, 6],
			"to": [17, 16, 8],
			"faces": {
				"north": {"uv": [1.5, 12.5, 2.25, 13.25], "texture": "#0"},
				"east": {"uv": [1.75, 13.25, 2.25, 14], "texture": "#0"},
				"south": {"uv": [2.25, 12.5, 3, 13.25], "texture": "#0"},
				"west": {"uv": [2.25, 13.25, 2.75, 14], "texture": "#0"},
				"up": {"uv": [4, 8, 3.25, 7.5], "texture": "#0"},
				"down": {"uv": [0.75, 13.5, 0, 14], "texture": "#0"}
			}
		},
		{
			"name": "Voxels",
			"from": [13, 16, -7],
			"to": [16, 17, -6],
			"faces": {
				"north": {"uv": [14, 5.25, 14.75, 5.5], "texture": "#0"},
				"east": {"uv": [3.5, 14.5, 3.75, 14.75], "texture": "#0"},
				"south": {"uv": [14, 5.5, 14.75, 5.75], "texture": "#0"},
				"west": {"uv": [3.75, 14.5, 4, 14.75], "texture": "#0"},
				"up": {"uv": [14.75, 6, 14, 5.75], "texture": "#0"},
				"down": {"uv": [14.75, 6, 14, 6.25], "texture": "#0"}
			}
		},
		{
			"name": "Voxels",
			"from": [16, 1, 6],
			"to": [17, 13, 7],
			"faces": {
				"north": {"uv": [10.25, 11.25, 10.5, 14.25], "texture": "#0"},
				"east": {"uv": [8.25, 12.25, 8.5, 15.25], "texture": "#0"},
				"south": {"uv": [8.5, 12.25, 8.75, 15.25], "texture": "#0"},
				"west": {"uv": [8.75, 12.25, 9, 15.25], "texture": "#0"},
				"up": {"uv": [4.25, 14.75, 4, 14.5], "texture": "#0"},
				"down": {"uv": [4.5, 14.5, 4.25, 14.75], "texture": "#0"}
			}
		},
		{
			"name": "Voxels",
			"from": [14, 8, 7],
			"to": [17, 13, 8],
			"faces": {
				"north": {"uv": [1.5, 11.25, 2.25, 12.5], "texture": "#0"},
				"east": {"uv": [2.75, 13.25, 3, 14.5], "texture": "#0"},
				"south": {"uv": [2.25, 11.25, 3, 12.5], "texture": "#0"},
				"west": {"uv": [0.75, 13.5, 1, 14.75], "texture": "#0"},
				"up": {"uv": [7, 14.25, 6.25, 14], "texture": "#0"},
				"down": {"uv": [14.75, 6.25, 14, 6.5], "texture": "#0"}
			}
		},
		{
			"name": "Voxels",
			"from": [14, 16, -6],
			"to": [16, 17, 3],
			"faces": {
				"north": {"uv": [4.25, 14.25, 4.75, 14.5], "texture": "#0"},
				"east": {"uv": [13, 13.25, 15.25, 13.5], "texture": "#0"},
				"south": {"uv": [4.75, 14.25, 5.25, 14.5], "texture": "#0"},
				"west": {"uv": [13.5, 3.75, 15.75, 4], "texture": "#0"},
				"up": {"uv": [0.5, 13.5, 0, 11.25], "texture": "#0"},
				"down": {"uv": [1, 11.25, 0.5, 13.5], "texture": "#0"}
			}
		},
		{
			"name": "Voxels",
			"from": [14, 16, 3],
			"to": [16, 17, 8],
			"faces": {
				"north": {"uv": [6.25, 14.25, 6.75, 14.5], "texture": "#0"},
				"east": {"uv": [14, 6.5, 14.75, 6.75], "texture": "#0"},
				"south": {"uv": [6.75, 14.25, 7.25, 14.5], "texture": "#0"},
				"west": {"uv": [7, 14, 7.75, 14.25], "texture": "#0"},
				"up": {"uv": [14, 5.25, 13.5, 4.5], "texture": "#0"},
				"down": {"uv": [14, 5.25, 13.5, 6], "texture": "#0"}
			}
		},
		{
			"name": "Voxels",
			"from": [15, 13, 8],
			"to": [16, 16, 10],
			"faces": {
				"north": {"uv": [2.5, 14, 2.75, 14.75], "texture": "#0"},
				"east": {"uv": [13.5, 6, 14, 6.75], "texture": "#0"},
				"south": {"uv": [7.75, 14, 8, 14.75], "texture": "#0"},
				"west": {"uv": [10.5, 13.5, 11, 14.25], "texture": "#0"},
				"up": {"uv": [0.75, 14.75, 0.5, 14.25], "texture": "#0"},
				"down": {"uv": [2.5, 14.25, 2.25, 14.75], "texture": "#0"}
			}
		},
		{
			"name": "Voxels",
			"from": [16, 1, -6],
			"to": [17, 16, 6],
			"faces": {
				"north": {"uv": [3, 11.25, 3.25, 15], "texture": "#0"},
				"east": {"uv": [7.5, 3.75, 10.5, 7.5], "texture": "#0"},
				"south": {"uv": [10, 11.25, 10.25, 15], "texture": "#0"},
				"west": {"uv": [7.5, 7.5, 10.5, 11.25], "texture": "#0"},
				"up": {"uv": [9.25, 15.25, 9, 12.25], "texture": "#0"},
				"down": {"uv": [9.5, 12.25, 9.25, 15.25], "texture": "#0"}
			}
		}
	],
	"display": {
		"thirdperson_righthand": {
			"scale": [0.5, 0.5, 0.5]
		},
		"thirdperson_lefthand": {
			"rotation": [2, 0, 0],
			"scale": [0.5, 0.5, 0.5]
		},
		"firstperson_righthand": {
			"scale": [0.5, 0.5, 0.5]
		},
		"firstperson_lefthand": {
			"scale": [0.5, 0.5, 0.5]
		},
		"ground": {
			"translation": [0, 1.5, 0],
			"scale": [0.5, 0.5, 0.5]
		},
		"gui": {
			"scale": [0.5, 0.5, 0.54]
		},
		"head": {
			"rotation": [0, -180, 0],
			"translation": [0, -1.25, -7.75]
		},
		"fixed": {
			"translation": [0, 0, 5.5652],
			"scale": [0.5, 0.5, 0.5]
		}
	},
	"groups": [
		{
			"name": "group",
			"origin": [0, 0, 0],
			"color": 0,
			"children": [0, 1, 2, 3, 4, 5, 6, 7, 8, 9, 10, 11, 12, 13, 14, 15, 16, 17, 18, 19, 20, 21, 22, 23, 24, 25, 26, 27, 28, 29]
		}
	]
}