{
	"credit": "Made with Blockbench",
	"ambientocclusion": false,
	"texture_size": [32, 32],
	"textures": {
		"0": "naniii/foam_sword",
		"particle": "naniii/foam_sword"
	},
	"elements": [
		{
			"from": [7.2, 0, 8.1],
			"to": [7.9, 5.4, 8.9],
			"faces": {
				"north": {"uv": [6.375, 3.516, 6.016, 6.25], "texture": "#0"},
				"east": {"uv": [6.375, 3.516, 6.016, 6.25], "texture": "#0"},
				"south": {"uv": [6.016, 3.516, 6.375, 6.25], "texture": "#0"},
				"west": {"uv": [6.375, 3.516, 6.016, 6.25], "texture": "#0"},
				"down": {"uv": [1.375, 8.016, 1.016, 8.375], "texture": "#0", "cullface": "down"}
			}
		},
		{
			"from": [4.6, 5.4, 8.1],
			"to": [10.4, 5.8, 8.9],
			"faces": {
				"north": {"uv": [3.516, 6.516, 6.375, 6.75], "texture": "#0"},
				"east": {"uv": [8.016, 2.016, 8.375, 2.25], "texture": "#0"},
				"south": {"uv": [6.516, 3.516, 9.375, 3.75], "texture": "#0"},
				"west": {"uv": [2.516, 8.016, 2.875, 8.25], "texture": "#0"},
				"down": {"uv": [8.375, 3.016, 5.516, 3.375], "texture": "#0"}
			}
		},
		{
			"from": [5.2, 5.8, 8],
			"to": [9.8, 8.2, 9],
			"faces": {
				"north": {"uv": [5.25, 1.516, 3.016, 2.75], "texture": "#0"},
				"east": {"uv": [1.516, 6.516, 1.984, 7.75], "texture": "#0"},
				"south": {"uv": [3.016, 1.516, 5.25, 2.75], "texture": "#0"},
				"west": {"uv": [6.516, 4.016, 6.984, 5.25], "texture": "#0"},
				"up": {"uv": [7.75, 1.984, 5.516, 1.516], "texture": "#0"},
				"down": {"uv": [7.75, 2.016, 5.516, 2.484], "texture": "#0"}
			}
		},
		{
			"from": [5.4, 8.2, 8.2],
			"to": [9.6, 10.6, 8.8],
			"faces": {
				"north": {"uv": [2.125, 3.516, 0.016, 4.75], "texture": "#0"},
				"east": {"uv": [4.016, 7.016, 4.25, 8.25], "texture": "#0"},
				"south": {"uv": [0.016, 3.516, 2.125, 4.75], "texture": "#0"},
				"west": {"uv": [7.016, 4.016, 7.25, 5.25], "texture": "#0"},
				"up": {"uv": [8.625, 5.75, 6.516, 5.516], "texture": "#0"}
			}
		},
		{
			"from": [5.5, 10.6, 8.4],
			"to": [9.5, 13, 8.6],
			"faces": {
				"north": {"uv": [7.484, 0.016, 5.516, 1.25], "texture": "#0"},
				"east": {"uv": [5.016, 7.516, 5.125, 8.75], "texture": "#0"},
				"south": {"uv": [5.516, 0.016, 7.484, 1.25], "texture": "#0"},
				"west": {"uv": [5.516, 7.516, 5.625, 8.75], "texture": "#0"},
				"up": {"uv": [6.484, 7.125, 4.516, 7.016], "texture": "#0"}
			}
		},
		{
			"from": [6, 13, 8.4],
			"to": [9, 16.4, 8.6],
			"faces": {
				"north": {"uv": [5.484, 4.516, 4.016, 6.25], "texture": "#0"},
				"east": {"uv": [7.016, 7.016, 7.125, 8.75], "texture": "#0"},
				"south": {"uv": [4.016, 4.516, 5.484, 6.25], "texture": "#0"},
				"west": {"uv": [4.516, 7.516, 4.625, 9.25], "texture": "#0"},
				"up": {"uv": [8.984, 0.125, 7.516, 0.016], "texture": "#0", "cullface": "up"}
			}
		},
		{
			"from": [6.3, 16.4, 8.4],
			"to": [8.7, 22.8, 8.6],
			"faces": {
				"north": {"uv": [2.75, 0.016, 1.516, 3.25], "texture": "#0", "cullface": "up"},
				"east": {"uv": [6.516, 6.516, 6.625, 9.75], "texture": "#0", "cullface": "up"},
				"south": {"uv": [1.516, 0.016, 2.75, 3.25], "texture": "#0", "cullface": "up"},
				"west": {"uv": [3.516, 7.016, 3.625, 10.25], "texture": "#0", "cullface": "up"},
				"up": {"uv": [8.75, 4.625, 7.516, 4.516], "texture": "#0", "cullface": "up"}
			}
		},
		{
			"from": [6.7, 22.8, 8.4],
			"to": [8.3, 25.2, 8.6],
			"faces": {
				"north": {"uv": [3.25, 6.516, 2.516, 7.75], "texture": "#0", "cullface": "up"},
				"east": {"uv": [6.016, 7.516, 6.125, 8.75], "texture": "#0", "cullface": "up"},
				"south": {"uv": [2.516, 6.516, 3.25, 7.75], "texture": "#0", "cullface": "up"},
				"west": {"uv": [7.516, 7.016, 7.625, 8.25], "texture": "#0", "cullface": "up"},
				"up": {"uv": [8.75, 4.125, 8.016, 4.016], "texture": "#0", "cullface": "up"}
			}
		},
		{
			"from": [7.1, 25.2, 8.4],
			"to": [7.9, 26.3, 8.6],
			"faces": {
				"north": {"uv": [7.516, 4.016, 7.875, 4.484], "texture": "#0", "cullface": "up"},
				"east": {"uv": [2.016, 8.516, 2.125, 8.984], "texture": "#0", "cullface": "up"},
				"south": {"uv": [7.516, 4.016, 7.875, 4.484], "texture": "#0", "cullface": "up"},
				"west": {"uv": [8.516, 2.016, 8.625, 2.484], "texture": "#0", "cullface": "up"},
				"up": {"uv": [8.875, 7.625, 8.516, 7.516], "texture": "#0", "cullface": "up"}
			}
		},
		{
			"from": [9.8, 5.8, 8.1],
			"to": [10.6, 6.2, 8.9],
			"faces": {
				"north": {"uv": [3.016, 8.016, 3.375, 8.25], "texture": "#0"},
				"east": {"uv": [8.016, 7.516, 8.375, 7.75], "texture": "#0"},
				"south": {"uv": [8.016, 8.016, 8.375, 8.25], "texture": "#0"},
				"up": {"uv": [8.375, 1.375, 8.016, 1.016], "texture": "#0"},
				"down": {"uv": [1.875, 8.016, 1.516, 8.375], "texture": "#0"}
			}
		},
		{
			"from": [4.4, 5.8, 8.1],
			"to": [5.2, 6.2, 8.9],
			"faces": {
				"north": {"uv": [1.016, 8.516, 1.375, 8.75], "texture": "#0"},
				"south": {"uv": [1.516, 8.516, 1.875, 8.75], "texture": "#0"},
				"west": {"uv": [8.516, 1.516, 8.875, 1.75], "texture": "#0"},
				"up": {"uv": [8.375, 1.875, 8.016, 1.516], "texture": "#0"},
				"down": {"uv": [2.375, 8.016, 2.016, 8.375], "texture": "#0"}
			}
		},
		{
			"from": [7.3, -0.3, 8.2],
			"to": [7.8, 0, 8.8],
			"faces": {
				"north": {"uv": [8.516, 8.016, 8.75, 8.125], "texture": "#0", "cullface": "down"},
				"east": {"uv": [8.516, 8.516, 8.75, 8.625], "texture": "#0", "cullface": "down"},
				"south": {"uv": [9.016, 0.016, 9.25, 0.125], "texture": "#0", "cullface": "down"},
				"west": {"uv": [0.516, 9.016, 0.75, 9.125], "texture": "#0", "cullface": "down"},
				"down": {"uv": [8.75, 2.516, 8.516, 2.75], "texture": "#0", "cullface": "down"}
			}
		},
		{
			"from": [7.1, 0.7, 8],
			"to": [8, 1, 9],
			"faces": {
				"north": {"uv": [3.016, 8.516, 3.484, 8.625], "texture": "#0"},
				"east": {"uv": [8.516, 3.016, 8.984, 3.125], "texture": "#0"},
				"south": {"uv": [4.016, 8.516, 4.484, 8.625], "texture": "#0"},
				"west": {"uv": [7.516, 8.516, 7.984, 8.625], "texture": "#0"},
				"up": {"uv": [2.984, 3.984, 2.516, 3.516], "texture": "#0"},
				"down": {"uv": [2.984, 4.016, 2.516, 4.484], "texture": "#0"}
			}
		}
	],
	"display": {
		"thirdperson_righthand": {
			"rotation": [0, 90, 0],
			"translation": [-0.5, 2.75, 0]
		},
		"thirdperson_lefthand": {
			"rotation": [0, 90, 0],
			"translation": [-0.5, 2.75, 0.75]
		},
		"firstperson_righthand": {
			"rotation": [0, 90, 0],
			"translation": [-0.5, 2.75, 0]
		},
		"firstperson_lefthand": {
			"rotation": [0, 90, 0],
			"translation": [-0.5, 2.75, 0.75]
		},
		"gui": {
			"rotation": [0, 0, -39.75],
			"translation": [-1.25, -2.5, -1.25],
			"scale": [0.6, 0.6, 0.6]
		},
		"head": {
			"rotation": [0, 0, -180],
			"translation": [0, 10.75, 0]
		},
		"fixed": {
			"translation": [0.5, -2.75, -1.25],
			"scale": [0.6, 0.6, 0.6]
		}
	},
	"groups": [
		{
			"name": "group",
			"origin": [0, 0, 0],
			"color": 0,
			"children": [0, 1, 2, 3, 4, 5, 6, 7, 8, 9, 10, 11, 12]
		}
	]
}