{
	"credit": "Made with Blockbench",
	"texture_size": [32, 32],
	"textures": {
		"0": "naniii/goblin_slayer_sword",
		"particle": "naniii/goblin_slayer_sword"
	},
	"elements": [
		{
			"from": [7, 10, 7],
			"to": [8, 26, 8],
			"faces": {
				"north": {"uv": [0.016, 0.016, 0.484, 7.984], "texture": "#0"},
				"east": {"uv": [0.516, 0.016, 0.984, 7.984], "texture": "#0"},
				"south": {"uv": [1.016, 0.016, 1.484, 7.984], "texture": "#0"},
				"west": {"uv": [1.516, 0.016, 1.984, 7.984], "texture": "#0"},
				"up": {"uv": [8.484, 1.484, 8.016, 1.016], "texture": "#0"}
			}
		},
		{
			"from": [5.9, 14.6, 6.5],
			"to": [7.1, 15, 7],
			"faces": {
				"north": {"uv": [6.516, 8.016, 7.125, 8.25], "texture": "#0"},
				"east": {"uv": [8.516, 8.516, 8.75, 8.75], "texture": "#0"},
				"west": {"uv": [0.016, 9.016, 0.25, 9.25], "texture": "#0"},
				"up": {"uv": [8.625, 7.25, 8.016, 7.016], "texture": "#0"}
			}
		},
		{
			"from": [6.3, 15, 7.3],
			"to": [7, 26, 7.7],
			"faces": {
				"north": {"uv": [2.016, 0.016, 2.375, 5.484], "texture": "#0"},
				"south": {"uv": [2.516, 0.016, 2.875, 5.484], "texture": "#0"},
				"west": {"uv": [2.516, 5.516, 2.75, 10.984], "texture": "#0"},
				"up": {"uv": [1.875, 8.75, 1.516, 8.516], "texture": "#0"}
			}
		},
		{
			"from": [8, 15, 7.3],
			"to": [8.7, 26, 7.7],
			"faces": {
				"north": {"uv": [3.016, 0.016, 3.375, 5.484], "texture": "#0"},
				"east": {"uv": [3.016, 5.516, 3.25, 10.984], "texture": "#0"},
				"south": {"uv": [3.516, 0.016, 3.875, 5.484], "texture": "#0"},
				"up": {"uv": [8.875, 6.25, 8.516, 6.016], "texture": "#0"}
			}
		},
		{
			"from": [8.7, 15, 7.4],
			"to": [9.4, 26, 7.6],
			"faces": {
				"north": {"uv": [4.016, 0.016, 4.375, 5.484], "texture": "#0"},
				"east": {"uv": [4.016, 5.516, 4.125, 10.984], "texture": "#0"},
				"south": {"uv": [4.516, 0.016, 4.875, 5.484], "texture": "#0"},
				"up": {"uv": [9.875, 1.125, 9.516, 1.016], "texture": "#0"}
			}
		},
		{
			"from": [5.6, 15, 7.4],
			"to": [6.3, 26, 7.6],
			"faces": {
				"north": {"uv": [5.016, 0.016, 5.375, 5.484], "texture": "#0"},
				"south": {"uv": [5.516, 0.016, 5.875, 5.484], "texture": "#0"},
				"west": {"uv": [5.516, 5.516, 5.625, 10.984], "texture": "#0"},
				"up": {"uv": [9.875, 1.625, 9.516, 1.516], "texture": "#0"}
			}
		},
		{
			"from": [6.25, 26, 7.35],
			"to": [8.75, 27, 7.65],
			"faces": {
				"north": {"uv": [6.016, 0.016, 7.25, 0.484], "texture": "#0"},
				"east": {"uv": [0.516, 9.016, 0.625, 9.484], "texture": "#0"},
				"south": {"uv": [6.016, 0.516, 7.25, 0.984], "texture": "#0"},
				"west": {"uv": [1.016, 9.016, 1.125, 9.484], "texture": "#0"},
				"up": {"uv": [9.25, 7.625, 8.016, 7.516], "texture": "#0"},
				"down": {"uv": [1.25, 8.516, 0.016, 8.625], "texture": "#0"}
			}
		},
		{
			"from": [7.05, 27, 7.35],
			"to": [7.95, 28, 7.65],
			"faces": {
				"north": {"uv": [8.016, 2.016, 8.484, 2.484], "texture": "#0"},
				"east": {"uv": [1.516, 9.016, 1.625, 9.484], "texture": "#0"},
				"south": {"uv": [8.016, 2.516, 8.484, 2.984], "texture": "#0"},
				"west": {"uv": [6.016, 9.016, 6.125, 9.484], "texture": "#0"},
				"up": {"uv": [9.484, 6.125, 9.016, 6.016], "texture": "#0"}
			}
		},
		{
			"from": [7.05, 26, 7.6],
			"to": [7.95, 27, 7.9],
			"faces": {
				"east": {"uv": [9.016, 6.516, 9.125, 6.984], "texture": "#0"},
				"south": {"uv": [8.016, 3.516, 8.484, 3.984], "texture": "#0"},
				"west": {"uv": [7.016, 9.016, 7.125, 9.484], "texture": "#0"},
				"up": {"uv": [9.484, 7.125, 9.016, 7.016], "texture": "#0"}
			}
		},
		{
			"from": [7.05, 26, 7.1],
			"to": [7.95, 27, 7.4],
			"faces": {
				"north": {"uv": [8.016, 4.016, 8.484, 4.484], "texture": "#0"},
				"east": {"uv": [8.016, 9.016, 8.125, 9.484], "texture": "#0"},
				"west": {"uv": [9.016, 8.016, 9.125, 8.484], "texture": "#0"},
				"up": {"uv": [8.984, 9.125, 8.516, 9.016], "texture": "#0"}
			}
		},
		{
			"from": [5.4, 13.9, 7],
			"to": [7, 15, 8],
			"faces": {
				"north": {"uv": [7.016, 3.016, 7.75, 3.484], "texture": "#0"},
				"south": {"uv": [7.016, 3.516, 7.75, 3.984], "texture": "#0"},
				"west": {"uv": [8.016, 5.516, 8.484, 5.984], "texture": "#0"},
				"up": {"uv": [7.75, 4.484, 7.016, 4.016], "texture": "#0"},
				"down": {"uv": [7.75, 4.516, 7.016, 4.984], "texture": "#0"}
			}
		},
		{
			"from": [8, 13.9, 7],
			"to": [9.6, 15, 8],
			"faces": {
				"north": {"uv": [6.016, 7.016, 6.75, 7.484], "texture": "#0"},
				"east": {"uv": [6.016, 8.016, 6.484, 8.484], "texture": "#0"},
				"south": {"uv": [7.016, 7.016, 7.75, 7.484], "texture": "#0"},
				"up": {"uv": [8.25, 0.484, 7.516, 0.016], "texture": "#0"},
				"down": {"uv": [8.25, 0.516, 7.516, 0.984], "texture": "#0"}
			}
		},
		{
			"from": [5.9, 13.9, 8],
			"to": [9.1, 14.6, 8.5],
			"faces": {
				"east": {"uv": [7.016, 8.516, 7.25, 8.875], "texture": "#0"},
				"south": {"uv": [6.016, 1.516, 7.625, 1.875], "texture": "#0"},
				"west": {"uv": [7.516, 8.516, 7.75, 8.875], "texture": "#0"},
				"up": {"uv": [7.625, 5.25, 6.016, 5.016], "texture": "#0"},
				"down": {"uv": [7.625, 5.516, 6.016, 5.75], "texture": "#0"}
			}
		},
		{
			"from": [6.7, 9, 6.7],
			"to": [8.3, 10, 8.3],
			"faces": {
				"north": {"uv": [6.016, 7.516, 6.75, 7.984], "texture": "#0"},
				"east": {"uv": [7.016, 7.516, 7.75, 7.984], "texture": "#0"},
				"south": {"uv": [0.016, 8.016, 0.75, 8.484], "texture": "#0"},
				"west": {"uv": [1.016, 8.016, 1.75, 8.484], "texture": "#0"},
				"up": {"uv": [6.75, 3.75, 6.016, 3.016], "texture": "#0"},
				"down": {"uv": [6.75, 4.016, 6.016, 4.75], "texture": "#0"}
			}
		},
		{
			"from": [5.9, 14.6, 8],
			"to": [7.1, 15, 8.5],
			"faces": {
				"east": {"uv": [9.016, 9.016, 9.25, 9.25], "texture": "#0"},
				"south": {"uv": [8.516, 0.516, 9.125, 0.75], "texture": "#0"},
				"west": {"uv": [0.016, 9.516, 0.25, 9.75], "texture": "#0"},
				"up": {"uv": [9.125, 1.25, 8.516, 1.016], "texture": "#0"}
			}
		},
		{
			"from": [7.9, 14.6, 8],
			"to": [9.1, 15, 8.5],
			"faces": {
				"east": {"uv": [9.516, 0.016, 9.75, 0.25], "texture": "#0"},
				"south": {"uv": [8.516, 2.516, 9.125, 2.75], "texture": "#0"},
				"west": {"uv": [0.516, 9.516, 0.75, 9.75], "texture": "#0"},
				"up": {"uv": [9.125, 3.25, 8.516, 3.016], "texture": "#0"}
			}
		},
		{
			"from": [7.9, 14.6, 6.5],
			"to": [9.1, 15, 7],
			"faces": {
				"north": {"uv": [8.516, 4.016, 9.125, 4.25], "texture": "#0"},
				"east": {"uv": [9.516, 0.516, 9.75, 0.75], "texture": "#0"},
				"west": {"uv": [1.016, 9.516, 1.25, 9.75], "texture": "#0"},
				"up": {"uv": [9.125, 5.25, 8.516, 5.016], "texture": "#0"}
			}
		},
		{
			"from": [5.9, 13.9, 6.5],
			"to": [9.1, 14.6, 7],
			"faces": {
				"north": {"uv": [6.016, 2.016, 7.625, 2.375], "texture": "#0"},
				"east": {"uv": [8.016, 8.516, 8.25, 8.875], "texture": "#0"},
				"west": {"uv": [8.516, 8.016, 8.75, 8.375], "texture": "#0"},
				"up": {"uv": [7.625, 6.25, 6.016, 6.016], "texture": "#0"},
				"down": {"uv": [7.625, 6.516, 6.016, 6.75], "texture": "#0"}
			}
		}
	],
	"display": {
		"thirdperson_righthand": {
			"rotation": [0, 90, 0],
			"translation": [0.5, -5.5, 0.25]
		},
		"thirdperson_lefthand": {
			"rotation": [0, 90, 0],
			"translation": [0.5, -5.5, 1.5]
		},
		"firstperson_righthand": {
			"rotation": [0, 90, 0],
			"translation": [0.5, -5.5, 1.5]
		},
		"firstperson_lefthand": {
			"rotation": [0, -90, 0],
			"translation": [0.5, -5.5, 0.7]
		},
		"ground": {
			"rotation": [0, 90, 0],
			"translation": [0.5, 0, 1.5]
		},
		"gui": {
			"translation": [0.75, -8.25, 0],
			"scale": [0.8, 0.8, 0.8]
		},
		"head": {
			"rotation": [0, 90, 0],
			"translation": [0.5, -5.5, 1.5]
		},
		"fixed": {
			"translation": [0.75, -10.25, 0]
		}
	},
	"groups": [
		{
			"name": "group",
			"origin": [0, 0, 0],
			"color": 0,
			"children": [0, 1, 2, 3, 4, 5, 6, 7, 8, 9, 10, 11, 12, 13, 14, 15, 16, 17]
		}
	]
}