{
	"credit": "Made with Blockbench",
	"texture_size": [64, 64],
	"textures": {
		"0": "naniii/hidden_blade",
		"particle": "naniii/hidden_blade"
	},
	"elements": [
		{
			"from": [6, 4.25, 9],
			"to": [11, 5, 20.75],
			"faces": {
				"north": {"uv": [0.015, 7.265, 1.235, 7.4375], "texture": "#0"},
				"east": {"uv": [6.765, 2.515, 9.6875, 2.6875], "texture": "#0"},
				"west": {"uv": [6.515, 6.765, 9.4375, 6.9375], "texture": "#0"},
				"up": {"uv": [1.242, 2.9375, 0.008, 0.008], "texture": "#0"},
				"down": {"uv": [2.492, 0.008, 1.258, 2.9375], "texture": "#0"}
			}
		},
		{
			"from": [6, 5, 9],
			"to": [7, 8, 20.75],
			"faces": {
				"north": {"uv": [4.015, 5.765, 4.235, 6.485], "texture": "#0"},
				"east": {"uv": [1.265, 3.015, 4.1875, 3.735], "texture": "#0"},
				"west": {"uv": [3.765, 0.015, 6.6875, 0.735], "texture": "#0"}
			}
		},
		{
			"from": [10, 5, 9],
			"to": [11, 8, 20.75],
			"faces": {
				"north": {"uv": [7.265, 5.015, 7.485, 5.735], "texture": "#0"},
				"east": {"uv": [3.765, 0.765, 6.6875, 1.485], "texture": "#0"},
				"west": {"uv": [1.265, 3.765, 4.1875, 4.485], "texture": "#0"}
			}
		},
		{
			"from": [6, 8, 9],
			"to": [11, 9.1, 20.75],
			"faces": {
				"north": {"uv": [7.015, 2.015, 8.235, 2.235], "texture": "#0"},
				"east": {"uv": [6.265, 6.515, 9.1875, 6.735], "texture": "#0"},
				"west": {"uv": [6.765, 0.015, 9.6875, 0.235], "texture": "#0"},
				"up": {"uv": [3.742, 2.9375, 2.508, 0.008], "texture": "#0"},
				"down": {"uv": [1.242, 3.008, 0.008, 5.9375], "texture": "#0"}
			}
		},
		{
			"from": [6, 4.25, 20.75],
			"to": [11, 9, 22],
			"faces": {
				"north": {"uv": [2.765, 5.765, 3.985, 6.9375], "texture": "#0"},
				"south": {"uv": [5.765, 2.765, 6.985, 3.9375], "texture": "#0"},
				"west": {"uv": [7.015, 2.765, 7.3125, 3.9375], "texture": "#0"}
			}
		},
		{
			"from": [8, 8.8, 5],
			"to": [9, 9.3, 14],
			"faces": {
				"north": {"uv": [3.765, 2.765, 3.985, 2.875], "texture": "#0"},
				"east": {"uv": [7.015, 6.265, 9.235, 6.375], "texture": "#0"},
				"west": {"uv": [6.515, 7.015, 8.735, 7.125], "texture": "#0"},
				"up": {"uv": [6.992, 2.492, 6.758, 0.258], "texture": "#0"},
				"down": {"uv": [6.492, 6.758, 6.258, 8.992], "texture": "#0"}
			}
		},
		{
			"from": [8, 8.8, 4.5],
			"to": [9, 9.3, 5],
			"faces": {
				"north": {"uv": [7.515, 3.765, 7.6875, 3.875], "texture": "#0"},
				"east": {"uv": [0.015, 7.765, 0.125, 7.875], "texture": "#0"},
				"west": {"uv": [0.265, 7.765, 0.375, 7.875], "texture": "#0"},
				"up": {"uv": [7.6875, 5.375, 7.508, 5.258], "texture": "#0"},
				"down": {"uv": [7.6875, 5.508, 7.508, 5.625], "texture": "#0"}
			}
		},
		{
			"from": [8.25, 8.8, 4.25],
			"to": [8.75, 9.3, 4.5],
			"faces": {
				"north": {"uv": [0.515, 7.765, 0.625, 7.875], "texture": "#0"},
				"east": {"uv": [0.765, 7.765, 0.875, 7.875], "texture": "#0"},
				"west": {"uv": [1.265, 7.765, 1.375, 7.875], "texture": "#0"},
				"up": {"uv": [7.875, 3.875, 7.758, 3.758], "texture": "#0"},
				"down": {"uv": [4.125, 7.758, 4.008, 7.875], "texture": "#0"}
			}
		},
		{
			"from": [9, 9.05, 5],
			"to": [9.25, 9.05, 9],
			"faces": {
				"up": {"uv": [6.8125, 8.492, 6.758, 7.508], "texture": "#0"},
				"down": {"uv": [7.0625, 7.508, 7.008, 8.492], "texture": "#0"}
			}
		},
		{
			"from": [7.75, 9.05, 5],
			"to": [8, 9.05, 9],
			"faces": {
				"up": {"uv": [7.3125, 8.492, 7.258, 7.508], "texture": "#0"},
				"down": {"uv": [7.5625, 7.508, 7.508, 8.492], "texture": "#0"}
			}
		},
		{
			"from": [7.75, 9.05, 4.5],
			"to": [8, 9.05, 5],
			"faces": {
				"up": {"uv": [7.8125, 5.625, 7.758, 5.508], "texture": "#0"},
				"down": {"uv": [7.8125, 7.508, 7.758, 7.625], "texture": "#0"}
			}
		},
		{
			"from": [9, 9.05, 4.5],
			"to": [9.25, 9.05, 5],
			"faces": {
				"up": {"uv": [7.8125, 7.875, 7.758, 7.758], "texture": "#0"},
				"down": {"uv": [0.0625, 8.008, 0.008, 8.125], "texture": "#0"}
			}
		},
		{
			"from": [8.75, 9.05, 4.25],
			"to": [9, 9.05, 4.5],
			"faces": {
				"up": {"uv": [0.3125, 8.125, 0.258, 8.008], "texture": "#0"},
				"down": {"uv": [0.5625, 8.008, 0.508, 8.125], "texture": "#0"}
			}
		},
		{
			"from": [8, 9.05, 4.25],
			"to": [8.25, 9.05, 4.5],
			"faces": {
				"up": {"uv": [0.8125, 8.125, 0.758, 8.008], "texture": "#0"},
				"down": {"uv": [1.0625, 8.008, 1.008, 8.125], "texture": "#0"}
			}
		},
		{
			"from": [8, 9.05, 3.75],
			"to": [8.5, 9.05, 4.25],
			"faces": {
				"up": {"uv": [1.3125, 8.125, 1.258, 8.008], "texture": "#0"},
				"down": {"uv": [2.5625, 8.008, 2.508, 8.125], "texture": "#0"}
			}
		},
		{
			"from": [8.5, 9.05, 3.75],
			"to": [9, 9.05, 4.25],
			"faces": {
				"up": {"uv": [8.0625, 3.875, 8.008, 3.758], "texture": "#0"},
				"down": {"uv": [4.0625, 8.008, 4.008, 8.125], "texture": "#0"}
			}
		},
		{
			"from": [8.25, 9.05, 3.5],
			"to": [8.75, 9.05, 3.75],
			"faces": {
				"up": {"uv": [4.375, 8.0625, 4.258, 8.008], "texture": "#0"},
				"down": {"uv": [4.625, 8.008, 4.508, 8.0625], "texture": "#0"}
			}
		},
		{
			"from": [6, 9, 17],
			"to": [12, 10, 22],
			"faces": {
				"north": {"uv": [1.265, 7.015, 2.735, 7.235], "texture": "#0"},
				"east": {"uv": [7.015, 4.015, 8.235, 4.235], "texture": "#0"},
				"south": {"uv": [7.015, 1.265, 8.485, 1.485], "texture": "#0"},
				"west": {"uv": [7.015, 4.265, 8.235, 4.485], "texture": "#0"},
				"up": {"uv": [5.242, 2.742, 3.758, 1.508], "texture": "#0"}
			}
		},
		{
			"from": [11, 4.25, 17],
			"to": [12, 9, 22],
			"faces": {
				"north": {"uv": [3.765, 7.015, 3.985, 8.1875], "texture": "#0"},
				"east": {"uv": [0.015, 6.015, 1.235, 7.1875], "texture": "#0"},
				"south": {"uv": [7.015, 5.015, 7.235, 6.1875], "texture": "#0"}
			}
		},
		{
			"from": [6, 3.5, 17],
			"to": [12, 4.25, 22],
			"faces": {
				"north": {"uv": [7.015, 1.515, 8.485, 1.735], "texture": "#0"},
				"east": {"uv": [7.015, 4.515, 8.235, 4.735], "texture": "#0"},
				"south": {"uv": [7.015, 1.765, 8.485, 1.985], "texture": "#0"},
				"west": {"uv": [7.015, 4.765, 8.235, 4.985], "texture": "#0"},
				"down": {"uv": [2.742, 4.508, 1.258, 5.742], "texture": "#0"}
			}
		},
		{
			"from": [6, 9, 12],
			"to": [11.25, 9.5, 17],
			"faces": {
				"north": {"uv": [6.765, 7.265, 8.0625, 7.375], "texture": "#0"},
				"east": {"uv": [7.515, 3.265, 8.735, 3.375], "texture": "#0"},
				"west": {"uv": [7.515, 3.515, 8.735, 3.625], "texture": "#0"},
				"up": {"uv": [5.5625, 6.492, 4.258, 5.258], "texture": "#0"}
			}
		},
		{
			"from": [11, 4.25, 12],
			"to": [11.25, 9, 17],
			"faces": {
				"north": {"uv": [2.015, 7.515, 2.0625, 8.6875], "texture": "#0"},
				"east": {"uv": [5.765, 4.015, 6.985, 5.1875], "texture": "#0"}
			}
		},
		{
			"from": [6, 3.75, 12],
			"to": [11.25, 4.25, 17],
			"faces": {
				"north": {"uv": [7.265, 5.765, 8.5625, 5.875], "texture": "#0"},
				"east": {"uv": [7.515, 2.765, 8.735, 2.875], "texture": "#0"},
				"west": {"uv": [7.515, 3.015, 8.735, 3.125], "texture": "#0"},
				"down": {"uv": [6.5625, 1.508, 5.258, 2.742], "texture": "#0"}
			}
		}
	],
	"display": {
		"thirdperson_righthand": {
			"translation": [-0.5, -0.75, -0.5]
		},
		"thirdperson_lefthand": {
			"rotation": [0, 0, -180],
			"translation": [-0.5, -3.25, -0.5]
		},
		"firstperson_righthand": {
			"translation": [0, 1.75, 0]
		},
		"firstperson_lefthand": {
			"rotation": [0, 0, -180],
			"translation": [-0.5, -1.75, -0.5]
		}
	},
	"groups": [
		{
			"name": "group",
			"origin": [0, 0, 0],
			"color": 0,
			"children": [0, 1, 2, 3, 4, 5, 6, 7, 8, 9, 10, 11, 12, 13, 14, 15, 16, 17, 18, 19, 20, 21, 22]
		}
	]
}