{
	"credit": "Made with Blockbench",
	"parent": "diamond_sword",
	"texture_size": [64, 64],
	"textures": {
		"0": "naniii/king_sword",
		"particle": "naniii/king_sword"
	},
	"elements": [
		{
			"from": [7.25, 6.5, 7.25],
			"to": [7.75, 31, 9.75],
			"faces": {
				"north": {"uv": [3, 4.75, 3.125, 10.875], "texture": "#0"},
				"east": {"uv": [0, 0, 0.625, 6.125], "texture": "#0"},
				"south": {"uv": [3.5, 4.75, 3.625, 10.875], "texture": "#0"},
				"west": {"uv": [1, 0, 1.625, 6.125], "texture": "#0"},
				"up": {"uv": [8.625, 9.375, 8.5, 8.75], "texture": "#0"},
				"down": {"uv": [9.125, 0.75, 9, 1.375], "texture": "#0"}
			}
		},
		{
			"from": [7.25, 31, 9],
			"to": [7.75, 31.5, 9.5],
			"faces": {
				"north": {"uv": [5.5, 10, 5.625, 10.0625], "texture": "#0"},
				"east": {"uv": [4.5, 10, 4.6875, 10.0625], "texture": "#0"},
				"south": {"uv": [10, 5.5, 10.125, 5.5625], "texture": "#0"},
				"west": {"uv": [10, 4.5, 10.1875, 4.5625], "texture": "#0"},
				"up": {"uv": [9.625, 4.6875, 9.5, 4.5], "texture": "#0"},
				"down": {"uv": [5.125, 9.5, 5, 9.6875], "texture": "#0"}
			}
		},
		{
			"from": [7.25, 31, 7.5],
			"to": [7.75, 31.5, 8],
			"faces": {
				"north": {"uv": [6, 10, 6.125, 10.0625], "texture": "#0"},
				"east": {"uv": [5, 10, 5.1875, 10.0625], "texture": "#0"},
				"south": {"uv": [10, 6, 10.125, 6.0625], "texture": "#0"},
				"west": {"uv": [10, 5, 10.1875, 5.0625], "texture": "#0"},
				"up": {"uv": [9.625, 5.1875, 9.5, 5], "texture": "#0"},
				"down": {"uv": [5.625, 9.5, 5.5, 9.6875], "texture": "#0"}
			}
		},
		{
			"from": [7.25, 31, 8],
			"to": [7.75, 32, 9],
			"faces": {
				"north": {"uv": [9.5, 3.5, 9.625, 3.75], "texture": "#0"},
				"east": {"uv": [9, 1.75, 9.25, 2], "texture": "#0"},
				"south": {"uv": [4, 9.5, 4.125, 9.75], "texture": "#0"},
				"west": {"uv": [9, 2.25, 9.25, 2.5], "texture": "#0"},
				"up": {"uv": [9.625, 4.25, 9.5, 4], "texture": "#0"},
				"down": {"uv": [4.625, 9.5, 4.5, 9.75], "texture": "#0"}
			}
		},
		{
			"from": [7.25, 25, 9.75],
			"to": [7.75, 25.5, 10],
			"faces": {
				"north": {"uv": [9.5, 5.5, 9.625, 5.625], "texture": "#0"},
				"east": {"uv": [7, 10, 7.0625, 10.125], "texture": "#0"},
				"south": {"uv": [6, 9.5, 6.125, 9.625], "texture": "#0"},
				"west": {"uv": [7.5, 10, 7.5625, 10.125], "texture": "#0"},
				"up": {"uv": [8.125, 10.0625, 8, 10], "texture": "#0"},
				"down": {"uv": [10.125, 8.5, 10, 8.5625], "texture": "#0"}
			}
		},
		{
			"from": [7.25, 25, 7],
			"to": [7.75, 25.5, 7.25],
			"faces": {
				"north": {"uv": [9.5, 6, 9.625, 6.125], "texture": "#0"},
				"east": {"uv": [10, 9, 10.0625, 9.125], "texture": "#0"},
				"south": {"uv": [7, 9.5, 7.125, 9.625], "texture": "#0"},
				"west": {"uv": [10, 9.5, 10.0625, 9.625], "texture": "#0"},
				"up": {"uv": [10.125, 10.0625, 10, 10], "texture": "#0"},
				"down": {"uv": [0.125, 10.25, 0, 10.3125], "texture": "#0"}
			}
		},
		{
			"from": [7, 7, 7],
			"to": [7.25, 25, 8],
			"faces": {
				"north": {"uv": [7, 0, 7.0625, 4.5], "texture": "#0"},
				"east": {"uv": [2, 0, 2.25, 4.5], "texture": "#0"},
				"south": {"uv": [7, 4.75, 7.0625, 9.25], "texture": "#0"},
				"west": {"uv": [2.5, 0, 2.75, 4.5], "texture": "#0"},
				"up": {"uv": [7.5625, 9.75, 7.5, 9.5], "texture": "#0"},
				"down": {"uv": [8.0625, 9.5, 8, 9.75], "texture": "#0"}
			}
		},
		{
			"from": [7, 24.75, 8],
			"to": [7.25, 31.5, 9],
			"faces": {
				"north": {"uv": [0.75, 8.5, 0.8125, 10.25], "texture": "#0"},
				"east": {"uv": [0, 6.5, 0.25, 8.25], "texture": "#0"},
				"south": {"uv": [8.5, 0.75, 8.5625, 2.5], "texture": "#0"},
				"west": {"uv": [6.5, 0, 6.75, 1.75], "texture": "#0"},
				"up": {"uv": [9.5625, 9, 9.5, 8.75], "texture": "#0"},
				"down": {"uv": [9.5625, 9.25, 9.5, 9.5], "texture": "#0"}
			}
		},
		{
			"from": [7.75, 24.75, 8],
			"to": [8, 31.5, 9],
			"faces": {
				"north": {"uv": [8.5, 2.75, 8.5625, 4.5], "texture": "#0"},
				"east": {"uv": [0.5, 6.5, 0.75, 8.25], "texture": "#0"},
				"south": {"uv": [8.5, 4.75, 8.5625, 6.5], "texture": "#0"},
				"west": {"uv": [1, 6.5, 1.25, 8.25], "texture": "#0"},
				"up": {"uv": [0.0625, 10, 0, 9.75], "texture": "#0"},
				"down": {"uv": [9.8125, 0, 9.75, 0.25], "texture": "#0"}
			}
		},
		{
			"from": [7, 7, 9],
			"to": [7.25, 25, 10],
			"faces": {
				"north": {"uv": [6.5, 7.25, 6.5625, 11.75], "texture": "#0"},
				"east": {"uv": [3, 0, 3.25, 4.5], "texture": "#0"},
				"south": {"uv": [7.5, 0, 7.5625, 4.5], "texture": "#0"},
				"west": {"uv": [3.5, 0, 3.75, 4.5], "texture": "#0"},
				"up": {"uv": [9.8125, 6.75, 9.75, 6.5], "texture": "#0"},
				"down": {"uv": [9.8125, 7, 9.75, 7.25], "texture": "#0"}
			}
		},
		{
			"from": [7.25, 7.25, 9.75],
			"to": [7.75, 25, 10.25],
			"faces": {
				"north": {"uv": [4, 4.75, 4.125, 9.25], "texture": "#0"},
				"east": {"uv": [4.5, 4.75, 4.625, 9.25], "texture": "#0"},
				"south": {"uv": [5, 0, 5.125, 4.5], "texture": "#0"},
				"west": {"uv": [5, 4.75, 5.125, 9.25], "texture": "#0"},
				"up": {"uv": [9.875, 7.625, 9.75, 7.5], "texture": "#0"},
				"down": {"uv": [9.875, 8, 9.75, 8.125], "texture": "#0"}
			}
		},
		{
			"from": [7.25, 7.25, 6.75],
			"to": [7.75, 25, 7.25],
			"faces": {
				"north": {"uv": [5.5, 0, 5.625, 4.5], "texture": "#0"},
				"east": {"uv": [5.5, 4.75, 5.625, 9.25], "texture": "#0"},
				"south": {"uv": [6, 0, 6.125, 4.5], "texture": "#0"},
				"west": {"uv": [6, 4.75, 6.125, 9.25], "texture": "#0"},
				"up": {"uv": [8.625, 9.875, 8.5, 9.75], "texture": "#0"},
				"down": {"uv": [9.125, 9.75, 9, 9.875], "texture": "#0"}
			}
		},
		{
			"from": [7.75, 7, 7],
			"to": [8, 25, 8],
			"faces": {
				"north": {"uv": [7.5, 4.75, 7.5625, 9.25], "texture": "#0"},
				"east": {"uv": [4, 0, 4.25, 4.5], "texture": "#0"},
				"south": {"uv": [8, 0, 8.0625, 4.5], "texture": "#0"},
				"west": {"uv": [4.5, 0, 4.75, 4.5], "texture": "#0"},
				"up": {"uv": [9.5625, 10, 9.5, 9.75], "texture": "#0"},
				"down": {"uv": [10.0625, 0.5, 10, 0.75], "texture": "#0"}
			}
		},
		{
			"from": [7.75, 7, 9],
			"to": [8, 25, 10],
			"faces": {
				"north": {"uv": [8, 4.75, 8.0625, 9.25], "texture": "#0"},
				"east": {"uv": [2, 4.75, 2.25, 9.25], "texture": "#0"},
				"south": {"uv": [1.5, 8.25, 1.5625, 12.75], "texture": "#0"},
				"west": {"uv": [2.5, 4.75, 2.75, 9.25], "texture": "#0"},
				"up": {"uv": [10.0625, 1.25, 10, 1], "texture": "#0"},
				"down": {"uv": [10.0625, 1.5, 10, 1.75], "texture": "#0"}
			}
		},
		{
			"from": [7, 1, 8],
			"to": [8, 6.5, 9],
			"faces": {
				"north": {"uv": [1.5, 6.5, 1.75, 7.875], "texture": "#0"},
				"east": {"uv": [6.5, 2, 6.75, 3.375], "texture": "#0"},
				"south": {"uv": [6.5, 3.75, 6.75, 5.125], "texture": "#0"},
				"west": {"uv": [6.5, 5.5, 6.75, 6.875], "texture": "#0"},
				"up": {"uv": [9.25, 3, 9, 2.75], "texture": "#0"},
				"down": {"uv": [9.25, 3.25, 9, 3.5], "texture": "#0"}
			}
		},
		{
			"from": [6.75, 0, 7.75],
			"to": [8.25, 1, 9.25],
			"faces": {
				"north": {"uv": [8.5, 6.75, 8.875, 7], "texture": "#0"},
				"east": {"uv": [8.5, 7.25, 8.875, 7.5], "texture": "#0"},
				"south": {"uv": [8.5, 7.75, 8.875, 8], "texture": "#0"},
				"west": {"uv": [8.5, 8.25, 8.875, 8.5], "texture": "#0"},
				"up": {"uv": [0.375, 8.875, 0, 8.5], "texture": "#0"},
				"down": {"uv": [8.875, 0, 8.5, 0.375], "texture": "#0"}
			}
		},
		{
			"from": [7, 7, 6],
			"to": [8, 7.75, 7],
			"faces": {
				"north": {"uv": [9.25, 7.25, 9.5, 7.4375], "texture": "#0"},
				"east": {"uv": [9.25, 7.75, 9.5, 7.9375], "texture": "#0"},
				"south": {"uv": [9.25, 8.25, 9.5, 8.4375], "texture": "#0"},
				"west": {"uv": [9, 9.25, 9.25, 9.4375], "texture": "#0"},
				"up": {"uv": [9.25, 4, 9, 3.75], "texture": "#0"},
				"down": {"uv": [9.25, 4.25, 9, 4.5], "texture": "#0"}
			}
		},
		{
			"from": [7, 7, 8],
			"to": [8, 7.75, 9],
			"faces": {
				"north": {"uv": [9.5, 0.5, 9.75, 0.6875], "texture": "#0"},
				"east": {"uv": [9.5, 1, 9.75, 1.1875], "texture": "#0"},
				"south": {"uv": [9.5, 1.5, 9.75, 1.6875], "texture": "#0"},
				"west": {"uv": [2, 9.5, 2.25, 9.6875], "texture": "#0"},
				"up": {"uv": [9.25, 5, 9, 4.75], "texture": "#0"},
				"down": {"uv": [9.25, 5.25, 9, 5.5], "texture": "#0"}
			}
		},
		{
			"from": [7, 7, 10],
			"to": [8, 7.75, 11],
			"faces": {
				"north": {"uv": [9.5, 2, 9.75, 2.1875], "texture": "#0"},
				"east": {"uv": [2.5, 9.5, 2.75, 9.6875], "texture": "#0"},
				"south": {"uv": [9.5, 2.5, 9.75, 2.6875], "texture": "#0"},
				"west": {"uv": [9.5, 3, 9.75, 3.1875], "texture": "#0"},
				"up": {"uv": [9.25, 6, 9, 5.75], "texture": "#0"},
				"down": {"uv": [9.25, 6.25, 9, 6.5], "texture": "#0"}
			}
		},
		{
			"from": [7, 7, 5],
			"to": [8, 7.25, 6],
			"faces": {
				"north": {"uv": [2, 10, 2.25, 10.0625], "texture": "#0"},
				"east": {"uv": [10, 2, 10.25, 2.0625], "texture": "#0"},
				"south": {"uv": [2.5, 10, 2.75, 10.0625], "texture": "#0"},
				"west": {"uv": [10, 2.5, 10.25, 2.5625], "texture": "#0"},
				"up": {"uv": [9.25, 9, 9, 8.75], "texture": "#0"},
				"down": {"uv": [0.25, 9.25, 0, 9.5], "texture": "#0"}
			}
		},
		{
			"from": [7, 7, 11],
			"to": [8, 7.25, 12],
			"faces": {
				"north": {"uv": [10, 3, 10.25, 3.0625], "texture": "#0"},
				"east": {"uv": [10, 3.5, 10.25, 3.5625], "texture": "#0"},
				"south": {"uv": [4, 10, 4.25, 10.0625], "texture": "#0"},
				"west": {"uv": [10, 4, 10.25, 4.0625], "texture": "#0"},
				"up": {"uv": [9.5, 0.25, 9.25, 0], "texture": "#0"},
				"down": {"uv": [9.5, 6.75, 9.25, 7], "texture": "#0"}
			}
		}
	],
	"display": {
		"thirdperson_righthand": {
			"translation": [0.5, 2.25, 0.25]
		},
		"thirdperson_lefthand": {
			"translation": [-0.5, 2.25, 0.25]
		},
		"firstperson_righthand": {
			"rotation": [8, 0, -6]
		},
		"firstperson_lefthand": {
			"rotation": [8, 0, -6]
		},
		"ground": {
			"translation": [0, 1.5, 0],
			"scale": [0.94, 1, 1]
		},
		"gui": {
			"rotation": [0, 90, 0],
			"translation": [0, -4, -0.5],
			"scale": [0.5, 0.5, 0.5]
		},
		"head": {
			"rotation": [121, 68, 61],
			"translation": [3, 14, 0.5]
		},
		"fixed": {
			"rotation": [0, 90, 0],
			"translation": [-0.5, -4, -0.5],
			"scale": [0.5, 0.5, 0.5]
		}
	},
	"groups": [
		{
			"name": "all",
			"origin": [8, 8, 8],
			"color": 0,
			"children": [
				{
					"name": "klinge",
					"origin": [0, 0, 0],
					"color": 0,
					"children": [0, 1, 2, 3, 4, 5, 6, 7, 8, 9, 10, 11, 12, 13]
				},
				{
					"name": "griff",
					"origin": [8, 8, 8],
					"color": 0,
					"children": [14, 15, 16, 17, 18, 19, 20]
				}
			]
		}
	]
}