{
	"credit": "Made with Blockbench",
	"texture_size": [32, 32],
	"textures": {
		"0": "naniii/kuro_sword",
		"particle": "naniii/kuro_sword"
	},
	"elements": [
		{
			"from": [7, 0, 7],
			"to": [8, 1, 8],
			"rotation": {"angle": 22.5, "axis": "y", "origin": [7.5, 0.5, 7.5]},
			"faces": {
				"north": {"uv": [8.5, 11.5, 9, 12], "texture": "#0"},
				"east": {"uv": [8.5, 11.5, 9, 12], "texture": "#0"},
				"south": {"uv": [8.5, 11.5, 9, 12], "texture": "#0"},
				"west": {"uv": [8.5, 11.5, 9, 12], "texture": "#0"},
				"up": {"uv": [12.5, 1.5, 12, 1], "texture": "#0"},
				"down": {"uv": [12.5, 1, 12, 1.5], "texture": "#0"}
			}
		},
		{
			"from": [7, 1, 7],
			"to": [8, 6, 8],
			"faces": {
				"north": {"uv": [4.5, 7, 5, 9.5], "texture": "#0"},
				"east": {"uv": [5, 7, 4.5, 9.5], "texture": "#0"},
				"south": {"uv": [5, 7, 4.5, 9.5], "texture": "#0"},
				"west": {"uv": [4.5, 7, 5, 9.5], "texture": "#0"},
				"down": {"uv": [3.5, 12, 3, 12.5], "texture": "#0"}
			}
		},
		{
			"from": [6, 6, 7],
			"to": [9, 7, 8],
			"faces": {
				"north": {"uv": [2.5, 9, 4, 9.5], "texture": "#0"},
				"east": {"uv": [4, 12, 4.5, 12.5], "texture": "#0"},
				"south": {"uv": [4, 9, 2.5, 9.5], "texture": "#0"},
				"west": {"uv": [5, 12, 5.5, 12.5], "texture": "#0"},
				"down": {"uv": [11, 8.5, 9.5, 9], "texture": "#0"}
			}
		},
		{
			"from": [5.6, 7, 7],
			"to": [9.5, 8, 8],
			"faces": {
				"north": {"uv": [8.5, 1.5, 10.5, 2], "texture": "#0"},
				"east": {"uv": [12, 5, 12.5, 5.5], "texture": "#0"},
				"south": {"uv": [10.5, 1.5, 8.5, 2], "texture": "#0"},
				"west": {"uv": [6, 12, 6.5, 12.5], "texture": "#0"},
				"up": {"uv": [10.5, 4, 8.5, 3.5], "texture": "#0"},
				"down": {"uv": [10.5, 4.5, 8.5, 5], "texture": "#0"}
			}
		},
		{
			"from": [5.7, 8, 7],
			"to": [9.1, 9, 8],
			"faces": {
				"north": {"uv": [0, 9.5, 1.75, 10], "texture": "#0"},
				"east": {"uv": [12, 6, 12.5, 6.5], "texture": "#0"},
				"south": {"uv": [1.75, 9.5, 0, 10], "texture": "#0"},
				"west": {"uv": [7, 12, 7.5, 12.5], "texture": "#0"},
				"up": {"uv": [11.25, 7, 9.5, 6.5], "texture": "#0"}
			}
		},
		{
			"from": [5.9, 9, 7],
			"to": [8.9, 10, 8],
			"faces": {
				"north": {"uv": [9.5, 9.5, 11, 10], "texture": "#0"},
				"east": {"uv": [0, 12.5, 0.5, 13], "texture": "#0"},
				"south": {"uv": [11, 9.5, 9.5, 10], "texture": "#0"},
				"west": {"uv": [1, 12.5, 1.5, 13], "texture": "#0"},
				"up": {"uv": [4, 10.5, 2.5, 10], "texture": "#0"}
			}
		},
		{
			"from": [6.1, 10, 7.1],
			"to": [8.7, 15, 7.9],
			"faces": {
				"north": {"uv": [0, 3, 1.25, 5.5], "texture": "#0"},
				"east": {"uv": [8.5, 5.5, 8.875, 8], "texture": "#0"},
				"south": {"uv": [1.25, 3, 0, 5.5], "texture": "#0"},
				"west": {"uv": [8.5, 8.5, 8.875, 11], "texture": "#0"},
				"up": {"uv": [12.25, 4.375, 11, 4], "texture": "#0"}
			}
		},
		{
			"from": [5.8, 15, 7.1],
			"to": [8.3, 18, 7.9],
			"faces": {
				"north": {"uv": [6.5, 2, 7.75, 3.5], "texture": "#0"},
				"east": {"uv": [9.5, 10.5, 9.875, 12], "texture": "#0"},
				"south": {"uv": [7.75, 2, 6.5, 3.5], "texture": "#0"},
				"west": {"uv": [10.5, 10.5, 10.875, 12], "texture": "#0"},
				"up": {"uv": [5.75, 11.375, 4.5, 11], "texture": "#0"},
				"down": {"uv": [7.75, 11, 6.5, 11.375], "texture": "#0"}
			}
		},
		{
			"from": [5.3, 21, 7.1],
			"to": [7.4, 21.9, 7.9],
			"faces": {
				"north": {"uv": [5, 2, 6, 2.5], "texture": "#0"},
				"east": {"uv": [12.5, 10.5, 12.875, 11], "texture": "#0"},
				"south": {"uv": [6, 2, 5, 2.5], "texture": "#0"},
				"west": {"uv": [11, 12.5, 11.375, 13], "texture": "#0"},
				"up": {"uv": [12.5, 8.875, 11.5, 8.5], "texture": "#0"},
				"down": {"uv": [12.5, 9.5, 11.5, 9.875], "texture": "#0"}
			}
		},
		{
			"from": [9.5, 7.3, 7.1],
			"to": [9.9, 7.7, 7.9],
			"faces": {
				"north": {"uv": [13, 4, 13.25, 4.25], "texture": "#0"},
				"east": {"uv": [13, 0, 13.375, 0.25], "texture": "#0"},
				"south": {"uv": [5, 13, 5.25, 13.25], "texture": "#0"},
				"up": {"uv": [13.25, 1.375, 13, 1], "texture": "#0"},
				"down": {"uv": [2.25, 13, 2, 13.375], "texture": "#0"}
			}
		},
		{
			"from": [5.2, 7.3, 7.1],
			"to": [5.6, 7.7, 7.9],
			"faces": {
				"north": {"uv": [13, 5, 13.25, 5.25], "texture": "#0"},
				"south": {"uv": [6, 13, 6.25, 13.25], "texture": "#0"},
				"west": {"uv": [13, 2, 13.375, 2.25], "texture": "#0"},
				"up": {"uv": [3.25, 13.375, 3, 13], "texture": "#0"},
				"down": {"uv": [4.25, 13, 4, 13.375], "texture": "#0"}
			}
		},
		{
			"from": [5.5, 18, 7.1],
			"to": [8, 21, 7.9],
			"faces": {
				"north": {"uv": [6.5, 6, 7.75, 7.5], "texture": "#0"},
				"east": {"uv": [11, 1, 11.375, 2.5], "texture": "#0"},
				"south": {"uv": [7.75, 6, 6.5, 7.5], "texture": "#0"},
				"west": {"uv": [2, 11, 2.375, 12.5], "texture": "#0"},
				"up": {"uv": [1.25, 11.875, 0, 11.5], "texture": "#0"},
				"down": {"uv": [12.75, 7.5, 11.5, 7.875], "texture": "#0"}
			}
		},
		{
			"from": [5.3, 21.9, 7.1],
			"to": [6.5, 22.6, 7.9],
			"faces": {
				"north": {"uv": [12.5, 3, 13.125, 3.375], "texture": "#0"},
				"east": {"uv": [12.5, 11.5, 12.875, 11.875], "texture": "#0"},
				"south": {"uv": [13.125, 3, 12.5, 3.375], "texture": "#0"},
				"west": {"uv": [12, 12.5, 12.375, 12.875], "texture": "#0"},
				"up": {"uv": [10.125, 12.875, 9.5, 12.5], "texture": "#0"}
			}
		},
		{
			"from": [5.6, 10, 7.5],
			"to": [9.2, 15, 7.5],
			"faces": {
				"north": {"uv": [0, 0, 1.75, 2.5], "texture": "#0"},
				"east": {"uv": [7, 13, 7, 15.5], "texture": "#0"},
				"south": {"uv": [2.5, 0, 4.25, 2.5], "texture": "#0"},
				"west": {"uv": [7.5, 13, 7.5, 15.5], "texture": "#0"},
				"up": {"uv": [13.75, 7, 12, 7], "texture": "#0"}
			}
		},
		{
			"from": [5.6, 8, 7.5],
			"to": [9.2, 10, 7.5],
			"faces": {
				"north": {"uv": [7.5, 0, 9.25, 1], "texture": "#0"},
				"east": {"uv": [13, 8.5, 13, 9.5], "texture": "#0"},
				"south": {"uv": [0, 8, 1.75, 9], "texture": "#0"},
				"west": {"uv": [13, 12.5, 13, 13.5], "texture": "#0"},
				"up": {"uv": [14.75, 6, 13, 6], "texture": "#0"}
			}
		},
		{
			"from": [5.2, 15, 7.5],
			"to": [8.8, 18, 7.5],
			"faces": {
				"north": {"uv": [4, 3, 5.75, 4.5], "texture": "#0"},
				"east": {"uv": [0, 13.5, 0, 15], "texture": "#0"},
				"south": {"uv": [5, 0, 6.75, 1.5], "texture": "#0"},
				"west": {"uv": [0.5, 13.5, 0.5, 15], "texture": "#0"},
				"up": {"uv": [14.75, 6.5, 13, 6.5], "texture": "#0"}
			}
		},
		{
			"from": [4.9, 18, 7.5],
			"to": [8.5, 21, 7.5],
			"faces": {
				"north": {"uv": [4, 5, 5.75, 6.5], "texture": "#0"},
				"east": {"uv": [1, 13.5, 1, 15], "texture": "#0"},
				"south": {"uv": [0, 6, 1.75, 7.5], "texture": "#0"},
				"west": {"uv": [1.5, 13.5, 1.5, 15], "texture": "#0"},
				"up": {"uv": [14.75, 10, 13, 10], "texture": "#0"}
			}
		},
		{
			"from": [4.9, 21, 7.5],
			"to": [7.8, 21.9, 7.5],
			"faces": {
				"north": {"uv": [4.5, 10, 6, 10.5], "texture": "#0"},
				"east": {"uv": [13.5, 7.5, 13.5, 8], "texture": "#0"},
				"south": {"uv": [0, 10.5, 1.5, 11], "texture": "#0"},
				"west": {"uv": [8, 13.5, 8, 14], "texture": "#0"},
				"up": {"uv": [10, 13.5, 8.5, 13.5], "texture": "#0"}
			}
		},
		{
			"from": [4.9, 21.9, 7.5],
			"to": [7, 22.8, 7.5],
			"faces": {
				"north": {"uv": [3, 11, 4, 11.5], "texture": "#0"},
				"east": {"uv": [13.5, 8.5, 13.5, 9], "texture": "#0"},
				"south": {"uv": [11, 3, 12, 3.5], "texture": "#0"},
				"west": {"uv": [10.5, 13.5, 10.5, 14], "texture": "#0"},
				"up": {"uv": [14.5, 9.5, 13.5, 9.5], "texture": "#0"}
			}
		}
	],
	"display": {
		"thirdperson_righthand": {
			"rotation": [0, 90, 0],
			"translation": [0.5, 2.5, 0.5]
		},
		"thirdperson_lefthand": {
			"rotation": [0, -90, 0],
			"translation": [-0.5, 2.5, 0.25]
		},
		"firstperson_righthand": {
			"rotation": [0, 90, 0],
			"translation": [0.5, 2.5, 1.25]
		},
		"firstperson_lefthand": {
			"rotation": [0, -90, 0],
			"translation": [-0.5, 2.5, 0.25]
		},
		"gui": {
			"rotation": [0, 0, -42],
			"translation": [-0.75, -2.75, 0],
			"scale": [0.8, 0.8, 0.8]
		},
		"head": {
			"rotation": [-86, 91, -6],
			"translation": [1, 6, 5.5]
		},
		"fixed": {
			"translation": [0.75, -2.25, 0],
			"scale": [0.75, 0.75, 0.75]
		}
	},
	"groups": [
		{
			"name": "group",
			"origin": [0, 0, 0],
			"color": 0,
			"children": [0, 1, 2, 3, 4, 5, 6, 7, 8, 9, 10, 11, 12, 13, 14, 15, 16, 17, 18]
		}
	]
}