{
	"credit": "Made by NANIII",
	"texture_size": [64, 64],
	"textures": {
		"0": "naniii/mercenary_sword",
		"particle": "naniii/mercenary_sword"
	},
	"elements": [
		{
			"from": [7, 0.75, 8],
			"to": [8, 6.75, 9],
			"faces": {
				"north": {"uv": [2.515, 0.015, 2.735, 1.985], "texture": "#0"},
				"east": {"uv": [2.515, 0.015, 2.735, 1.985], "texture": "#0"},
				"south": {"uv": [2.515, 0.015, 2.735, 1.985], "texture": "#0"},
				"west": {"uv": [2.515, 0.015, 2.735, 1.985], "texture": "#0"},
				"up": {"uv": [4.485, 2.235, 4.265, 2.015], "texture": "#0"}
			}
		},
		{
			"from": [5, 6.5, 8],
			"to": [7, 6.75, 9],
			"faces": {
				"north": {"uv": [4.265, 3.015, 4.735, 3.125], "texture": "#0"},
				"south": {"uv": [4.265, 3.515, 4.735, 3.625], "texture": "#0"},
				"west": {"uv": [2.765, 5.015, 2.985, 5.125], "texture": "#0"},
				"up": {"uv": [3.985, 0.235, 3.515, 0.015], "texture": "#0"},
				"down": {"uv": [3.985, 0.515, 3.515, 0.735], "texture": "#0"}
			}
		},
		{
			"from": [8, 6.5, 8],
			"to": [10, 6.75, 9],
			"faces": {
				"north": {"uv": [4.265, 4.015, 4.735, 4.125], "texture": "#0"},
				"east": {"uv": [5.015, 3.015, 5.235, 3.125], "texture": "#0"},
				"south": {"uv": [2.265, 4.515, 2.735, 4.625], "texture": "#0"},
				"up": {"uv": [3.985, 1.235, 3.515, 1.015], "texture": "#0"},
				"down": {"uv": [3.985, 1.515, 3.515, 1.735], "texture": "#0"}
			}
		},
		{
			"from": [5.75, 6.25, 8.5],
			"to": [9.25, 21.5, 8.5],
			"faces": {
				"north": {"uv": [2.125, 0.015, 1.265, 3.875], "texture": "#0"},
				"south": {"uv": [1.265, 0.015, 2.125, 3.875], "texture": "#0"}
			}
		},
		{
			"from": [8.5, 6.25, 8],
			"to": [10.5, 6.5, 9],
			"faces": {
				"north": {"uv": [3.015, 4.515, 3.485, 4.625], "texture": "#0"},
				"east": {"uv": [5.015, 3.515, 5.235, 3.625], "texture": "#0"},
				"south": {"uv": [3.765, 4.515, 4.235, 4.625], "texture": "#0"},
				"west": {"uv": [3.765, 5.015, 3.985, 5.125], "texture": "#0"},
				"up": {"uv": [3.985, 2.235, 3.515, 2.015], "texture": "#0"},
				"down": {"uv": [3.985, 2.515, 3.515, 2.735], "texture": "#0"}
			}
		},
		{
			"from": [6.75, 21.45, 8.5],
			"to": [8.25, 22.45, 8.5],
			"faces": {
				"north": {"uv": [1.515, 4.265, 1.875, 4.485], "texture": "#0", "cullface": "up"},
				"south": {"uv": [1.875, 4.265, 1.515, 4.485], "texture": "#0", "cullface": "up"}
			}
		},
		{
			"from": [4.5, 6.25, 8],
			"to": [6.5, 6.5, 9],
			"faces": {
				"north": {"uv": [4.515, 4.515, 4.985, 4.625], "texture": "#0"},
				"east": {"uv": [5.015, 4.015, 5.235, 4.125], "texture": "#0"},
				"south": {"uv": [0.765, 4.765, 1.235, 4.875], "texture": "#0"},
				"west": {"uv": [4.265, 5.015, 4.485, 5.125], "texture": "#0"},
				"up": {"uv": [3.985, 3.235, 3.515, 3.015], "texture": "#0"},
				"down": {"uv": [3.985, 3.515, 3.515, 3.735], "texture": "#0"}
			}
		},
		{
			"from": [8, 6, 8],
			"to": [10, 6.25, 9],
			"faces": {
				"north": {"uv": [0.765, 4.765, 1.235, 4.875], "texture": "#0"},
				"east": {"uv": [4.765, 5.015, 4.985, 5.125], "texture": "#0"},
				"south": {"uv": [0.765, 4.765, 1.235, 4.875], "texture": "#0"},
				"up": {"uv": [3.985, 4.235, 3.515, 4.015], "texture": "#0"},
				"down": {"uv": [1.235, 4.265, 0.765, 4.485], "texture": "#0"}
			}
		},
		{
			"from": [5, 6, 8],
			"to": [7, 6.25, 9],
			"faces": {
				"north": {"uv": [4.765, 2.015, 5.235, 2.125], "texture": "#0"},
				"south": {"uv": [4.765, 2.515, 5.235, 2.625], "texture": "#0"},
				"west": {"uv": [0.515, 5.265, 0.735, 5.375], "texture": "#0"},
				"up": {"uv": [4.735, 0.235, 4.265, 0.015], "texture": "#0"},
				"down": {"uv": [4.735, 0.515, 4.265, 0.735], "texture": "#0"}
			}
		},
		{
			"from": [6.5, 0.5, 8],
			"to": [8.5, 0.75, 9],
			"faces": {
				"north": {"uv": [5.015, 0.015, 5.485, 0.125], "texture": "#0"},
				"east": {"uv": [1.515, 5.265, 1.735, 5.375], "texture": "#0"},
				"south": {"uv": [5.015, 0.515, 5.485, 0.625], "texture": "#0"},
				"west": {"uv": [5.265, 4.515, 5.485, 4.625], "texture": "#0"},
				"down": {"uv": [4.735, 1.015, 4.265, 1.235], "texture": "#0"}
			}
		},
		{
			"from": [7, 0.3, 8],
			"to": [8, 0.55, 9],
			"faces": {
				"north": {"uv": [5.265, 5.015, 5.485, 5.125], "texture": "#0"},
				"east": {"uv": [5.515, 1.015, 5.735, 1.125], "texture": "#0"},
				"south": {"uv": [5.515, 1.515, 5.735, 1.625], "texture": "#0"},
				"west": {"uv": [2.015, 5.515, 2.235, 5.625], "texture": "#0"},
				"down": {"uv": [5.235, 1.515, 5.015, 1.735], "texture": "#0"}
			}
		},
		{
			"from": [8, 0.7, 8],
			"to": [9, 0.95, 9],
			"faces": {
				"north": {"uv": [5.015, 0.015, 5.485, 0.125], "texture": "#0"},
				"east": {"uv": [1.515, 5.265, 1.735, 5.375], "texture": "#0"},
				"south": {"uv": [5.015, 0.515, 5.485, 0.625], "texture": "#0"},
				"up": {"uv": [1.235, 4.485, 0.765, 4.265], "texture": "#0"},
				"down": {"uv": [4.735, 1.015, 4.265, 1.235], "texture": "#0"}
			}
		},
		{
			"from": [6, 0.7, 8],
			"to": [7, 0.95, 9],
			"faces": {
				"north": {"uv": [5.015, 0.015, 5.485, 0.125], "texture": "#0"},
				"south": {"uv": [5.015, 0.515, 5.485, 0.625], "texture": "#0"},
				"west": {"uv": [5.265, 4.515, 5.485, 4.625], "texture": "#0"},
				"up": {"uv": [1.235, 4.485, 0.765, 4.265], "texture": "#0"},
				"down": {"uv": [4.735, 1.015, 4.265, 1.235], "texture": "#0"}
			}
		}
	],
	"display": {
		"thirdperson_righthand": {
			"rotation": [0, -90, 1],
			"translation": [0.75, 2.75, 1.25]
		},
		"thirdperson_lefthand": {
			"rotation": [0, -90, 1],
			"translation": [0.75, 2.75, 1.25]
		},
		"firstperson_righthand": {
			"rotation": [0, -90, 1],
			"translation": [0.75, 2.75, 1.25]
		},
		"firstperson_lefthand": {
			"rotation": [0, -90, 1],
			"translation": [0.75, 2.75, 1.25]
		},
		"ground": {
			"rotation": [0, -90, 1],
			"translation": [0.75, 2.75, 1.25]
		},
		"gui": {
			"translation": [0.5, -2.5, -1],
			"scale": [0.7, 0.7, 0.7]
		},
		"head": {
			"rotation": [0, -90, 1],
			"translation": [0.75, 2.75, 1.25]
		},
		"fixed": {
			"translation": [0, -2.5, -1],
			"scale": [0.8, 0.8, 0.8]
		}
	},
	"groups": [
		{
			"name": "group",
			"origin": [0, 0, 0],
			"color": 0,
			"children": [0, 1, 2, 3, 4, 5, 6, 7, 8, 9, 10, 11]
		},
		12
	]
}