{
	"credit": "Made with Blockbench",
	"parent": "stick",
	"texture_size": [32, 32],
	"textures": {
		"0": "naniii/oldstone_sword",
		"particle": "naniii/oldstone_sword"
	},
	"elements": [
		{
			"from": [6, 0, 7],
			"to": [7, 14, 8],
			"faces": {
				"north": {"uv": [7.5, 0.5, 8, 7.5], "texture": "#0"},
				"east": {"uv": [7, 0.5, 7.5, 7.5], "texture": "#0"},
				"south": {"uv": [8.5, 0.5, 9, 7.5], "texture": "#0"},
				"west": {"uv": [8, 0.5, 8.5, 7.5], "texture": "#0"},
				"up": {"uv": [8, 0.5, 7.5, 0], "texture": "#0"},
				"down": {"uv": [8.5, 0, 8, 0.5], "texture": "#0"}
			}
		},
		{
			"from": [6, 18, 7],
			"to": [7, 24, 8],
			"faces": {
				"north": {"uv": [7.5, 8.5, 8, 11.5], "texture": "#0"},
				"east": {"uv": [7, 8.5, 7.5, 11.5], "texture": "#0"},
				"south": {"uv": [8.5, 8.5, 9, 11.5], "texture": "#0"},
				"west": {"uv": [8, 8.5, 8.5, 11.5], "texture": "#0"},
				"up": {"uv": [8, 8.5, 7.5, 8], "texture": "#0"},
				"down": {"uv": [8.5, 8, 8, 8.5], "texture": "#0"}
			}
		},
		{
			"from": [6, 7, 8],
			"to": [7, 8, 10],
			"faces": {
				"north": {"uv": [4.5, 10, 5, 10.5], "texture": "#0"},
				"east": {"uv": [3.5, 10, 4.5, 10.5], "texture": "#0"},
				"south": {"uv": [6, 10, 6.5, 10.5], "texture": "#0"},
				"west": {"uv": [5, 10, 6, 10.5], "texture": "#0"},
				"up": {"uv": [5, 10, 4.5, 9], "texture": "#0"},
				"down": {"uv": [5.5, 9, 5, 10], "texture": "#0"}
			}
		},
		{
			"from": [6, 8, 10],
			"to": [7, 10, 11],
			"faces": {
				"north": {"uv": [10, 10.5, 10.5, 11.5], "texture": "#0"},
				"east": {"uv": [9.5, 10.5, 10, 11.5], "texture": "#0"},
				"south": {"uv": [11, 10.5, 11.5, 11.5], "texture": "#0"},
				"west": {"uv": [10.5, 10.5, 11, 11.5], "texture": "#0"},
				"up": {"uv": [10.5, 10.5, 10, 10], "texture": "#0"},
				"down": {"uv": [11, 10, 10.5, 10.5], "texture": "#0"}
			}
		},
		{
			"from": [6, 8, 4],
			"to": [7, 10, 5],
			"faces": {
				"north": {"uv": [10, 8.5, 10.5, 9.5], "texture": "#0"},
				"east": {"uv": [9.5, 8.5, 10, 9.5], "texture": "#0"},
				"south": {"uv": [11, 8.5, 11.5, 9.5], "texture": "#0"},
				"west": {"uv": [10.5, 8.5, 11, 9.5], "texture": "#0"},
				"up": {"uv": [10.5, 8.5, 10, 8], "texture": "#0"},
				"down": {"uv": [11, 8, 10.5, 8.5], "texture": "#0"}
			}
		},
		{
			"from": [6, 23, 6],
			"to": [7, 24, 7],
			"faces": {
				"north": {"uv": [10, 6.5, 10.5, 7], "texture": "#0"},
				"east": {"uv": [9.5, 6.5, 10, 7], "texture": "#0"},
				"south": {"uv": [11, 6.5, 11.5, 7], "texture": "#0"},
				"west": {"uv": [10.5, 6.5, 11, 7], "texture": "#0"},
				"up": {"uv": [10.5, 6.5, 10, 6], "texture": "#0"},
				"down": {"uv": [11, 6, 10.5, 6.5], "texture": "#0"}
			}
		},
		{
			"from": [6, 23, 8],
			"to": [7, 24, 9],
			"faces": {
				"north": {"uv": [10, 4.5, 10.5, 5], "texture": "#0"},
				"east": {"uv": [9.5, 4.5, 10, 5], "texture": "#0"},
				"south": {"uv": [11, 4.5, 11.5, 5], "texture": "#0"},
				"west": {"uv": [10.5, 4.5, 11, 5], "texture": "#0"},
				"up": {"uv": [10.5, 4.5, 10, 4], "texture": "#0"},
				"down": {"uv": [11, 4, 10.5, 4.5], "texture": "#0"}
			}
		},
		{
			"from": [6, 1, 8],
			"to": [7, 3, 9],
			"faces": {
				"north": {"uv": [10, 2.5, 10.5, 3.5], "texture": "#0"},
				"east": {"uv": [9.5, 2.5, 10, 3.5], "texture": "#0"},
				"south": {"uv": [11, 2.5, 11.5, 3.5], "texture": "#0"},
				"west": {"uv": [10.5, 2.5, 11, 3.5], "texture": "#0"},
				"up": {"uv": [10.5, 2.5, 10, 2], "texture": "#0"},
				"down": {"uv": [11, 2, 10.5, 2.5], "texture": "#0"}
			}
		},
		{
			"from": [6, 1, 6],
			"to": [7, 3, 7],
			"faces": {
				"north": {"uv": [10, 0.5, 10.5, 1.5], "texture": "#0"},
				"east": {"uv": [9.5, 0.5, 10, 1.5], "texture": "#0"},
				"south": {"uv": [11, 0.5, 11.5, 1.5], "texture": "#0"},
				"west": {"uv": [10.5, 0.5, 11, 1.5], "texture": "#0"},
				"up": {"uv": [10.5, 0.5, 10, 0], "texture": "#0"},
				"down": {"uv": [11, 0, 10.5, 0.5], "texture": "#0"}
			}
		},
		{
			"from": [6, 8, 8],
			"to": [7, 23, 10],
			"faces": {
				"north": {"uv": [4.5, 1, 5, 8.5], "texture": "#0"},
				"east": {"uv": [3.5, 1, 4.5, 8.5], "texture": "#0"},
				"south": {"uv": [6, 1, 6.5, 8.5], "texture": "#0"},
				"west": {"uv": [5, 1, 6, 8.5], "texture": "#0"},
				"up": {"uv": [5, 1, 4.5, 0], "texture": "#0"},
				"down": {"uv": [5.5, 0, 5, 1], "texture": "#0"}
			}
		},
		{
			"from": [6, 8, 5],
			"to": [7, 23, 7],
			"faces": {
				"north": {"uv": [1, 1, 1.5, 8.5], "texture": "#0"},
				"east": {"uv": [0, 1, 1, 8.5], "texture": "#0"},
				"south": {"uv": [2.5, 1, 3, 8.5], "texture": "#0"},
				"west": {"uv": [1.5, 1, 2.5, 8.5], "texture": "#0"},
				"up": {"uv": [1.5, 1, 1, 0], "texture": "#0"},
				"down": {"uv": [2, 0, 1.5, 1], "texture": "#0"}
			}
		},
		{
			"from": [6, 7, 5],
			"to": [7, 8, 7],
			"faces": {
				"north": {"uv": [1, 10, 1.5, 10.5], "texture": "#0"},
				"east": {"uv": [0, 10, 1, 10.5], "texture": "#0"},
				"south": {"uv": [2.5, 10, 3, 10.5], "texture": "#0"},
				"west": {"uv": [1.5, 10, 2.5, 10.5], "texture": "#0"},
				"up": {"uv": [1.5, 10, 1, 9], "texture": "#0"},
				"down": {"uv": [2, 9, 1.5, 10], "texture": "#0"}
			}
		}
	],
	"display": {
		"thirdperson_righthand": {
			"translation": [1.5, 1.25, 1.75]
		},
		"thirdperson_lefthand": {
			"translation": [-1.25, 1.25, 1.75]
		},
		"gui": {
			"rotation": [90, 53.5, -90],
			"translation": [-0.5, -2.25, -1.25],
			"scale": [0.6, 0.6, 0.6]
		},
		"head": {
			"rotation": [149, 0, 0],
			"translation": [1.25, 9.25, -2.75]
		},
		"fixed": {
			"rotation": [0, 90, 0],
			"translation": [0, -2.5, -1.25],
			"scale": [0.7, 0.7, 0.7]
		}
	},
	"groups": [
		{
			"name": "all",
			"origin": [8, 8, 8],
			"color": 5,
			"children": [0, 1, 2, 3, 4, 5, 6, 7, 8, 9, 10, 11]
		}
	]
}