{
	"credit": "Made with Blockbench",
	"texture_size": [32, 32],
	"textures": {
		"1": "naniii/ordinary_sword"
	},
	"elements": [
		{
			"from": [5.8, 8, 7.8],
			"to": [11.2, 9, 9.2],
			"faces": {
				"north": {"uv": [0.016, 7.016, 2.75, 7.484], "texture": "#1"},
				"east": {"uv": [2.016, 8.016, 2.484, 8.484], "texture": "#1"},
				"south": {"uv": [7.016, 2.016, 9.75, 2.484], "texture": "#1"},
				"west": {"uv": [2.516, 8.016, 2.984, 8.484], "texture": "#1"},
				"up": {"uv": [9.75, 2.984, 7.016, 2.516], "texture": "#1"},
				"down": {"uv": [5.75, 7.016, 3.016, 7.484], "texture": "#1"}
			}
		},
		{
			"from": [8, 2, 8],
			"to": [9, 8, 9],
			"faces": {
				"north": {"uv": [6.016, 2.016, 6.484, 4.984], "texture": "#1"},
				"east": {"uv": [6.016, 5.016, 6.484, 7.984], "texture": "#1"},
				"south": {"uv": [6.516, 2.016, 6.984, 4.984], "texture": "#1"},
				"west": {"uv": [6.516, 5.016, 6.984, 7.984], "texture": "#1"}
			}
		},
		{
			"from": [6, 9, 8],
			"to": [11, 23, 9],
			"faces": {
				"north": {"uv": [4.984, 0.016, 2.516, 6.984], "texture": "#1"},
				"east": {"uv": [5.016, 0.016, 5.484, 6.984], "texture": "#1"},
				"south": {"uv": [2.516, 0.016, 4.984, 6.984], "texture": "#1"},
				"west": {"uv": [5.516, 0.016, 5.984, 6.984], "texture": "#1"},
				"up": {"uv": [9.484, 3.484, 7.016, 3.016], "texture": "#1", "cullface": "up"}
			}
		},
		{
			"from": [7, 23, 8],
			"to": [10, 24, 9],
			"faces": {
				"north": {"uv": [8.484, 5.516, 7.016, 5.984], "texture": "#1", "cullface": "up"},
				"east": {"uv": [4.016, 8.016, 4.484, 8.484], "texture": "#1", "cullface": "up"},
				"south": {"uv": [7.016, 5.516, 8.484, 5.984], "texture": "#1", "cullface": "up"},
				"west": {"uv": [4.516, 8.016, 4.984, 8.484], "texture": "#1", "cullface": "up"},
				"up": {"uv": [8.484, 6.484, 7.016, 6.016], "texture": "#1", "cullface": "up"}
			}
		},
		{
			"from": [7.8, 1, 7.8],
			"to": [9.2, 2, 9.2],
			"faces": {
				"north": {"uv": [1.016, 7.516, 1.75, 7.984], "texture": "#1"},
				"east": {"uv": [2.016, 7.516, 2.75, 7.984], "texture": "#1"},
				"south": {"uv": [3.016, 7.516, 3.75, 7.984], "texture": "#1"},
				"west": {"uv": [4.016, 7.516, 4.75, 7.984], "texture": "#1"},
				"up": {"uv": [7.75, 7.75, 7.016, 7.016], "texture": "#1"},
				"down": {"uv": [0.75, 7.516, 0.016, 8.25], "texture": "#1"}
			}
		}
	],
	"display": {
		"thirdperson_righthand": {
			"rotation": [0, 90, 0],
			"translation": [-0.5, 1, 1.25]
		},
		"thirdperson_lefthand": {
			"rotation": [0, 90, 0],
			"translation": [-0.5, 1, 0.25]
		},
		"firstperson_righthand": {
			"rotation": [0, 90, 0],
			"translation": [-0.5, 1, 1.25]
		},
		"firstperson_lefthand": {
			"rotation": [0, 90, 0],
			"translation": [-0.5, 1, 0.25]
		},
		"ground": {
			"rotation": [0, 90, 0],
			"translation": [-0.5, 1, 0.25]
		},
		"gui": {
			"rotation": [0, 0, -32],
			"translation": [-1.75, -2.5, -0.75],
			"scale": [0.7, 0.7, 0.7]
		},
		"head": {
			"rotation": [0, 90, -148],
			"translation": [-0.5, 10.25, 5]
		},
		"fixed": {
			"translation": [0, -3.25, -0.75],
			"scale": [0.7, 0.7, 0.7]
		}
	},
	"groups": [
		{
			"name": "group",
			"origin": [8, 8, 8],
			"color": 0,
			"children": [0, 1, 2, 3, 4]
		}
	]
}