{
	"credit": "Made with Blockbench",
	"texture_size": [32, 32],
	"textures": {
		"0": "naniii/soilder_sword",
		"particle": "naniii/soilder_sword"
	},
	"elements": [
		{
			"from": [7, -0.8, 6.4],
			"to": [8, 0, 7.5],
			"rotation": {"angle": -22.5, "axis": "y", "origin": [7.5, -0.4, 6.95]},
			"faces": {
				"north": {"uv": [0.016, 14.516, 0.484, 14.875], "texture": "#0"},
				"east": {"uv": [14.516, 1.016, 15.0625, 1.375], "texture": "#0"},
				"south": {"uv": [14.516, 3.016, 14.984, 3.375], "texture": "#0"},
				"west": {"uv": [14.516, 2.016, 15.0625, 2.375], "texture": "#0"},
				"up": {"uv": [1.484, 14.0625, 1.016, 13.516], "texture": "#0"},
				"down": {"uv": [2.484, 13.516, 2.016, 14.0625], "texture": "#0"}
			}
		},
		{
			"from": [7, 5.7, 7],
			"to": [8, 22.7, 9],
			"faces": {
				"north": {"uv": [3.016, 0.016, 3.484, 8.484], "texture": "#0"},
				"east": {"uv": [0.016, 0.016, 0.984, 8.484], "texture": "#0"},
				"south": {"uv": [4.016, 0.016, 4.484, 8.484], "texture": "#0"},
				"west": {"uv": [1.516, 0.016, 2.484, 8.484], "texture": "#0"},
				"up": {"uv": [12.984, 3.984, 12.516, 3.016], "texture": "#0"}
			}
		},
		{
			"from": [7, 24.1, 5.6],
			"to": [8, 25.1, 9.5],
			"rotation": {"angle": -45, "axis": "x", "origin": [7.5, 22.5, 7]},
			"faces": {
				"north": {"uv": [4.516, 14.016, 4.984, 14.484], "texture": "#0"},
				"east": {"uv": [10.016, 5.516, 11.9375, 5.984], "texture": "#0"},
				"south": {"uv": [14.016, 4.516, 14.484, 4.984], "texture": "#0"},
				"west": {"uv": [10.016, 6.516, 11.9375, 6.984], "texture": "#0"},
				"up": {"uv": [10.484, 9.4375, 10.016, 7.516], "texture": "#0"},
				"down": {"uv": [9.484, 10.016, 9.016, 11.9375], "texture": "#0"}
			}
		},
		{
			"from": [7, 24, 5.4],
			"to": [8, 25, 8.3],
			"rotation": {"angle": 45, "axis": "x", "origin": [7.5, 22.5, 7]},
			"faces": {
				"north": {"uv": [5.516, 14.016, 5.984, 14.484], "texture": "#0"},
				"east": {"uv": [10.516, 1.016, 11.9375, 1.484], "texture": "#0"},
				"south": {"uv": [14.016, 5.516, 14.484, 5.984], "texture": "#0"},
				"west": {"uv": [10.516, 2.016, 11.9375, 2.484], "texture": "#0"},
				"up": {"uv": [6.984, 11.9375, 6.516, 10.516], "texture": "#0"},
				"down": {"uv": [7.984, 10.516, 7.516, 11.9375], "texture": "#0"}
			}
		},
		{
			"from": [7, 17.7, 4.9],
			"to": [8, 22.7, 7],
			"faces": {
				"north": {"uv": [5.516, 9.016, 5.984, 11.484], "texture": "#0"},
				"east": {"uv": [7.016, 0.016, 8.0625, 2.484], "texture": "#0"},
				"west": {"uv": [7.016, 3.016, 8.0625, 5.484], "texture": "#0"},
				"up": {"uv": [3.484, 13.0625, 3.016, 12.016], "texture": "#0"},
				"down": {"uv": [5.984, 12.016, 5.516, 13.0625], "texture": "#0"}
			}
		},
		{
			"from": [7, 5.7, 4.9],
			"to": [8, 13.7, 7],
			"faces": {
				"north": {"uv": [7.016, 6.016, 7.484, 9.984], "texture": "#0"},
				"east": {"uv": [5.016, 0.016, 6.0625, 3.984], "texture": "#0"},
				"west": {"uv": [5.016, 4.516, 6.0625, 8.484], "texture": "#0"},
				"up": {"uv": [12.484, 8.5625, 12.016, 7.516], "texture": "#0"}
			}
		},
		{
			"from": [7, 16.7, 6],
			"to": [8, 17.7, 7],
			"faces": {
				"north": {"uv": [6.516, 14.016, 6.984, 14.484], "texture": "#0"},
				"east": {"uv": [14.016, 6.516, 14.484, 6.984], "texture": "#0"},
				"west": {"uv": [14.016, 7.516, 14.484, 7.984], "texture": "#0"},
				"down": {"uv": [14.484, 8.516, 14.016, 8.984], "texture": "#0"}
			}
		},
		{
			"from": [7, 13.7, 6],
			"to": [8, 14.7, 7],
			"faces": {
				"north": {"uv": [14.016, 9.516, 14.484, 9.984], "texture": "#0"},
				"east": {"uv": [14.016, 10.516, 14.484, 10.984], "texture": "#0"},
				"west": {"uv": [14.016, 11.516, 14.484, 11.984], "texture": "#0"},
				"up": {"uv": [12.484, 14.484, 12.016, 14.016], "texture": "#0"}
			}
		},
		{
			"from": [7, 22.7, 6],
			"to": [8, 23.7, 8],
			"faces": {
				"north": {"uv": [13.016, 14.016, 13.484, 14.484], "texture": "#0"},
				"east": {"uv": [12.516, 4.516, 13.484, 4.984], "texture": "#0"},
				"south": {"uv": [14.016, 13.516, 14.484, 13.984], "texture": "#0"},
				"west": {"uv": [12.516, 5.516, 13.484, 5.984], "texture": "#0"},
				"up": {"uv": [6.984, 13.484, 6.516, 12.516], "texture": "#0"}
			}
		},
		{
			"from": [7, -0.1, 6.4],
			"to": [8, 5.7, 7.5],
			"faces": {
				"north": {"uv": [0.0625, 8.9535, 0.5305, 11.8125], "texture": "#0"},
				"east": {"uv": [0.016, 8.9535, 0.5625, 11.8125], "texture": "#0"},
				"south": {"uv": [0.016, 8.9535, 0.484, 11.8125], "texture": "#0"},
				"west": {"uv": [0.016, 8.9535, 0.5625, 11.8125], "texture": "#0"},
				"down": {"uv": [10.484, 13.516, 10.016, 14.0625], "texture": "#0"}
			}
		},
		{
			"from": [6.8, 4.9, 4.7],
			"to": [8.2, 5.7, 9.2],
			"faces": {
				"north": {"uv": [13.516, 0.016, 14.1875, 0.375], "texture": "#0"},
				"east": {"uv": [10.016, 10.016, 12.25, 10.375], "texture": "#0"},
				"south": {"uv": [3.016, 14.016, 3.6875, 14.375], "texture": "#0"},
				"west": {"uv": [10.516, 0.016, 12.75, 0.375], "texture": "#0"},
				"up": {"uv": [2.1875, 11.25, 1.516, 9.016], "texture": "#0"},
				"down": {"uv": [3.6875, 9.016, 3.016, 11.25], "texture": "#0"}
			}
		},
		{
			"from": [6.6, 4.7, 6.4],
			"to": [8.4, 5.9, 7.5],
			"rotation": {"angle": -45, "axis": "x", "origin": [7.45, 5.3, 6.95]},
			"faces": {
				"north": {"uv": [11.016, 11.016, 11.875, 11.625], "texture": "#0"},
				"east": {"uv": [13.0625, 12.516, 12.516, 13.125], "texture": "#0"},
				"south": {"uv": [1.516, 12.016, 2.375, 12.625], "texture": "#0"},
				"west": {"uv": [12.516, 12.516, 13.0625, 13.125], "texture": "#0"},
				"up": {"uv": [9.375, 13.0625, 8.516, 12.516], "texture": "#0"},
				"down": {"uv": [11.875, 12.516, 11.016, 13.0625], "texture": "#0"}
			}
		},
		{
			"from": [7.2, 22.7, 5],
			"to": [7.8, 23.7, 9],
			"faces": {
				"north": {"uv": [14.016, 14.516, 14.3125, 14.984], "texture": "#0"},
				"east": {"uv": [10.016, 3.516, 11.984, 3.984], "texture": "#0"},
				"west": {"uv": [10.016, 4.516, 11.984, 4.984], "texture": "#0"}
			}
		},
		{
			"from": [7.2, 23.7, 5.9],
			"to": [7.8, 24.7, 8],
			"faces": {
				"east": {"uv": [12.516, 1.016, 13.5625, 1.484], "texture": "#0"},
				"west": {"uv": [12.516, 2.016, 13.5625, 2.484], "texture": "#0"}
			}
		}
	],
	"display": {
		"thirdperson_righthand": {
			"rotation": [0, -180, 0],
			"translation": [-0.5, 3.75, 0]
		},
		"thirdperson_lefthand": {
			"rotation": [0, -180, 0],
			"translation": [0.5, 3.75, 0]
		},
		"firstperson_righthand": {
			"rotation": [0, -180, 0],
			"translation": [-0.5, 3.75, 0]
		},
		"firstperson_lefthand": {
			"rotation": [0, -180, 0],
			"translation": [-0.5, 3.75, 0]
		},
		"ground": {
			"translation": [0, 6.75, 0]
		},
		"gui": {
			"rotation": [-86.86, -50.45, -87.59],
			"translation": [-1.75, -2, 0],
			"scale": [0.6, 0.6, 0.6]
		},
		"head": {
			"rotation": [0, -89.75, 88.25],
			"translation": [0, 4.75, 5.75]
		},
		"fixed": {
			"rotation": [0, -88, 0],
			"translation": [-0.5, -3, 0],
			"scale": [0.7, 0.7, 0.7]
		}
	},
	"groups": [
		{
			"name": "group",
			"origin": [7.45, 5.3, 6.95],
			"color": 0,
			"children": [0, 1, 2, 3, 4, 5, 6, 7, 8, 9, 10, 11, 12, 13]
		}
	]
}