{
	"credit": "Made with Blockbench",
	"texture_size": [64, 64],
	"textures": {
		"1": "naniii/soul_sword",
		"particle": "naniii/soul_sword"
	},
	"elements": [
		{
			"from": [7, 3, 7],
			"to": [8, 9, 8],
			"faces": {
				"north": {"uv": [3.225, 3.775, 3.025, 5.225], "texture": "#1"},
				"east": {"uv": [3.225, 3.775, 3.025, 5.225], "texture": "#1"},
				"south": {"uv": [3.025, 3.775, 3.225, 5.225], "texture": "#1"},
				"west": {"uv": [3.225, 3.775, 3.025, 5.225], "texture": "#1"},
				"up": {"uv": [6.475, 5.725, 6.275, 5.525], "texture": "#1"},
				"down": {"uv": [0.008, 0.008, 0.242, 0.242], "texture": "#1"}
			}
		},
		{
			"from": [6.9, 2, 6.9],
			"to": [8.1, 3, 8.1],
			"faces": {
				"north": {"uv": [2.025, 6.275, 2.3125, 6.475], "texture": "#1"},
				"east": {"uv": [6.275, 2.275, 6.5625, 2.475], "texture": "#1"},
				"south": {"uv": [2.775, 6.275, 3.0625, 6.475], "texture": "#1"},
				"west": {"uv": [6.275, 2.775, 6.5625, 2.975], "texture": "#1"},
				"up": {"uv": [2.3125, 5.8125, 2.025, 5.525], "texture": "#1"},
				"down": {"uv": [5.8125, 2.025, 5.525, 2.3125], "texture": "#1"}
			}
		},
		{
			"from": [7, 9, 7.4],
			"to": [8, 11.2, 7.6],
			"faces": {
				"north": {"uv": [5.525, 0.025, 5.725, 0.5625], "texture": "#1"},
				"east": {"uv": [7.275, 4.525, 7.3125, 5.0625], "texture": "#1"},
				"south": {"uv": [5.525, 1.025, 5.725, 1.5625], "texture": "#1"},
				"west": {"uv": [2.025, 7.525, 2.0625, 8.0625], "texture": "#1"},
				"up": {"uv": [6.725, 7.5625, 6.525, 7.525], "texture": "#1"},
				"down": {"uv": [0.008, 0.008, 0.242, 0.05], "texture": "#1"}
			}
		},
		{
			"from": [8, 11, 7],
			"to": [9, 25, 8],
			"faces": {
				"north": {"uv": [1.225, 0.025, 1.025, 3.475], "texture": "#1"},
				"east": {"uv": [0.525, 0.025, 0.725, 3.475], "texture": "#1"},
				"south": {"uv": [1.025, 0.025, 1.225, 3.475], "texture": "#1"},
				"west": {"uv": [1.525, 0.025, 1.725, 3.475], "texture": "#1"},
				"up": {"uv": [0.008, 0.008, 0.242, 0.242], "texture": "#1"},
				"down": {"uv": [6.475, 6.025, 6.275, 6.225], "texture": "#1"}
			}
		},
		{
			"from": [8, 9, 7.4],
			"to": [9, 10, 7.6],
			"faces": {
				"north": {"uv": [5.525, 6.525, 5.725, 6.725], "texture": "#1"},
				"east": {"uv": [7.525, 6.775, 7.5625, 6.975], "texture": "#1"},
				"south": {"uv": [6.025, 6.525, 6.225, 6.725], "texture": "#1"},
				"west": {"uv": [0.008, 0.008, 0.05, 0.242], "texture": "#1"},
				"up": {"uv": [7.225, 7.5625, 7.025, 7.525], "texture": "#1"},
				"down": {"uv": [7.725, 7.275, 7.525, 7.3125], "texture": "#1"}
			}
		},
		{
			"from": [8.3, 10.6, 7.4],
			"to": [8.8, 11, 7.6],
			"faces": {
				"north": {"uv": [7.775, 0.025, 7.875, 0.125], "texture": "#1"},
				"east": {"uv": [1.025, 8.275, 1.0625, 8.375], "texture": "#1"},
				"south": {"uv": [7.775, 0.525, 7.875, 0.625], "texture": "#1"},
				"west": {"uv": [8.275, 1.025, 8.3125, 1.125], "texture": "#1"},
				"up": {"uv": [0.008, 0.008, 0.125, 0.05], "texture": "#1"},
				"down": {"uv": [1.625, 8.275, 1.525, 8.3125], "texture": "#1"}
			}
		},
		{
			"from": [6, 9, 7.4],
			"to": [7, 10, 7.6],
			"rotation": {"angle": 0, "axis": "y", "origin": [16, 0, 0]},
			"faces": {
				"north": {"uv": [6.525, 6.525, 6.725, 6.725], "texture": "#1"},
				"east": {"uv": [-0.008, 0.008, -0.008, 0.242], "texture": "#1"},
				"south": {"uv": [6.775, 0.025, 6.975, 0.225], "texture": "#1"},
				"west": {"uv": [7.775, 1.025, 7.8125, 1.225], "texture": "#1"},
				"up": {"uv": [7.975, 1.5625, 7.775, 1.525], "texture": "#1"},
				"down": {"uv": [7.975, 2.025, 7.775, 2.0625], "texture": "#1"}
			}
		},
		{
			"from": [6, 10, 7.4],
			"to": [6.5, 10.6, 7.6],
			"rotation": {"angle": 0, "axis": "y", "origin": [16, 0, 0]},
			"faces": {
				"north": {"uv": [7.775, 2.525, 7.875, 2.625], "texture": "#1"},
				"east": {"uv": [8.275, 1.525, 8.3125, 1.625], "texture": "#1"},
				"south": {"uv": [7.775, 3.025, 7.875, 3.125], "texture": "#1"},
				"west": {"uv": [-0.008, 0.008, -0.008, 0.15], "texture": "#1"},
				"up": {"uv": [8.375, 2.0625, 8.275, 2.025], "texture": "#1"},
				"down": {"uv": [0.125, 0.008, 0.008, 0], "texture": "#1"}
			}
		},
		{
			"from": [6.2, 10.6, 7.4],
			"to": [6.7, 11, 7.6],
			"rotation": {"angle": 0, "axis": "y", "origin": [16, 0, 0]},
			"faces": {
				"north": {"uv": [7.775, 3.525, 7.875, 3.625], "texture": "#1"},
				"east": {"uv": [8.275, 2.525, 8.3125, 2.625], "texture": "#1"},
				"south": {"uv": [7.775, 4.025, 7.875, 4.125], "texture": "#1"},
				"west": {"uv": [8.275, 3.025, 8.3125, 3.125], "texture": "#1"},
				"up": {"uv": [0.125, 0.008, 0.008, 0], "texture": "#1"},
				"down": {"uv": [8.375, 3.525, 8.275, 3.5625], "texture": "#1"}
			}
		},
		{
			"from": [8.5, 10, 7.4],
			"to": [9, 10.6, 7.6],
			"faces": {
				"north": {"uv": [7.775, 4.525, 7.875, 4.625], "texture": "#1"},
				"east": {"uv": [0.008, 0.008, 0.05, 0.15], "texture": "#1"},
				"south": {"uv": [7.775, 5.025, 7.875, 5.125], "texture": "#1"},
				"west": {"uv": [4.025, 8.275, 4.0625, 8.375], "texture": "#1"},
				"up": {"uv": [8.375, 4.0625, 8.275, 4.025], "texture": "#1"},
				"down": {"uv": [0.008, 0.008, 0.125, 0.05], "texture": "#1"}
			}
		},
		{
			"from": [6, 11, 7],
			"to": [7, 25, 8],
			"faces": {
				"north": {"uv": [3.225, 0.025, 3.025, 3.475], "texture": "#1"},
				"east": {"uv": [2.525, 0.025, 2.725, 3.475], "texture": "#1"},
				"south": {"uv": [3.025, 0.025, 3.225, 3.475], "texture": "#1"},
				"west": {"uv": [3.525, 0.025, 3.725, 3.475], "texture": "#1"},
				"up": {"uv": [0.008, 0.008, 0.242, 0.242], "texture": "#1"},
				"down": {"uv": [6.975, 0.525, 6.775, 0.725], "texture": "#1"}
			}
		},
		{
			"from": [6, 25, 7],
			"to": [7, 30, 8],
			"rotation": {"angle": 0, "axis": "y", "origin": [16, 0, 0]},
			"faces": {
				"north": {"uv": [4.225, 3.025, 4.025, 4.225], "texture": "#1", "cullface": "up"},
				"east": {"uv": [4.025, 1.525, 4.225, 2.725], "texture": "#1", "cullface": "up"},
				"south": {"uv": [4.025, 3.025, 4.225, 4.225], "texture": "#1", "cullface": "up"},
				"west": {"uv": [4.525, 0.025, 4.725, 1.225], "texture": "#1", "cullface": "up"},
				"up": {"uv": [6.975, 1.225, 6.775, 1.025], "texture": "#1", "cullface": "up"},
				"down": {"uv": [0.242, 0.008, 0.008, 0.242], "texture": "#1"}
			}
		},
		{
			"from": [6, 29.6, 7.1],
			"to": [7, 31, 7.9],
			"rotation": {"angle": -22.5, "axis": "z", "origin": [6.5, 29.5, 7.5]},
			"faces": {
				"north": {"uv": [4.225, 6.025, 4.025, 6.375], "texture": "#1", "cullface": "up"},
				"east": {"uv": [6.275, 3.275, 6.4375, 3.625], "texture": "#1", "cullface": "up"},
				"south": {"uv": [4.025, 6.025, 4.225, 6.375], "texture": "#1", "cullface": "up"},
				"west": {"uv": [3.525, 6.275, 3.6875, 6.625], "texture": "#1", "cullface": "up"},
				"up": {"uv": [3.725, 7.1875, 3.525, 7.025], "texture": "#1", "cullface": "up"},
				"down": {"uv": [5.725, 7.025, 5.525, 7.1875], "texture": "#1", "cullface": "up"}
			}
		},
		{
			"from": [8, 25, 7],
			"to": [9, 30, 8],
			"rotation": {"angle": 0, "axis": "y", "origin": [-1, 0, 0]},
			"faces": {
				"north": {"uv": [4.225, 4.525, 4.025, 5.725], "texture": "#1", "cullface": "up"},
				"east": {"uv": [4.525, 3.025, 4.725, 4.225], "texture": "#1", "cullface": "up"},
				"south": {"uv": [4.025, 4.525, 4.225, 5.725], "texture": "#1", "cullface": "up"},
				"west": {"uv": [4.525, 4.525, 4.725, 5.725], "texture": "#1", "cullface": "up"},
				"up": {"uv": [6.975, 1.725, 6.775, 1.525], "texture": "#1", "cullface": "up"},
				"down": {"uv": [0.008, 0.008, 0.242, 0.242], "texture": "#1"}
			}
		},
		{
			"from": [7, 30.6, 7.2],
			"to": [8, 31.4, 7.8],
			"rotation": {"angle": 0, "axis": "z", "origin": [6.5, 29.5, 7.5]},
			"faces": {
				"north": {"uv": [6.725, 7.025, 6.525, 7.1875], "texture": "#1", "cullface": "up"},
				"east": {"uv": [6.025, 7.525, 6.125, 7.6875], "texture": "#1", "cullface": "up"},
				"south": {"uv": [6.525, 7.025, 6.725, 7.1875], "texture": "#1", "cullface": "up"},
				"west": {"uv": [7.525, 6.275, 7.625, 6.4375], "texture": "#1", "cullface": "up"},
				"up": {"uv": [3.225, 7.625, 3.025, 7.525], "texture": "#1", "cullface": "up"},
				"down": {"uv": [3.725, 7.525, 3.525, 7.625], "texture": "#1", "cullface": "up"}
			}
		},
		{
			"from": [5.7, 13, 7.4],
			"to": [6.3, 29.9, 7.6],
			"rotation": {"angle": 0, "axis": "y", "origin": [16, 0, 0]},
			"faces": {
				"north": {"uv": [0.025, 3.775, 0.125, 7.975], "texture": "#1"},
				"east": {"uv": [0.05, 0.008, 0.1, 4.258], "texture": "#1"},
				"south": {"uv": [0.525, 3.775, 0.625, 7.975], "texture": "#1"},
				"west": {"uv": [5.025, 0.025, 5.0625, 4.225], "texture": "#1"},
				"up": {"uv": [4.625, 8.3125, 4.525, 8.275], "texture": "#1", "cullface": "up"},
				"down": {"uv": [8.375, 4.525, 8.275, 4.5625], "texture": "#1"}
			}
		},
		{
			"from": [8.7, 13, 7.4],
			"to": [9.3, 29.9, 7.6],
			"rotation": {"angle": 0, "axis": "y", "origin": [16, 0, 0]},
			"faces": {
				"north": {"uv": [1.025, 3.775, 1.125, 7.975], "texture": "#1"},
				"east": {"uv": [5.025, 4.525, 5.0625, 8.725], "texture": "#1"},
				"south": {"uv": [1.525, 3.775, 1.625, 7.975], "texture": "#1"},
				"west": {"uv": [0.05, 0.008, 0.1, 4.258], "texture": "#1"},
				"up": {"uv": [8.375, 5.0625, 8.275, 5.025], "texture": "#1", "cullface": "up"},
				"down": {"uv": [5.625, 8.275, 5.525, 8.3125], "texture": "#1"}
			}
		},
		{
			"from": [8, 29.6, 7.1],
			"to": [9, 31, 7.9],
			"rotation": {"angle": 22.5, "axis": "z", "origin": [8.5, 29.5, 7.5]},
			"faces": {
				"north": {"uv": [6.475, 1.525, 6.275, 1.875], "texture": "#1", "cullface": "up"},
				"east": {"uv": [6.275, 4.025, 6.4375, 4.375], "texture": "#1", "cullface": "up"},
				"south": {"uv": [6.275, 1.525, 6.475, 1.875], "texture": "#1", "cullface": "up"},
				"west": {"uv": [6.275, 4.775, 6.4375, 5.125], "texture": "#1", "cullface": "up"},
				"up": {"uv": [7.225, 6.6875, 7.025, 6.525], "texture": "#1", "cullface": "up"},
				"down": {"uv": [7.225, 7.025, 7.025, 7.1875], "texture": "#1", "cullface": "up"}
			}
		},
		{
			"from": [3.4, 9.3, 7.5],
			"to": [3.9, 9.9, 7.5],
			"rotation": {"angle": 0, "axis": "y", "origin": [16, 0, 0]},
			"faces": {
				"north": {"uv": [7.525, 7.775, 7.625, 7.875], "texture": "#1"},
				"east": {"uv": [0, 0.008, -0.008, 0.15], "texture": "#1"},
				"south": {"uv": [2.525, 8.025, 2.625, 8.125], "texture": "#1"},
				"west": {"uv": [0, 0.008, -0.008, 0.15], "texture": "#1"},
				"up": {"uv": [0.125, 0.008, 0.242, 0], "texture": "#1"},
				"down": {"uv": [0.125, 0.008, 0.242, 0], "texture": "#1"}
			}
		},
		{
			"from": [6.9, 11.3, 6.9],
			"to": [8.1, 12.1, 8.1],
			"faces": {
				"north": {"uv": [6.775, 5.525, 7.0625, 5.6875], "texture": "#1"},
				"east": {"uv": [6.775, 6.025, 7.0625, 6.1875], "texture": "#1"},
				"south": {"uv": [7.025, 2.025, 7.3125, 2.1875], "texture": "#1"},
				"west": {"uv": [7.025, 2.525, 7.3125, 2.6875], "texture": "#1"},
				"up": {"uv": [3.0625, 5.8125, 2.775, 5.525], "texture": "#1"},
				"down": {"uv": [5.8125, 2.775, 5.525, 3.0625], "texture": "#1"}
			}
		},
		{
			"from": [7.1, 12.1, 7.1],
			"to": [7.9, 12.2, 7.9],
			"faces": {
				"north": {"uv": [7.025, 8.025, 7.1875, 8.0625], "texture": "#1"},
				"east": {"uv": [8.025, 7.025, 8.1875, 7.0625], "texture": "#1"},
				"south": {"uv": [8.025, 7.525, 8.1875, 7.5625], "texture": "#1"},
				"west": {"uv": [8.025, 8.025, 8.1875, 8.0625], "texture": "#1"},
				"up": {"uv": [7.4375, 1.6875, 7.275, 1.525], "texture": "#1"},
				"down": {"uv": [0.008, 0.008, 0.2, 0.2], "texture": "#1"}
			}
		},
		{
			"from": [7.1, 11.2, 7.1],
			"to": [7.9, 11.4, 7.9],
			"faces": {
				"north": {"uv": [0.025, 8.275, 0.1875, 8.3125], "texture": "#1"},
				"east": {"uv": [8.275, 0.025, 8.4375, 0.0625], "texture": "#1"},
				"south": {"uv": [0.525, 8.275, 0.6875, 8.3125], "texture": "#1"},
				"west": {"uv": [8.275, 0.525, 8.4375, 0.5625], "texture": "#1"},
				"up": {"uv": [0.008, 0.008, 0.2, 0.2], "texture": "#1"},
				"down": {"uv": [2.6875, 7.525, 2.525, 7.6875], "texture": "#1"}
			}
		},
		{
			"from": [9, 10, 7.4],
			"to": [9.6, 12, 7.6],
			"faces": {
				"north": {"uv": [2.025, 6.775, 2.125, 7.225], "texture": "#1"},
				"east": {"uv": [4.025, 7.525, 4.0625, 7.975], "texture": "#1"},
				"south": {"uv": [2.525, 6.775, 2.625, 7.225], "texture": "#1"},
				"west": {"uv": [4.525, 7.525, 4.5625, 7.975], "texture": "#1"},
				"up": {"uv": [7.625, 8.3125, 7.525, 8.275], "texture": "#1"},
				"down": {"uv": [2.125, 8.525, 2.025, 8.5625], "texture": "#1"}
			}
		},
		{
			"from": [7.2, 11.1, 7.3],
			"to": [7.8, 11.2, 7.7],
			"faces": {
				"north": {"uv": [2.525, 8.525, 2.625, 8.5625], "texture": "#1"},
				"east": {"uv": [3.025, 8.525, 3.125, 8.5625], "texture": "#1"},
				"south": {"uv": [3.525, 8.525, 3.625, 8.5625], "texture": "#1"},
				"west": {"uv": [8.525, 5.525, 8.625, 5.5625], "texture": "#1"},
				"up": {"uv": [0.008, 0.008, 0.15, 0.15], "texture": "#1"},
				"down": {"uv": [3.125, 8.025, 3.025, 8.125], "texture": "#1"}
			}
		},
		{
			"from": [9.6, 9.3, 7.5],
			"to": [10.1, 11.3, 7.5],
			"faces": {
				"north": {"uv": [3.025, 6.775, 3.125, 7.225], "texture": "#1"},
				"east": {"uv": [0.008, 0.008, 0, 0.492], "texture": "#1"},
				"south": {"uv": [6.775, 3.275, 6.875, 3.725], "texture": "#1"},
				"west": {"uv": [0.008, 0.008, 0, 0.492], "texture": "#1"},
				"up": {"uv": [0.008, 0.008, 0.125, 0], "texture": "#1"},
				"down": {"uv": [0.008, 0.008, 0.125, 0], "texture": "#1"}
			}
		},
		{
			"from": [10.1, 9.1, 7.5],
			"to": [10.6, 10.3, 7.5],
			"faces": {
				"north": {"uv": [7.275, 0.025, 7.375, 0.3125], "texture": "#1"},
				"east": {"uv": [0.008, 0.008, 0, 0.3], "texture": "#1"},
				"south": {"uv": [7.275, 0.775, 7.375, 1.0625], "texture": "#1"},
				"west": {"uv": [0.008, 0.008, 0, 0.3], "texture": "#1"},
				"up": {"uv": [0.008, 0.008, 0.125, 0], "texture": "#1"},
				"down": {"uv": [0.008, 0.008, 0.125, 0], "texture": "#1"}
			}
		},
		{
			"from": [10.6, 9.1, 7.5],
			"to": [11.1, 9.7, 7.5],
			"faces": {
				"north": {"uv": [3.525, 8.025, 3.625, 8.125], "texture": "#1"},
				"east": {"uv": [0.008, 0.008, 0, 0.15], "texture": "#1"},
				"south": {"uv": [8.025, 5.525, 8.125, 5.625], "texture": "#1"},
				"west": {"uv": [0.008, 0.008, 0, 0.15], "texture": "#1"},
				"up": {"uv": [0.008, 0.008, 0.125, 0], "texture": "#1"},
				"down": {"uv": [0.008, 0.008, 0.125, 0], "texture": "#1"}
			}
		},
		{
			"from": [11.1, 9.3, 7.5],
			"to": [11.6, 9.9, 7.5],
			"faces": {
				"north": {"uv": [6.025, 8.025, 6.125, 8.125], "texture": "#1"},
				"east": {"uv": [0.008, 0.008, 0, 0.15], "texture": "#1"},
				"south": {"uv": [8.025, 6.025, 8.125, 6.125], "texture": "#1"},
				"west": {"uv": [0.008, 0.008, 0, 0.15], "texture": "#1"},
				"up": {"uv": [0.008, 0.008, 0.125, 0], "texture": "#1"},
				"down": {"uv": [0.008, 0.008, 0.125, 0], "texture": "#1"}
			}
		},
		{
			"from": [5.4, 10, 7.4],
			"to": [6, 12, 7.6],
			"rotation": {"angle": 0, "axis": "y", "origin": [16, 0, 0]},
			"faces": {
				"north": {"uv": [4.025, 6.775, 4.125, 7.225], "texture": "#1"},
				"east": {"uv": [5.525, 7.525, 5.5625, 7.975], "texture": "#1"},
				"south": {"uv": [6.775, 4.025, 6.875, 4.475], "texture": "#1"},
				"west": {"uv": [7.525, 5.525, 7.5625, 5.975], "texture": "#1"},
				"up": {"uv": [6.125, 8.5625, 6.025, 8.525], "texture": "#1"},
				"down": {"uv": [8.625, 6.025, 8.525, 6.0625], "texture": "#1"}
			}
		},
		{
			"from": [4.9, 9.3, 7.5],
			"to": [5.4, 11.3, 7.5],
			"rotation": {"angle": 0, "axis": "y", "origin": [16, 0, 0]},
			"faces": {
				"north": {"uv": [4.525, 6.775, 4.625, 7.225], "texture": "#1"},
				"east": {"uv": [0, 0.008, -0.008, 0.492], "texture": "#1"},
				"south": {"uv": [6.775, 4.775, 6.875, 5.225], "texture": "#1"},
				"west": {"uv": [0, 0.008, -0.008, 0.492], "texture": "#1"},
				"up": {"uv": [0.125, 0.008, 0.242, 0], "texture": "#1"},
				"down": {"uv": [0.125, 0.008, 0.242, 0], "texture": "#1"}
			}
		},
		{
			"from": [4.4, 9.1, 7.5],
			"to": [4.9, 10.3, 7.5],
			"rotation": {"angle": 0, "axis": "y", "origin": [16, 0, 0]},
			"faces": {
				"north": {"uv": [7.275, 3.025, 7.375, 3.3125], "texture": "#1"},
				"east": {"uv": [0, 0.008, -0.008, 0.3], "texture": "#1"},
				"south": {"uv": [7.275, 3.775, 7.375, 4.0625], "texture": "#1"},
				"west": {"uv": [0, 0.008, -0.008, 0.3], "texture": "#1"},
				"up": {"uv": [0.125, 0.008, 0.242, 0], "texture": "#1"},
				"down": {"uv": [0.125, 0.008, 0.242, 0], "texture": "#1"}
			}
		},
		{
			"from": [3.9, 9.1, 7.5],
			"to": [4.4, 9.7, 7.5],
			"rotation": {"angle": 0, "axis": "y", "origin": [16, 0, 0]},
			"faces": {
				"north": {"uv": [6.525, 8.025, 6.625, 8.125], "texture": "#1"},
				"east": {"uv": [0, 0.008, -0.008, 0.15], "texture": "#1"},
				"south": {"uv": [8.025, 6.525, 8.125, 6.625], "texture": "#1"},
				"west": {"uv": [0, 0.008, -0.008, 0.15], "texture": "#1"},
				"up": {"uv": [0.125, 0.008, 0.242, 0], "texture": "#1"},
				"down": {"uv": [0.125, 0.008, 0.242, 0], "texture": "#1"}
			}
		},
		{
			"from": [6.9, 13.9, 6.9],
			"to": [8.1, 15.1, 8.1],
			"faces": {
				"north": {"uv": [5.525, 3.525, 5.8125, 3.8125], "texture": "#1"},
				"east": {"uv": [5.525, 4.275, 5.8125, 4.5625], "texture": "#1"},
				"south": {"uv": [5.525, 5.025, 5.8125, 5.3125], "texture": "#1"},
				"west": {"uv": [5.525, 5.775, 5.8125, 6.0625], "texture": "#1"},
				"up": {"uv": [6.3125, 0.3125, 6.025, 0.025], "texture": "#1"},
				"down": {"uv": [6.3125, 0.775, 6.025, 1.0625], "texture": "#1"}
			}
		}
	],
	"display": {
		"thirdperson_righthand": {
			"rotation": [0, 90, 0],
			"translation": [0.5, 0.25, 0.25]
		},
		"thirdperson_lefthand": {
			"rotation": [0, 90, 0],
			"translation": [0.5, 0.25, 1.25]
		},
		"firstperson_righthand": {
			"rotation": [0, 90, 0],
			"translation": [0.5, 0.25, 0.25]
		},
		"firstperson_lefthand": {
			"rotation": [0, 90, 0],
			"translation": [0.5, 0.25, 0.25]
		},
		"gui": {
			"rotation": [0, 0, -39.25],
			"translation": [-2.75, -4.25, 0],
			"scale": [0.6, 0.6, 0.6]
		},
		"head": {
			"rotation": [0, -92, 66],
			"translation": [0, 0, 10]
		},
		"fixed": {
			"translation": [0.5, -4, 0],
			"scale": [0.5, 0.5, 0.5]
		}
	},
	"groups": [
		{
			"name": "sword",
			"origin": [0, 0, 0],
			"color": 0,
			"children": [0, 1, 2, 3, 4, 5, 6, 7, 8, 9, 10, 11, 12, 13, 14, 15, 16, 17, 18, 19, 20, 21, 22, 23, 24, 25, 26, 27, 28, 29, 30, 31, 32]
		}
	]
}