{
	"credit": "Made by NANIII",
	"texture_size": [64, 64],
	"textures": {
		"0": "naniii/warrior_sword",
		"particle": "naniii/warrior_sword"
	},
	"elements": [
		{
			"from": [8.1, 5.25, 4.75],
			"to": [8.9, 6, 10.25],
			"rotation": {"angle": 0, "axis": "y", "origin": [8.5, 12.04861, 7.5]},
			"faces": {
				"north": {"uv": [6.258, 3.008, 6.492, 3.1875], "texture": "#0"},
				"east": {"uv": [5.008, 5.008, 6.375, 5.1875], "texture": "#0"},
				"south": {"uv": [6.492, 3.008, 6.258, 3.1875], "texture": "#0"},
				"west": {"uv": [6.375, 5.008, 5.008, 5.1875], "texture": "#0"},
				"up": {"uv": [5.242, 1.375, 5.008, 0.008], "texture": "#0"},
				"down": {"uv": [5.242, 1.758, 5.008, 3.125], "texture": "#0"}
			}
		},
		{
			"from": [8.25, 0, 7],
			"to": [8.75, 27, 8],
			"rotation": {"angle": 0, "axis": "y", "origin": [8.5, 12.04861, 7.5]},
			"faces": {
				"north": {"uv": [3.625, 0.008, 3.508, 6.742], "texture": "#0"},
				"east": {"uv": [2.742, 0.008, 2.508, 6.742], "texture": "#0"},
				"south": {"uv": [3.508, 0.008, 3.625, 6.742], "texture": "#0"},
				"west": {"uv": [2.508, 0.008, 2.742, 6.742], "texture": "#0"},
				"up": {"uv": [0.125, 6.742, 0.008, 6.508], "texture": "#0"}
			}
		},
		{
			"from": [8.5, 16, 5],
			"to": [8.5, 26, 6],
			"rotation": {"angle": 0, "axis": "y", "origin": [8.5, 12.04861, 7.5]},
			"faces": {
				"east": {"uv": [4.008, 2.758, 4.242, 5.242], "texture": "#0"},
				"west": {"uv": [4.242, 2.758, 4.008, 5.242], "texture": "#0"}
			}
		},
		{
			"from": [8.5, 5.5, 10],
			"to": [8.5, 7, 10.75],
			"rotation": {"angle": 0, "axis": "y", "origin": [8.5, 12.04861, 7.5]},
			"faces": {
				"east": {"uv": [4.6875, 6.258, 4.508, 6.625], "texture": "#0"},
				"west": {"uv": [4.508, 6.258, 4.6875, 6.625], "texture": "#0"}
			}
		},
		{
			"from": [8.5, 14, 10.5],
			"to": [8.5, 15, 11],
			"rotation": {"angle": 0, "axis": "y", "origin": [8.5, 12.04861, 7.5]},
			"faces": {
				"east": {"uv": [1.625, 6.508, 1.508, 6.742], "texture": "#0"},
				"west": {"uv": [1.508, 6.508, 1.625, 6.742], "texture": "#0"}
			}
		},
		{
			"from": [8.5, 7, 4.25],
			"to": [8.5, 8, 4.75],
			"rotation": {"angle": 0, "axis": "y", "origin": [8.5, 12.04861, 7.5]},
			"faces": {
				"east": {"uv": [6.508, 3.508, 6.625, 3.742], "texture": "#0"},
				"west": {"uv": [6.625, 3.508, 6.508, 3.742], "texture": "#0"}
			}
		},
		{
			"from": [8.5, 14, 4],
			"to": [8.5, 15, 4.5],
			"rotation": {"angle": 0, "axis": "y", "origin": [8.5, 12.04861, 7.5]},
			"faces": {
				"east": {"uv": [6.508, 5.508, 6.625, 5.742], "texture": "#0"},
				"west": {"uv": [6.625, 5.508, 6.508, 5.742], "texture": "#0"}
			}
		},
		{
			"from": [8.5, 7, 10.25],
			"to": [8.5, 8, 10.75],
			"rotation": {"angle": 0, "axis": "y", "origin": [8.5, 12.04861, 7.5]},
			"faces": {
				"east": {"uv": [6.625, 6.508, 6.508, 6.742], "texture": "#0"},
				"west": {"uv": [6.508, 6.508, 6.625, 6.742], "texture": "#0"}
			}
		},
		{
			"from": [8.5, 5.5, 5],
			"to": [8.5, 6.5, 10],
			"rotation": {"angle": 0, "axis": "y", "origin": [8.5, 12.04861, 7.5]},
			"faces": {
				"east": {"uv": [5.008, 3.508, 6.242, 3.742], "texture": "#0"},
				"west": {"uv": [6.242, 3.508, 5.008, 3.742], "texture": "#0"}
			}
		},
		{
			"from": [7.75, 0, 6.75],
			"to": [9.25, 1, 8.25],
			"rotation": {"angle": 0, "axis": "y", "origin": [8.5, 12.04861, 7.5]},
			"faces": {
				"north": {"uv": [5.508, 3.008, 5.875, 3.242], "texture": "#0"},
				"east": {"uv": [5.508, 3.008, 5.875, 3.242], "texture": "#0"},
				"south": {"uv": [5.508, 3.008, 5.875, 3.242], "texture": "#0"},
				"west": {"uv": [5.508, 3.008, 5.875, 3.242], "texture": "#0"},
				"up": {"uv": [4.875, 5.875, 4.508, 5.508], "texture": "#0"},
				"down": {"uv": [5.625, 5.508, 5.258, 5.875], "texture": "#0"}
			}
		},
		{
			"from": [8.5, 5.5, 4.25],
			"to": [8.5, 7, 5],
			"rotation": {"angle": 0, "axis": "y", "origin": [8.5, 12.04861, 7.5]},
			"faces": {
				"east": {"uv": [5.6875, 6.258, 5.508, 6.625], "texture": "#0"},
				"west": {"uv": [5.508, 6.258, 5.6875, 6.625], "texture": "#0"}
			}
		},
		{
			"from": [8.5, 10, 5],
			"to": [8.5, 13, 6],
			"rotation": {"angle": 0, "axis": "y", "origin": [8.5, 12.04861, 7.5]},
			"faces": {
				"east": {"uv": [5.508, 0.008, 5.742, 0.742], "texture": "#0"},
				"west": {"uv": [5.742, 0.008, 5.508, 0.742], "texture": "#0"}
			}
		},
		{
			"from": [8.5, 27.25, 6.75],
			"to": [8.5, 28, 8.25],
			"rotation": {"angle": 0, "axis": "y", "origin": [8.5, 12.04861, 7.5]},
			"faces": {
				"east": {"uv": [6.008, 0.758, 6.375, 1.0625], "texture": "#0"},
				"west": {"uv": [6.375, 0.758, 6.008, 1.0625], "texture": "#0"}
			}
		},
		{
			"from": [8.5, 11, 4],
			"to": [8.5, 14, 5],
			"rotation": {"angle": 0, "axis": "y", "origin": [8.5, 12.04861, 7.5]},
			"faces": {
				"east": {"uv": [1.008, 5.508, 1.242, 6.242], "texture": "#0"},
				"west": {"uv": [1.242, 5.508, 1.008, 6.242], "texture": "#0"}
			}
		},
		{
			"from": [8.5, 11, 10],
			"to": [8.5, 14, 11],
			"rotation": {"angle": 0, "axis": "y", "origin": [8.5, 12.04861, 7.5]},
			"faces": {
				"east": {"uv": [1.742, 5.508, 1.508, 6.242], "texture": "#0"},
				"west": {"uv": [1.508, 5.508, 1.742, 6.242], "texture": "#0"}
			}
		},
		{
			"from": [8.5, 10, 9],
			"to": [8.5, 13, 10],
			"rotation": {"angle": 0, "axis": "y", "origin": [8.5, 12.04861, 7.5]},
			"faces": {
				"east": {"uv": [4.242, 5.508, 4.008, 6.242], "texture": "#0"},
				"west": {"uv": [4.008, 5.508, 4.242, 6.242], "texture": "#0"}
			}
		},
		{
			"from": [8.5, 16, 9],
			"to": [8.5, 26, 10],
			"rotation": {"angle": 0, "axis": "y", "origin": [8.5, 12.04861, 7.5]},
			"faces": {
				"east": {"uv": [4.508, 2.758, 4.742, 5.242], "texture": "#0"},
				"west": {"uv": [4.742, 2.758, 4.508, 5.242], "texture": "#0"}
			}
		},
		{
			"from": [8.5, 6.5, 6],
			"to": [8.5, 27.25, 9],
			"rotation": {"angle": 0, "axis": "y", "origin": [8.5, 12.04861, 7.5]},
			"faces": {
				"east": {"uv": [1.008, 0.008, 1.742, 5.1875], "texture": "#0"},
				"west": {"uv": [1.742, 0.008, 1.008, 5.1875], "texture": "#0"}
			}
		}
	],
	"display": {
		"thirdperson_righthand": {
			"translation": [-0.25, 3, 1.25]
		},
		"thirdperson_lefthand": {
			"translation": [0.75, 3, 1.25]
		},
		"firstperson_righthand": {
			"translation": [0, 1.25, 0]
		},
		"firstperson_lefthand": {
			"translation": [0, 1.25, 0]
		},
		"gui": {
			"rotation": [0, 93, 0],
			"translation": [0.75, -3.25, 0],
			"scale": [0.55, 0.55, 0.55]
		},
		"head": {
			"rotation": [0, 0, -180],
			"translation": [0, 9.25, 0]
		},
		"fixed": {
			"rotation": [0, 93, 0],
			"translation": [0.75, -4, 0],
			"scale": [0.61, 0.61, 0.61]
		}
	},
	"groups": [
		{
			"name": "group",
			"origin": [0, 0, 0],
			"color": 0,
			"children": [0, 1, 2, 3, 4, 5, 6, 7, 8, 9, 10, 11, 12, 13, 14, 15, 16, 17]
		}
	]
}